Melyik volt Koncz Zsuzsa els‹ ”n ll¢ nagy sl gere?;Sz‹ke Anni ballad ja;Rohan az id‹;Sz¡nes ceruz k;Kis vir g;A;ZENE
Kiknek az ‚rdekeit k‚pviseli az UNICEF?;szakszervezetek;gyerekek; llatv‚d‹k;dolgoz¢k;B;µLTALµNOS
Mi volt a neve Paulina szerelm‚nek, Carlitos ‚desapj nak a Paula ‚s Paulina c¡mû sorozatban?;Paulinho;Carlos Daniel;Rodrigo;Zorro;B;µLTALµNOS
"Melyik h¡res popszt r sl gerei voltak a ""Bad"" illetve a ""Black Or White""?";Michael Jackson;Rod Stewart;George Michael;Elton John;A;ZENE
Ki az a h¡res amerikai kos rlabda-j t‚kos, aki az RTL Klub Zsoldosok c¡mû sorozat ban szerepel?;Jordan;Barkley;Rodman;Pippen;C;SPORT
Ki kompon lta a West Side Story c¡mû musical zen‚j‚t?;George Gershwin;Leonard Bernstein;Maurice Ravel;Nino Rota;B;ZENE
Melyik orsz g vall si ‚s politikai vezet‹je volt Komeini ajatollah?;Jord nia;Ir n;Irak;Sza£d-Ar bia;B;T™RTNELEM
Melyik v rosban l”tt‚k le John Lennont?;Los Angelesben;Londonban;New Yorkban;Liverpoolban;C;ZENE
Mi a s”rbet?;barnas”r-fajta;s”rt‚szta;s¢s s”rkorcsolya;‚des gym”lcsl‚;D;KONYHA
Mi Alb nia p‚nzneme?;leva;lej;lek;lwei;C;ORSZµGOK
Mivel tart¢s¡tanak a kand¡roz s sor n?;s¢val;ecettel;cukorral;szesszel;C;KONYHA
"Melyik Verdi-oper ban hangzik el ""Az asszony ingatag"" kezdetû  ria?";Otello;Don Carlos;Rigoletto;Traviata;C;OPERA
Kik k‚sz¡tettek el‹sz”r szak¢c t?;a fav g¢ c‚h inasai;az ‹semberek;a bakonyi bety rok;az apacsok;B;T™RTNELEM
Melyik orsz got nem ‚rinti a Duna?;Bulg ri t;Szlov‚ni t;Horv torsz got;Szlov ki t;B;F™LDRAJZ
"Melyik versben szerepel a ""sehonnai bitang ember""?";Himnusz;Nemzeti dal;Sz¢zat;Pat¢ P l £r;B;IRODALOM
Melyik mad r tud h trafel‚ is replni?;g¢lya;sas;galamb;kolibri;D;BIOLàGIA
Melyik ehet‹ r‚sz‚‚rt termesztik a brokkolit?;a sz r ‚rt;a level‚‚rt;a vir gzat ‚rt;a gy”k‚rt”rzs‚‚rt;C;KONYHA
Kinek a teremt‚s‚t  br zolja a Sixtus-k polna mennyezetfresk¢ja?;µd m;J kob;J¢zsef;No‚;A;VALLµS
Mi ‚rdekli azt az embert aki majolik kr¢l olvas?;a fûszerek;egy j t‚k;a b bmûv‚szet;a cser‚ped‚nyek;D;NYELV
Az al bbi hozz val¢k k”zl melyik nem kell a borscsba?;uborka;c‚kla;k poszta;paradicsom;A;KONYHA
Milyen gyûjtem‚ny a herb rium?;n”v‚ny;lepke;b‚lyeg;‚rme;A;NYELV
Ki volt az Omega egyttes els‹ dobosa?;Solti J nos;Debreceni Ferenc;Laux J¢zsef;N‚meth Oszk r;C;ZENE
Melyik nem n”v‚ny az al bbiak k”zl?;bogl rka;gy”ngyvir g;tiszavir g;csombor;C;BIOLàGIA
Az al bbiak k”zl melyiket nevezik bricsk nak?;vitorl s haj¢t;lovas kocsit;zsebk‚st;t‚rdnadr got;B;NYELV
Melyik fa levele l that¢ Kanada c¡mer‚ben?;juhar;t”lgy;gyerty n;ny¡r;A;ORSZµGOK
Melyik hangszer mûv‚sze volt R cz Alad r?;cimbalom;citera;cseleszta;klarin‚t;A;OPERA
Melyik orsz gban uralkodott a Napkir ly?;Franciaorsz g;Oroszorsz g;Ausztria;Spanyolorsz g;A;T™RTNELEM
Melyik oper t ¡rta Verdi a Szuezi-csatorna megnyit sa kapcs n?;a Rigolett¢t;az Otell¢t;a Traviat t;az Aid t;D;OPERA
Milyen hangszer k‚sz¡t‹jek‚nt v lt h¡ress‚ Stradivari?;zongora;git r;hegedû;nagyb‹g‹;C;OPERA
Az al bbiak k”zl ki vagy mi a laboda?;bûntet‹eszk”z;gyomn”v‚ny;a labdar£g¢ r‚giesen;‚nekesmad r;B;NYELV
Mit szeret az, aki kedveli az anagramm kat?;egy ¢kori versfajt t;egy ‚telkl”nlegess‚get;kisebb t rgyak gyûjt‚s‚t;nyelvi j t‚kokat;D;NYELV
Mit kapott az az ember, akinek sz‚pi t vittek aj nd‚kba?;mezei vir got;csokol d‚s stem‚nyt;tintahalat;eleg ns szeszes italt;C;NYELV
"Milyen gym”lcs ""a magyar narancs"" A tan£ c¡mû nagysikerû v¡gj t‚kban?";mandarin;grapefruit;citrom;t”k;C;FILM
Milyen  llatok l that¢k a Laok¢n-csoport nevû h¡res szobron?;sasok;k¡gy¢k;oroszl nok;farkasok;B;KPZŠMëVSZET
Melyik magyar labdar£g¢ klubcsapat szerezte addig a legt”bb bajnoks got?;Kispest Honv‚d;éjpest;Vasas;Ferencv ros;D;SPORT
Melyik az uralkod¢ vall s Indi ban?;hindu;buddhista;szikh;muzulm n;A;VALLµS
Melyik v ros modern ‚plete a Pompidou k”zpont?;Bordeaux;P rizs;Genf;Montreal;B;ORSZµGOK
Mi a neve Tarzan p rj nak?;Mary;Jill;Jane;Eve;C;FILM
Milyen  llat nyelte le J¢n st a Bibli ban?;v¡zil¢;krokodil;cethal;oroszl n;C;VALLµS
"Kinek a reg‚ny‚b‹l k‚szlt a ""La Mancha lovagja"" c¡mû musical?";Victor Hugo;Cervantes;Boccaccio;Dickens;B;IRODALOM
Hogy nevezi az ut¢kor Blaha Lujz t?;az avoni hatty£;a legdalosabb magyar;a nemzet csalog nya;a nagyasszony;C;SZÖNHµZ
H ny magyar kir lyt avattak szentt‚?;egyet;kett‹t;h rmat;n‚gyet;B;T™RTNELEM
Melyik m‚retet nem adj k meg a n‹i konfekci¢ruh kon?;der‚kb‹s‚g;cs¡p‹b‹s‚g;mellb‹s‚g;v llsz‚less‚g;D;µLTALµNOS
Melyik a F”ld leghosszabb foly¢ja?;Jangce;N¡lus;Mississippi;Amazonas;B;F™LDRAJZ
A Biblia szerint h ny nap alatt teremtette az ér a vil got?;t¡z;hat;h‚t;h rom;B;VALLµS
"Melyik rock-oper ban ‚neklik, hogy ""Ringasd el magad!""?";A nyomorultak;K‚pzelt riport ...;Istv n, a kir ly;Szt rcsin l¢k;B;ZENE
Milyen ciklusokban v ltakoznak az  llat”vi jegyek a k¡nai asztrol¢gi ban?;havonta;h rom hetente;‚vente;‚vtizedenk‚nt;C;µLTALµNOS
Mire haszn lj k a kaucsukfa tejnedv‚t?;d¡t‹ital k‚sz¡t‚s‚re;gumigy rt sra; llatok etet‚s‚re;pap¡rgy rt sra;B;TECHNIKA
Kik hordtak r‚gen kakastollas fejfed‹t?;tûzolt¢k;bety rok;csend‹r”k;orvosok;C;µLTALµNOS
Hogy nevezik a cselg ncsban a hagyom nyos kzd‹sz‹nyeget?;cukahara;cunami;tatami;ikebana;C;SPORT
Kit neveztek  rv¡zi haj¢snak?;Vasv ri P lt;No‚t;Sz‚chenyi Istv nt;Wessel‚nyi Mikl¢st;D;T™RTNELEM
"Kit szeretett ""forr¢n"" Tony Curtis az 1959-es h¡res v¡gj t‚kban?";Ava Gardnert;Doris Dayt;Marilyn Monroe-t;Anita Ekberget;C;FILM
Ki k‚sz¡tette a firenzei D vid szobrot?;Michelangelo;Leonardo;Amerigo Tot;Caravaggio;A;KPZŠMëVSZET
Melyik kos rlabdacsapatban kezdte NBA-beli szerepl‚s‚t D vid Korn‚l?;Utah Jazz;Los Angeles Lakers;Chicago Bulls;Orlando Magic;C;SPORT
Hogy nevezik a sakkban a kir ly ‚s a b stya speci lis helycser‚ly‚t?;koron z s;ostrom;kit”r‚s;s ncol s;D;JµTK
Mi volt a h¡res konstantin polyi b”rt”n, a H‚ttorony t”r”k neve?;Bastille;Tower;Jedikule;Kutikula;C;T™RTNELEM
"H ny t‚st szabad vinnie az ultiban annak, aki ""betlit"" v llal?";mindet;csak az utols¢t;egyet sem;csak a kezd‹t;C;JµTK
Az al bbiak k”zl melyik anyag k‚szl vulkaniz l ssal?;gumi;ac‚l;alum¡nium;veg;A;TECHNIKA
Melyik anyag fagy s- ‚s forr spontja k”z”tt osztotta be h‹m‚rs‚kleti sk l j t Anders Celsius?;higany;olaj;alkohol;v¡z;D;TUDOMµNY
Mit jelent magyarul Buenos Aires neve?;isten hozott;j¢ napot k¡v nok;j¢ szelek;sz‚p kil t s;C;NYELV
Mit csin l az, aki install l?;bocs natot k‚r;nyelvtanul sra ”szt”n”z;sz m¡t¢g‚pprogramot telep¡t;repl‹g‚pet ir ny¡t;C;µLTALµNOS
Ki az egyetlen aranylad s magyar focista?;Pusk s Ferenc;Albert Fl¢ri n;Bozsik J¢zsef;D‚t ri Lajos;B;SPORT
Melyik fogai hosszabodtak meg az ‹skorban ‚lt kardfog£ tigrisnek?;a metsz‹fogai;a szemfogai;az ‹rl‹fogai;a z pfogai;B;BIOLàGIA
Hol volt a v‚g llom sa az els‹, Pestr‹l indul¢ g‹zzemû vas£tvonalnak?;Sz‚kesfeh‚rv ron;V con;Nagymaroson;Bud n;B;µLTALµNOS
Melyik magyar ¡r¢ visszat‚r‹ h‹se Szindb d?;M¢ricz Zsigmond;Kr£dy Gyula;J¢kai M¢r;G rdonyi G‚za;B;IRODALOM
Melyik v ros vil gh¡rû m£zeuma a Zwinger?;Potsdam;Berlin;Lipcse;Drezda;D;ORSZµGOK
Melyik Budapest legmagasabb hegye?;a H rmashat r-hegy;a J nos-hegy;a Gell‚rt-hegy;a Szabads g-hegy;B;F™LDRAJZ
"Milyen eredetû a ""koll‚gium"" j”vev‚nyszavunk?";n‚met;francia;latin;szl v;C;NYELV
Az al bbiak k”zl melyik elnevez‚s fedi a kukoric t?;k¢tyonfitty;nyzge;m l‚;lty‹;C;NYELV
Mire haszn lt k a rokk t?;k”t‚lver‚sre;sz”v‚sre;fon sra;mos sra;C;TECHNIKA
Melyik orsz g iraki megsz ll sa miatt t”rt ki az ™b”l-h bor£ 1991-ben?;Arab Em¡rs‚gek;Kuvait;Katar;Om n;B;T™RTNELEM
Melyik Beatles-tag feles‚ge volt Yoko Ono?;Paul McCartney;John Lennon;Ringo Starr;George Harrison;B;ZENE
Mi a konyhas¢ k‚miai neve?;alum¡nium-nitr t;hidrog‚n-klorid;n trium-szulf t;n trium-klorid;D;TUDOMµNY
Melyik orsz g kapta nev‚t az Egyenl¡t‹r‹l?;Kenya;Malajzia;Ecuador;Uganda;C;ORSZµGOK
"Melyik olimpi n hangzott el ez a h¡res mondat: ""Az olimpi nak folytat¢dnia kell!""?";a moszkvai olimpi n;a mncheni olimpi n;a Los Angeles-i olimpi n;az atlantai olimpi n;B;SPORT
Hogyan szok s nevezni a XIX. sz zadi porosz politikust, Bismarckot?;Ac‚lminiszter;Vaskancell r;Vasmark£;Ac‚ltorku;B;T™RTNELEM
Melyik tengeren keltek  t a zsid¢k Egyiptomb¢l meneklve?;Fekete-tenger;Holt-tenger;F”ldk”zi-tenger;V”r”s-tenger;D;VALLµS
Ki ‚rkezik T¢t‚khoz ™rk‚ny Istv n mûv‚ben?;egy dobozgy ros;egy amerikai rokon;egy ad¢ellen‹r;egy ‹rnagy;D;IRODALOM
Melyik nem a h‚t magyar t”rzs egyike az al bbiak k”zl?;Jen‹;Ny‚k;Megyer;Beseny‹;D;T™RTNELEM
Melyik n‚v nem ugyanazt a v rost jel”li?;Konstantin poly;Isztambul;Biz nc;Bagdad;D;F™LDRAJZ
Hogyan nevezik a k”z‚pkori k¢dexek d¡szes kezd‹betûit?;bulla;szkriptor;inici l‚;marg¢;C;T™RTNELEM
Milyen betegs‚ggel hozhat¢ ”sszefgg‚sbe Szent Bal zs neve?;torokgy¡k;kanyar¢;gyermekb‚nul s;skarl t;A;BIOLàGIA
Az al bbiak k”zl melyikkel foglalkoznak az akvarist k?;v¡zfestm‚nyek k‚sz¡t‚s‚vel;k”nyvritkas gok gyûjt‚s‚vel;d¡szhalak teny‚szt‚s‚vel;r‚gi t rgyak gyûjt‚s‚vel;C;µLTALµNOS
Kik hordj k a sz rit?;buddhista szerzetesek;maori ‹slak¢k;indiai n‹k;k¡nai f”ldmûvesek;C;µLTALµNOS
Ki k”zvet¡tette a legend s 6:3-as magyar-angol futballm‚rk‹z‚st?;Vitray Tam s;Komj thy Gy”rgy;Szepesi Gy”rgy;Ipper P l;C;SPORT
Melyik mondat fejezi ki azt, hogy valaki csak tetteti a bûnb natot?;L that¢an megb nta bûneit;L that¢lag megb nta bûneit;L tszik, hogy megb nta bûneit;L tsz¢lag megb nta bûneit;D;NYELV
Melyik orsz g dikt tora volt Augusto Pinochet?;Argent¡na;Paraguay;Kuba;Chile;D;T™RTNELEM
Milyen d¡jjal jutalmazz k a legjobb filmet a cannes-i filmfesztiv lon?;Arany C‚drus;Arany Medve;Arany P lma;Arany Gl¢busz;C;FILM
Melyik sz¢t ¡rtuk le helytelenl?;kilogramm;monogram;autogramm;diagram;C;NYELV
"Minek ""asszony a neve"" Hamlet szerint?";zs‚mbess‚g;gyarl¢s g;bujas g;hi£s g;B;IRODALOM
Kit lestek meg a v‚nek frd‹z‚s k”zben a Biblia szerint?;Zsuzsann t;Sal¢m‚t;Esztert;Juditot;A;VALLµS
Ki volt a XVIII. sz zad v‚g‚n indul¢ nyelv£j¡t¢ mozgalom vez‚ralakja?;P zm ny P‚ter;Mikes Kelemen;Kazinczy Ferenc;Bats nyi J nos;C;NYELV
Gyalogosok z rt csoportja hol nem haladhat temes l‚p‚sben a KRESZ szerint?;alulj r¢ban;vas£ti  tj r¢n;h¡don;£ttesten;C;µLTALµNOS
Melyik stadionban k”vetkezett be a 39  ldozatot k”vetel‹ trag‚dia 1985-ben, a BEK-d”nt‹n?;a brsszeli Heysel-stadionban;a mncheni Olimiai Stadionban;az amszterdami Ajax-stadionban;a b‚csi Pr terben;A;SPORT
Melyik vil gh¡rû festm‚ny viseli a Gioconda nevet is?;Renoir: Az olvas¢ n‹;Goya: Meztelen Maya;Leonardo: Mona Lisa;Szinyei: A lilaruh s n‹;C;KPZŠMëVSZET
Melyik t”rt‚nelmi esem‚ny tisztelet‚re ‚p¡tett‚k a budapesti H‹s”k ter‚n  ll¢ szoborcsoportot?;tat rj r s;honfoglal s;muhi csata;v‚rszerz‹d‚s;B;T™RTNELEM
Melyik Beethoven egyetlen oper ja?;Fidelio;Rigoletto;A var zsfuvola;Prom‚theusz;A;OPERA
Ki eszik a zs km nyb¢l legel‹sz‹r egy oroszl nfalk ban?;a vez‚rh¡m;a k”ly”kh¡m;a vez‚rn‹st‚ny;a k”ly”kn‹st‚ny;A;BIOLàGIA
Melyik it liai v ros llamot ir ny¡tott k a d¢zs‚k?;Velenc‚t;Firenz‚t;N polyt;R¢m t;A;T™RTNELEM
Ki nem volt a k‹sz¡vû ember fia?;™d”n;Rich rd;Ott¢;Jen‹;C;IRODALOM
Mi a neve a finn n‚pi eposz, a Kalevala f‹szerepl‹j‚nek?;Mika Waltari;Mauno Koivisto;Vejnem”jnen;Paavo Nurmi;C;IRODALOM
Melyik a legnagyobb testû macskafaj?;oroszl n;szib‚riai tigris;p rduc;hi£z;B;BIOLàGIA
Ki nem volt Erd‚ly fejedelme?;II. R k¢czi Gy”rgy;Bethlen G bor;Botty n J nos;B thory Zsigmond;C;T™RTNELEM
"Ki ”r”k¡tette meg Lady Diana eml‚k‚t ""Gyerty k a sz‚lben"" c¡mû dal val?";Mick Jagger;Elton John;Rod Stewart;Paul McCartney;B;ZENE
Az al bbi n”v‚nyek k”zl melyik a m k rokona?;pipacs;tulip n;musk tli;liliom;A;BIOLàGIA
Milyen baromfi a kappan?;h¡m liba;n‹st‚ny kacsa;her‚lt kakas;keveset toj¢ ty£k;C;BIOLàGIA
Mit gy rtottak a bogn rok?;patk¢kat;kerekeket;cip¢t;p link t;B;µLTALµNOS
Milyen sz¡nû orsz gos turistajelz‚s halad v‚gig haz nk hegys‚gein?;k‚k;s rga;piros;z”ld;A;µLTALµNOS
Hov  ‚p¡tenek egy manz rdszob t?;az alagsorba;a f”ldszintre;a f‚lemeletre;a tet‹t‚rbe;D;µLTALµNOS
Mi a neve a Georges Simenon reg‚nyeib‹l ismert felgyel‹nek?;Poirot;Columbo;Maigret;Derrick;C;IRODALOM
Ki az, akit az egri remetek‚nt szok s emlegetni?;Szent Gell‚rt;G rdonyi G‚za;Dob¢ Istv n;Berzsenyi D niel;B;µLTALµNOS
Melyik k‚t foly¢ ment‚n alakult ki a mezopot miai kult£ra?;Tigris ‚s Eufr tesz;Indus ‚s Gangesz;Jangce ‚s Hoang-ho;N¡lus ‚s Kagera;A;T™RTNELEM
"Melyik filmben szerepel a ""Villa Negra""?";A tizedes meg a t”bbiek;Eg‚szs‚ges erotika;Hatty£dal;Pacsirta;C;FILM
Kit tal lnak holtan a radv nyi s”t‚t erd‹ben Arany ballad j ban?;Kund Abig‚lt;B rczi Ben‹t;Szondi k‚t apr¢dj t;Z ch Kl r t;B;IRODALOM
Milyen n‹i ruhadarab volt a m¡der?;er‚ny”v;selyembugyi;fûz‹;t‚rdharisnya;C;µLTALµNOS
Az al bbiak k”zl kit vagy mit neveznek bajad‚rnak?;‹szl‹ bajuszt;t‚li csapad‚kot;indiai t ncosn‹t;bajai menyecsk‚t;C;NYELV
Mit tesz a c¡m szerint Piszkos Fred Flig Jimmy ‹szinte sajn lat ra?;pofozkodik;visszat‚r;k”zbel‚p;olajra l‚p;C;IRODALOM
Melyik vitamin hi nya okoz skorbutot?;C vitamin;D vitamin;A vitamin;E vitamin;A;BIOLàGIA
Melyik  llatfajnak nem lehet el‹tagja az ang¢ra?;kecske;macska;ny£l;nyest;D;BIOLàGIA
Hol ‚lnek a r‚nszarvasok?;az es‹erd‹kben;a szavann kon;az szaki sarkk”r t j n;a D‚li sarkk”r t j n;C;BIOLàGIA
Melyik ismert vadnyugati reg‚ny szerepl‹je Old Shatterhand?;Az utols¢ mohik n;Winnetou;B‹rharisnya;Vad”l‹;B;IRODALOM
Mib‹l k‚szl a puliszka?;b£zadar b¢l;rozslisztb‹l;kukoricalisztb‹l;finomlisztb‹l;C;KONYHA
A k”z‚pkorra jellemz‹ t rsadalmi rendet feudalizmusnak nevezzk. Mi volt a feudum?;ad¢fajta;vasb ny szati elj r s;hûb‚rbirtok;kir lyi testlet;C;T™RTNELEM
Kik l‚seznek a washingtoni Capitolium ‚plet‚ben?;az ENSZ k‚pvisel‹i;a titkosszolg lat vez‚rkara;r‚g‚szprofesszorok;a Kongresszus tagjai;D;µLTALµNOS
Mi tartozik az ‚rdekl‹d‚si k”r‚be annak az embernek, aki impal kkal foglalkozik?;k‚zimunk z s;bark csol s;klasszikus ‚p¡t‚szet;egy  llatfajta;D;NYELV
Mit csin l a horg sz, amikor sz kol?;bedobja a horgot;kiemeli a halat;beeteti a halat;megsti a halat;B;µLTALµNOS
Kik h zias¡tott k a macsk t?;az ink k;k”z‚pkori szerzetesek;a kalandoz¢ magyarok;az egyiptomiak;D;T™RTNELEM
Mit neveznek r‚giesen ispot lynak?;az iskol t;az ist ll¢t;a k¢rh zat;a k”zs‚gh z t;C;NYELV
Melyik  llam z szlaj ban szerepel az orsz g t‚rk‚pe?;Libanon;Mong¢lia;Jap n;Ciprus;D;ORSZµGOK
Mire haszn lt k eredetileg a szakajt¢t?;t‚szta keleszt‚s‚re;lovak patkol s ra;bor ‚rlel‚s‚re;ty£kok etet‚s‚re;A;NYELV
Ki volt az apja a tragikus sors£ Szent Imre hercegnek?;Szent L szl¢;G‚za fejedelem;Szent Istv n;µrp d fejedelem;C;T™RTNELEM
Melyik telepl‚snk”n l that¢ a Salamon-torony?;Esztergomban;Nagyv zsonyban;Visegr don;Egerben;C;MAGYARORSZµG
Hol k‚szl a h£s, ha cs‹ben stik?;st‹ben;szabad tûz”n;roston;kukt ban;A;KONYHA
"Melyik versben szerepel az id‚zet? ""Elhull a vir g, eliramlik az ‚let...""";Reszket a bokor, mert...;Minek nevezzelek...;Szabads g, szerelem!;Szeptember v‚g‚n;D;IRODALOM
Milyen ¡zes¡t‚sû a Sacher-torta?;marcip n;mandula;csokol d‚;van¡lia;C;KONYHA
"Honnan sz rmazik az id‚zet? ""Ha per, £gymond, hadd legyen per!""";Tizenk‚t dh”s ember;A flemile;Bevezet‚s a bûntet‹jogba;S ri b¡r¢;B;IRODALOM
Milyen k¡s‚rtetr‹l ¡rt Oscar Wilde elbesz‚l‚st?;canterbury;canterville-i;edgehille-i;strawberry;B;IRODALOM
Kinek a mûv‚b‹l k‚szlt az Isten hozta, ‹rnagy £r! c¡mû film?;Fst Mil n;D‚ry Tibor;™rk‚ny Istv n;M ndy Iv n;C;FILM
Milyen fegyver szerepel a Mel Gibson f‹szerepl‚s‚vel k‚szlt akci¢film-sorozat c¡m‚ben?;hal los;hûv”s;hangtomp¡t¢s;t vcs”ves;A;FILM
Ki volt Fred Astaire leggyakoribb t ncpartnere a filmekben 1939-ig?;Vivien Leigh;Olivia de Havilland;Ginger Rogers;Judy Garland;C;FILM
Melyik falunkat nyilv n¡tott k a vil g”r”ks‚g r‚sz‚nek?;Holl¢h za;Szir k;Holl¢k‹;Buj k;C;MAGYARORSZµG
Mi volt az orosz parasztok k”zismert elnevez‚se?;boj rok;muzsikok;trojk k;d cs k;B;NYELV
Mi volt a neve az ¢kori r¢maiak egyszerû sz mol¢g‚p‚nek?;calculus;abacus;l¡ra;l‚nia;B;T™RTNELEM
Milyen szeszesital hozz ad s val k‚szl a grog?;vodka;borovicska;rum;vermut;C;KONYHA
Milyen anyagb¢l k‚szl a pergamen?;papirusz-s sb¢l; llatb‹rb‹l;c‚drusfa k‚rg‚b‹l; llatok bel‚b‹l;B;TECHNIKA
Milyen d¡t‹italr¢l ‚nekel a pancsol¢ kisl ny a 60-as ‚vek egyik sl ger‚ben?;limon d‚r¢l;m lnasz”rpr‹l;k¢l r¢l;bambir¢l;D;ZENE
Milyen anyagb¢l k‚szlt Michelangelo D vidja?;bazalt;gr nit;m rv ny;bronz;C;KPZŠMëVSZET
Hogyan sz¢l a Rousseau-nak tulajdon¡tott sz ll¢ige?;Arccal a kir lys g fel‚!;Arccal a n‚puralom fel‚!;Vissza a term‚szethez!;Vissza a term‚szetb‹l!;C;IRODALOM
Mit tal lt fel E”tv”s Lor nd?;a transzform tort;a torzi¢s ing t;a g‹zfûr‚szg‚pet;a porlaszt¢t;B;TECHNIKA
Ki volt az els‹ p pa?;Szent Mikl¢s;Szent P l;I. Pius;Szent P‚ter;D;VALLµS
Milyen  llat a halfarkas?;ragadoz¢;tengeri hal;mad r;r gcs l¢;C;BIOLàGIA
"Mije volt az ¢kori r¢mai gyereknek, ha volt ""st¡lusa""?";viaszt bl ja;¡r¢eszk”ze;sz mol¢g‚pe;k‚k t¢g ja;B;T™RTNELEM
Mivel jutalmazt k az olimpiai gy‹zteseket az ¢kori g”r”g j t‚kokon?;fejenk‚nt ezer drachm val;olajfa- gb¢l font koszor£val;aranyrudakkal;gy‹zelmi szobrocsk val;B;T™RTNELEM
Az al bbi sz¢kapcsolatokat gyakran haszn ljuk a h‚tk”znapokban. Melyik sz¢kapcsolat helytelen?;t£l nagy falat;fog¢s k‚rd‚s;neh‚z di¢;burokban szletett;C;NYELV
Kiknek a sz”vets‚ge volt a XIII-XVII. sz zad k”z”tt a Hanza?;orosz hal szok;angol felfedez‹k;n‚met keresked‹v rosok;portug l gyarmatos¡t¢k;C;T™RTNELEM
Mi a neve a Walt Disney-rajzfilm nagy flû elef ntj nak?;Dzsabar;Dumb¢;Jumb¢;Babar;B;FILM
Milyen anyagb¢l van az orrszarv£ tlke?;csont;szaru;megkem‚nyedett b‹r;megk”vesedett m‚sz;B;BIOLàGIA
Milyen  llat az ocelot?;r gcs l¢;hal;macskaf‚le;kutyaf‚le;C;BIOLàGIA
Hol zajlott le a h bor£s bûn”s”k pere 1946-ban?;Nrnbergben;Frankfurtban;Mnchenben;Berlinben;A;T™RTNELEM
Mi a borsepr‹?;hord¢takar¡t¢ eszk”z;a letisztult bor led‚ke;a sz‹l‹pr‚s alkatr‚sze;megecetesedett bor;B;NYELV
H ny eg‚sz hangb¢l  ll egy eg‚sz okt v?;t¡z;nyolc;tizenkett‹;hat;B;OPERA
Melyik sz¡nh z igazgat¢ja Bodrogi Gyula?;Mikroszk¢p Sz¡npad;Kom‚dium;Vid m Sz¡npad;Operett Sz¡nh z;C;SZÖNHµZ
"Melyik mad rra illik sz¢ szerint az  ll¡t s? ""Iszik, mint a g”d‚ny.""";a struccra;a flaming¢ra;a pelik nra;a g¢ly ra;C;BIOLàGIA
Mit jelent a k rty ban az berel‚s?;oszt st;fellt‚st;h£z st;sz mol st;B;JµTK
Melyik sport gban szerzett arany‚rmet ànodi Henrietta az 1992-es barcelonai olimpi n?;£sz sban;kajak-kenuban;v¡v sban;torn ban;D;SPORT
"A jelz‹t bl k melyik csoportj ba sorolja a KRESZ a ""Kikerl‚si ir ny"" t bl t?";vesz‚lyt jelz‹;tilalmi;utas¡t st ad¢;t j‚koztat st ad¢;C;µLTALµNOS
Melyik h¡res romantikus film f‹szerepl‹je Ryan O'Neal?;Love Story;T vol Afrik t¢l;R¢mai vak ci¢;Egy f‚rfi ‚s egy n‹;A;FILM
Melyik k‚miai elem krist lyosodott v ltozata a gy‚m nt?;arany;vas;sz‚n;foszfor;C;TUDOMµNY
Milyen nyelven ¡r¢dott a Kor n?;latin;arab;hindi;h‚ber;B;VALLµS
Melyik gym”lcs a marcip n alapanyaga?;di¢;mogyor¢;mandula;meggy;C;KONYHA
"Melyik v ros nevezetess‚ge a ""K‚k Mecset""?";Damaszkusz;Jeruzs lem;Isztambul;Mekka;C;ORSZµGOK
Hol hordj k a barett nevû ruhadarabot?;karon;l bon;nyakban;fejen;D;µLTALµNOS
H ny perc egy fert ly¢ra?;30 perc;15 perc;60 perc;45 pec;B;NYELV
A marha melyik r‚sz‚b‹l k‚szl a pacalp”rk”lt?;m j b¢l;ves‚j‚b‹l;gyomr b¢l;szegy‚b‹l;C;KONYHA
"Melyik vil gh¡rû git ros-‚nekes robbant be a rockzen‚be ""Hey Joe"" c¡mû sz m val?";Jimi Hendrix;Paul Simon;Roy Orbison;Eric Clapton;A;ZENE
Mi a neve az àz, a csod k csod ja c¡mû mes‚ben szerepl‹ kisl nynak?;Tiffany;Dorothy;Susie;Bessie;B;IRODALOM
Ki zen‚s¡tette meg a Himnuszt?;Liszt Ferenc;Kod ly Zolt n;Egressy B‚ni;Erkel Ferenc;D;OPERA
Melyik n‚p k”zvet¡t‚s‚vel terjedt el haz nkban a k v‚z s szok sa?;tat r;kun;t”r”k;lengyel;C;T™RTNELEM
Hol rendezik meg a 2004-es olimpi t?;Peking;Madrid;Mnchen;Ath‚n;D;SPORT
Melyik v rosunkban van a Kereszt‚ny M£zeum?;Sz‚kesfeh‚rv r;Visegr d;Esztergom;P‚cs;C;MAGYARORSZµG
Mit csin l az, aki a val¢s got meghamis¡tva elk”d”s¡t valamit?;eltuszkol;eltusol;eltussol;letusol;C;NYELV
"Kir‹l ¡rta Pet‹fi? ""Izz¢ vastr¢non ‹t el‚get‚tek, de szellem‚t a tûz nem ‚get‚ meg.""";Szent Johanna;Giordano Bruno;Loyolai Szent Ign c;D¢zsa Gy”rgy;D;IRODALOM
Minek a hullad‚ka az ocs£?;pap¡rgy rt s;kics‚pelt gabona;lef”l”z”tt tej;b£torgy rt s;B;TECHNIKA
Mi az ¢ri sp”feteg?;egy dar zsfaj;egy b‚kafaj;egy med£zafaj;egy gombafaj;D;BIOLàGIA
Milyen gy rt s£ volt az els‹ Concorde utassz ll¡t¢ repl‹g‚p?;francia-n‚met;francia-angol;amerikai-francia;amerikai-angol;B;TECHNIKA
H ny v‚rcsoportba sorolhat¢ az ember v‚re?;2;4;6;8;B;BIOLàGIA
"Mi volt a neve az alkimist k  ltal keresett ""csodaszernek""?";b”lcsek pora;b”lcsek k”ve;b”lcsek itala;b”lcsek tze;B;µLTALµNOS
Hogy nevezik a g¢tikus katedr lisok homlokzat nak nagy, kerek ablakait?;napablak;gl¢riaablak;r¢zsaablak;holdablak;C;PÖTSZET
Kit gyilkol meg B nk b n a dr m ban?;a kir lyt;a kir lyn‚t;Pet£r b nt;Tiborcot;B;IRODALOM
Ki a Palesztinai Felszabad¡t si Szervezet eln”ke?;Hoszni Mubarak;Jasszer Arafat;Hasszan Naszrallah;Szaddam Husszein;B;T™RTNELEM
Ki t”lt”tt ‚vtizedeket rodost¢i sz mûzet‚sben az al bbiak k”zl?;Nap¢leon;Kossuth Lajos;Mikes Kelemen;Ovidius;C;T™RTNELEM
Melyik orsz gb¢l sz rmazott Marie Curie?;Lengyelorsz gb¢l;Franciaorsz gb¢l;Csehorsz gb¢l;Oroszorsz gb¢l;A;TUDOMµNY
Kinek az unok ja Ady Endre az ismert vers szerint?;Kopp ny vez‚r;µrp d fejedelem;D¢zsa Gy”rgy;Esze Tam s;C;IRODALOM
Melyik mesebeli csod s  llat neve azonos az ‹smagyar hitvil g s m njainak nev‚vel?;griff;baziliszkusz;t ltos;kentaur;C;VALLµS
Melyik osztr k v rosban szletett Mozart?;Grazban;Linzben;B‚csben;Salzburgban;D;OPERA
H ny pontja van az els‹ k‚t lapb¢l annak a k rty snak, akinek Black Jackje van?;tizenhat;huszonegy;h£sz;huszonkett‹;B;JµTK
Ki rendezte a Titanic c¡mû 1997-ben k‚szlt filmet?;James Cameron;Steven Spielberg;Ron Howard;Richard Donner;A;FILM
Mi az elektromos ellen ll s SI-m‚rt‚kegys‚ge?;amper;volt;ohm;coulomb;C;TUDOMµNY
Kikkel tal lkozhatunk, ha hivatalosak vagyunk a PEN Club est‚ly‚re?;karikaturist kkal;irodalm rokkal;fest‹kkel;bank rokkal;B;NYELV
Ki ¡rt vil gh¡rû mûvet Dorian Gray arck‚p‚r‹l?;Oscar Wilde;Honor‚ de Balzac;George Bernard Shaw;Edmond Rostand;A;IRODALOM
Melyik reg‚nyt ¡rta Steinbeck az al bbiak k”zl?;T vol Afrik t¢l;dent‹l keletre;szak D‚l ellen;Pekingi ‹sz;B;IRODALOM
"Melyik afrikai orsz g cs sz ra volt 1930 ‚s 1974 k”z”tt ""a n‚gus"" vagyis Hail‚ Szelasszi‚?";Szud n;Eti¢pia;Kong¢;Nig‚ria;B;T™RTNELEM
Mi a foglalkoz sa Minarik Ed‚nek, a R‚gi id‹k focija c¡mû film f‹h‹s‚nek?;cip‹fels‹r‚sz-k‚sz¡t‹;jegyszed‹;labdaszed‹;mosod s;D;FILM
Melyik hangszer virtu¢za Pege Alad r?;hegedû;zongora;nagyb‹g‹;trombita;C;OPERA
H ny m‚terr‹l dobj k a bûntet‹t a v¡zilabd ban?;tizenegy;n‚gy;h‚t;f‚lp ly r¢l res kapura;B;SPORT
Hogyan nevezt‚k a k”z‚pkorban az arabokat?;szarmat k;szarac‚nok;beseny‹k;berber;B;T™RTNELEM
Az al bbiak k”zl melyik kir lyi h zb¢l nem kerlt uralkod¢ a magyar tr¢nra?;Luxemburgi;Bourbon;Anjou;Jagell¢;B;T™RTNELEM
Melyik  llatnak vannak oll¢i a r kon k¡vl?;a f¢k nak;a skorpi¢nak;a med£z nak;a karvalynak;B;BIOLàGIA
"Az ultiban melyik lappal kell vinnie az utols¢ t‚st annak, aki ""ultit"" v llal?";adu hetessel;adu  sszal;piros kir llyal;z”ld als¢val;A;JµTK
Mi a boszork ny neve V”r”smarty mûv‚ben, a Csongor ‚s Tnd‚ben?;Bibircs¢k;Varangy;Mir¡gy;Banya;C;IRODALOM
Ki nem volt az ENSZ f‹titk ra az al bbiak k”zl?;P‚rez de Cuellar;Butros Ghali;Olof Palme;U Thant;C;T™RTNELEM
Melyik egy horg szatban haszn lt seg‚deszk”z neve?;koppant¢;r”ppent‹;villant¢;bukkant¢;C;µLTALµNOS
"Melyik irodalmi mûben szerepel az id‚zet? ""Messze j”vend‹vel komolyan vess ”szve jelenkort?""";Sz¢zat;Himnusz;Huszt;Gondolatok a k”nyvt rban;C;IRODALOM
Mi volt Gulliver foglalkoz sa Swift mûv‚ben?;haj¢skapit ny;haj¢szak cs;haj¢orvos;matr¢z;C;IRODALOM
"Melyik dzsesszzen‚szt bec‚zt‚k ""Satchmo""-nak?";Miles Davist;Benny Goodmant;Louis Armstrongot;Duke Ellingtont;C;ZENE
Milyen k rtev‹k a peronoszp¢raf‚l‚k?;gomb k;atk k;tetvek;v¡rusok;A;BIOLàGIA
Kinek a feles‚ge v lt s¢b lv nny , amikor h tran‚zett?;Clinton;L¢t;Putif r;No‚;B;VALLµS
Mit jelent a szanzadu bemond sa egy k rtyaj t‚kban?;a piros az adu;adu n‚lkl j tssz k;pikk az adu;a joker az adu;B;JµTK
Mennyi a hang terjed‚si sebess‚ge leveg‹ben?;330 km/s;330 m/s;400 km/s;400 m/s;B;TUDOMµNY
Ki k‚pviselte Angli t 1945-ben a jaltai konferenci n?;Attlee;Churchill;Truman;Macmillan;B;T™RTNELEM
Melyik elnevez‚ssel szok s J¢kai M¢rt illetni?;a nemzet tollnoka;a nagy mesemond¢;a t”rt‚nelem h¡rmond¢ja;a pillanat mûv‚sze;B;IRODALOM
A Biblia szerint kit akart µbrah m fel ldozni?;zsaut;J kobot;Ill‚st;Izs kot;D;VALLµS
Mit csin l, aki piedeszt ra emel valakit?;fel ldoz;k”zszeml‚re tesz;dics‹¡t;pelleng‚rre  ll¡t;C;NYELV
Az al bbiak k”zl melyik egy Szerb Antal reg‚ny c¡me?;A Forsyte Saga;A Pendragon-legenda;A Thibault csal d;A Buddenbrook-h z;B;IRODALOM
Melyik egyttes ‚nekelt arr¢l, hogy milyen neh‚z az iskolat ska?;Bojtorj n egyttes;Bergendy egyttes;Fonogr f egyttes;Neoton Fam¡lia;B;ZENE
Az al bbiak k”zl melyikben tehet k rt a zsizsik?;a babban;a parkett ban;a burgonyalev‚lben;a ruh ban;A;BIOLàGIA
Milyen az a l¢, amelyet h¢k nak neveznek?;szel¡d¡thetetlen;foltos homlok£;gyors;feh‚r sz¡nû;B;BIOLàGIA
Melyik foly¢t szab lyozt k az asszu ni g t meg‚p¡t‚s‚vel?;a N¡lust;a Jangc‚t;az Amazonast;a Mississippit;A;F™LDRAJZ
Victor Hugo melyik reg‚ny‚b‹l k‚szlt musical f‹szerep‚t j tszotta Vikid l Gyula?;A p rizsi Notre-Dame;A nyomorultak;A nevet‹ ember;A tenger munk sai;B;ZENE
Mit neveztek k¢csagforg¢nak?;fejfed‹ d¡sz‚t;ker‚kfajt t;slt mad rcombot;k”ny”kv‚d‹t;A;NYELV
Ki siratja Mexik¢t Passuth reg‚ny‚nek c¡me szerint?;Cortez;Es‹isten;Napisten;Montezuma;B;IRODALOM
Melyik szakm hoz tartoz¢ szakkifejez‚s a huta?;borb‚ly;t¡m r;koh sz;r‹f”s;C;NYELV
Az al bbi filmek k”zl melyik nem horrorfilm?;Ragyog s;àmen;Salemi boszork nyok;A k”d;C;FILM
Melyik operettet ¡rta ifj. Johann Strauss egy J¢kai-mû alapj n?;A cig nyb r¢;A denev‚r;Egy ‚j Velenc‚ben;Cig nyszerelem;A;OPERA
"Melyik zen‚s sz¡npadi mûben hangzik fel a ""Ha ‚n gazdag lenn‚k ?"" kezdetû dal?";Koldusopera;Hegedûs a h ztet‹n;Nyomorultak;Porgy ‚s Bess;B;OPERA
Melyik sport g szakkifejez‚sei a nyit s, az ejt‚s ‚s a s ncol s?;kos rlabda;r”plabda;sakk;tenisz;B;SPORT
Melyik oper ban szerepel t”bbek k”z”tt egy sz‚p cig nyl ny, egy torre dor ‚s egy tizedes?;Verdi: A trubad£r;Puccini: Tosca;Verdi: Traviata;Bizet: Carmen;D;OPERA
Milyen £j¡t st vezettek be a g‚pkocsin a Michelin fiv‚rek?;a biztons gi ”vet;a dobf‚ket;a boxermotort;a gumiabroncsot;D;TECHNIKA
Melyik mai orsz g terlet‚n tal lhat¢ Tr¢ja?;T”r”korsz g;Sz¡ria;Ciprus;G”r”gorsz g;A;T™RTNELEM
Hogyan nevezt‚k a k”z‚pkori magyar v rmegy‚k ‚l‚n  ll¢ tisztvisel‹t?;v rnagy;isp n;majordomus;ritter;B;T™RTNELEM
Kinek a kort rsa volt B‚ri Balogh µd m?;Pet‹fi S ndor;D¢zsa Gy”rgy;II. R k¢czi Ferenc;K roly R¢bert;C;T™RTNELEM
"Melyik elem vegyjele a ""Pb""?";¢lom;¢n;prop n;but n;A;TUDOMµNY
H ny megy‚je van Magyarorsz gnak?;15;19;22;25;B;F™LDRAJZ
Melyik megy‚nkben tal lhat¢ a Velencei-t¢?;Pest;Fej‚r;Kom rom-Esztergom;Veszpr‚m;B;F™LDRAJZ
Milyen el‹ad son tal lkozhatunk mimussal?; rnyj t‚k;b bj t‚k;pantomim;opera;C;MëVSZET
Melyik orsz gb¢l indult el vil gh¡rû £tj ra az ABBA egyttes?;Sv‚dorsz gb¢l;Nagy-Britanni b¢l;D ni b¢l;Hollandi b¢l;A;ZENE
Ki volt az Osztr k-Magyar Monarchia els‹ k”z”s uralkod¢ja?;IV. K roly;II. J¢zsef;Ferenc J¢zsef;Ferenc Ferdin nd;C;T™RTNELEM
Kinek a nev‚t viseli a Zenemûv‚szeti F‹iskola?;Erkel Ferenc;Kod ly Zolt n;Liszt Ferenc;Bart¢k B‚la;C;OPERA
Miket neveznek a csillag szok szuper¢ri soknak?;a legnagyobb bolyg¢kat;a legnagyobb st”k”s”ket;a legnagyobb ûrkompokat;a legnagyobb csillagokat;D;TUDOMµNY
Milyen m‚rt‚kegys‚gben m‚rik a l‚gnyom st az SI-rendszerben?;atmoszf‚ra;higanymillim‚ter;pascal;joule;C;TUDOMµNY
Mit jelent a h¡res fest‹, El Greco neve?;a gr£z;a g”r”g;a gregori n;a gr”nlandi;B;KPZŠMëVSZET
Hol tal lhat¢ a sz mos h¡ress‚g s¡reml‚k‚nek helyet ad¢ P‚re Lachaise temet‹?;Brsszelben;Liege-ben;P rizsban;Tours-ban;C;ORSZµGOK
Mit kap az, akinek szufl‚t adnak?;selyemh l¢inget;szeren dot;felf£jtat;vir gkosarat;C;NYELV
Mely orsz g partjain l zajlott le a Diszn¢-”b”lbeli konfliktus 1961-ben?;Vietnam;Mexik¢;Kuba;Panama;C;T™RTNELEM
Melyik ‚vsz m szerepel Orwell vil gh¡rû reg‚ny‚nek c¡m‚ben?;2001;1793;1984;1516;C;IRODALOM
Melyik ‚plet kupol j t tervezte Michelangelo?;firenzei d¢m;Szent P l-katedr lis;Szent P‚ter-bazilika;Pantheon;C;PÖTSZET
"Ki ""oldotta"" meg a gordiuszi csom¢t?";Julius Caesar;Nagy S ndor;Hannib l;Spartacus;B;T™RTNELEM
Hogyan nevezik, amikor egy  llatfaj k‚t egyede harc n‚lkl d”nt valamelyikk els‹bbs‚g‚r‹l?;paktum;bl”ff”l‚s;sn£roz s;p¢zol s;D;BIOLàGIA
Hol van a Moszkv b¢l indul¢ transzszib‚riai vas£t v‚g llom sa?;Szentp‚terv ron;Vlagyivosztokban;Nahodk ban;Novoszibirszkben;B;ORSZµGOK
"Melyik magyar futballist t nevezt‚k ""Sz‹ke Szikl nak""?";Garaba Imr‚t;Sz‹ke Istv nt;M‚sz”ly K lm nt;Varga Zolt nt;C;SPORT
Ki ¡rt k”nyvet a fajok eredet‚r‹l?;Sigmund Freud;L szl¢ Gyula;Ivan Petrovics Pavlov;Charles Darwin;D;BIOLàGIA
"Melyik orsz gban j tsz¢dik a ""Hegedûs a h ztet‹n"" c¡mû musical?";Oroszorsz gban;Franciaorsz gban;Izraelben;Lengyelorsz gban;A;ZENE
Melyik v rosban tal lhat¢ a sz¡nh zair¢l h¡res Broadway?;Los Angeles;San Francisco;New York;Boston;C;ORSZµGOK
Mit jelent a rekviem zenei kifejez‚s?;bordal;gy szmise;k”z‚pkori di k‚nek;h£sv‚ti k”rt nc;B;OPERA
Kivel vagy mivel kzd”tt meg az a szem‚ly, akire r t madt egy toporty n?;egy farkassal;egy £ton ll¢val;egy vaddiszn¢val;egy porty z¢ t”r”k sereggel;A;NYELV
Hol tal lhat¢ az ember egyens£ly‚rz‹ szerve?;a talpon;a gerincoszlopban;a flben;a homlokregben;C;BIOLàGIA
Milyen alakban rabolta el Zeusz Eur¢p t, a g”r”g kir lyl nyt?;kentaur;aranyes‹;vill m;bika;D;VALLµS
Milyen  llat a nnke?;m¢kusf‚le;nagy testû bog r;erdei rig¢;mezei ny£l kicsinye;B;BIOLàGIA
Ki nem volt tagja a Horn-korm nynak?;Keleti Gy”rgy;Glatz Ferenc;Bokros Lajos;Kov cs L szl¢;B;T™RTNELEM
Melyik nem a n‚gytemû motor munkateme?;sz¡v s;sûr¡t‚s;kipufog s;kever‚s;D;TECHNIKA
H nyszoros t‚t‚rt folyik az ulti, ha az egyik j t‚kos szubkontr t mond?;h romszoros;n‚gyszeres;nyolcszoros;hatszoros;C;JµTK
Melyik t ncdal‚nekes dalolt egy sz l harangvir gr¢l?;Aradszky L szl¢;M t‚ P‚ter;Sz‚csi P l;Po¢r P‚ter;C;ZENE
Mi volt a neve Attila hun vez‚r testv‚r‚nek?;Csaba;Szvatopluk;Buda;Z‚ta;C;T™RTNELEM
Melyik v rosban  ll a Westminster-ap ts g?;Washington;Boston;London;Liverpool;C;ORSZµGOK
Mib‹l k‚szl a t”rk”lyp linka?;barackb¢l;k”rt‚b‹l;meggyb‹l;sz‹l‹b‹l;D;KONYHA
Milyen mûszaki berendez‚s mûk”d‚si elv‚t alkotta meg Jedlik µnyos?;tranzisztor;dinam¢;robban¢motor;turbina;B;TECHNIKA
Mely n”v‚nynek van csuh‚ja?;paradicsom;kukorica;bors¢;burgonya;B;BIOLàGIA
A legenda szerint melyik cs sz r gy£jtotta fel R¢m t?;Caligula;Nero;Claudius;Tiberius;B;T™RTNELEM
Hol halt meg J¢zsef Attila?;Balatonfreden;Balatonszabadiban;Balatonsz‚plakon;Balatonsz rsz¢n;D;IRODALOM
Melyik orosz c rr¢l ¡rt oper t Muszorgszkij?;Nagy P‚terr‹l;Borisz Godunovr¢l;I. Mikl¢sr¢l;Rettegett Iv nr¢l;B;OPERA
Melyik mai  llam terlet‚n tal lhat¢ Tibet?;K¡na;Mong¢lia;India;Kambodzsa;A;ORSZµGOK
Milyen nyelven ¡r¢dott Janus Pannonius ‚letmûve?;n‚metl;latinul;g”r”gl;magyarul;B;IRODALOM
Kir‹l nevezt‚k el az amerikai kontinenst?;egy spanyol matr¢zr¢l;egy viking haj¢sr¢l;egy angol haj¢‚p¡t‹r‹l;egy it liai felfedez‹r‹l;D;T™RTNELEM
Melyik miniszteri t rc t kapta h”lgy 1998-ban?;csal dgy;igazs ggy;belgy;eg‚szs‚ggy;B;T™RTNELEM
Milyen c¡mmel nem ¡rt sz¡ndarabot Neil Simon?;Mez¡tl b a parkban;Furcsa p r;A Napsug r fi£k;A miniszter f‚lrel‚p;D;IRODALOM
Melyik v rosban j tsz¢dik Puccini Boh‚m‚let c¡mû oper ja?;R¢m ban;New Yorkban;Velenc‚ben;P rizsban;D;OPERA
Ki nem opera‚nekes az al bbi mûv‚szek k”zl?;Berkes J nos;Gregor J¢zsef;Szokolay S ndor;Guly s D‚nes;C;OPERA
Ki volt az 1990-ben megalakult £j magyar korm ny vezet‹je?;Antall J¢zsef;N‚meth Mikl¢s;Boross P‚ter;M dl Ferenc;A;T™RTNELEM
Az al bbi filmek k”zl melyikben j tszott el‹sz”r T”r‹csik Mari?;des Anna;K”ly”k;K”rhinta;Vasvir g;C;FILM
"Mi a ""brutt¢ hazai term‚k"" k”zgazdas gi kifejez‚s r”vid¡t‚se?";NDP;BNP;GDP;NGP;C;µLTALµNOS
"Folytassa az Ady-vers c¡m‚t! ""P ris, az ‚n ?""";Mecsekem;Hortob gyom;Bakonyom;B”rzs”ny”m;C;IRODALOM
Ki a szerz‹je Az ‚nekl‹ kutya c¡mû reg‚nynek?;Charles Dickens;Mark Twain;Oscar Wilde;Jack London;D;IRODALOM
Melyik mai orsz g terlet‚nek r‚sze a r‚gi Boh‚mia?;Franciaorsz g;Csehorsz g;Olaszorsz g;Spanyolorsz g;B;T™RTNELEM
Melyik orsz ghoz tartozik Korzika szigete?;Olaszorsz ghoz;Franciaorsz ghoz;Portug li hoz;G”r”gorsz ghoz;B;F™LDRAJZ
A felsorolt eur¢pai  llamok k”zl melyik nem k”zt rsas g?;Szlov‚nia;Portug lia;Hollandia;Örorsz g;C;ORSZµGOK
Az al bbiak k”zl melyik orsz g z szlaj ban nincs feh‚r sz¡n?;Belgium;Hollandia;Franciaorsz g;Finnorsz g;A;ORSZµGOK
Hov  meneklt a szent csal d a betlehemi gyermekgyilkoss gok el‹l?;Sz¡ri ba;Mezopot mi ba;Babilonba;Egyiptomba;D;VALLµS
"Melyik egyttes ‚nekelte, hogy ""Mindenki m sk‚pp csin lja""?";Fonogr f;Piramis;Skorpi¢;Lokomotiv GT;D;ZENE
Melyik vall s k‚t f‹ ir nyzata a szunita ‚s a s¡ita?;kereszt‚nys‚g;buddhizmus;hinduizmus;iszl m;D;VALLµS
Hogy nevezik a Martinovics Ign c k”rl szervez‹d”tt csoportot?;magyar royalist k;magyar girondist k;magyar sans-culotte-ok;magyar jakubinusok;D;T™RTNELEM
Melyik idom szerepel az Edda egyttes egyik dal nak c¡m‚ben?;n‚gyzet;h romsz”g;k”r;t‚glalap;C;ZENE
Mi v gja fejbe a haj¢z¢t, ha elkapja a bum?;a korm ny;egy vitorlar£d;egy  tcsap¢ hull m;a kajt ajtaja;B;µLTALµNOS
Melyik v ros sz¡nh za az 1776-ban alap¡tott Bolsoj Tyeatr?;Szentp‚terv r ;Moszkva;Kijev;Sz¢fia;B;SZÖNHµZ
Mit jelent magyarul a pekingi Tienanmen t‚r neve?; ldott ‹saty k;mennyei b‚ke;igazs g ‚s dics‹s‚g;f‚nyess‚ges istenek;B;NYELV
Mivel foglalkozott els‹sorban a kir lyi udvarok t rnokmestere?;a k”nyvt rral;a kincst rral;a lovak elsz ll sol s val;a fegyverek t rol s val;B;µLTALµNOS
"Melyik v ros nevezetess‚ge volt a ""Checkpoint Charlie""?";New York;San Francisco;Berlin;London;C;ORSZµGOK
Milyen l ng szerepel Illy‚s Gyula dr m j nak c¡m‚ben?;gyertya;f klya;lid‚rc;szalma;B;IRODALOM
Hogyan halt meg Marie Antoinette francia kir lyn‚?;megm‚rgezt‚k;m gly n el‚gett‚k;lefejezt‚k;v¡zbe fulladt;C;T™RTNELEM
Minek az alkatr‚sze a l‹cs?;sz”v‹sz‚k;szek‚r;sz‹l‹pr‚s;kemence;B;TECHNIKA
Ki az apja H‚rakl‚sznak a g”r”g mitol¢gi ban?;Odsszeusz;Th‚szeusz;Zeusz;Mars;C;VALLµS
Melyik csapat nyerte meg az 1999. ‚vi olaszorsz gi v¡zilabda Eur¢pa-bajnoks got?;Olaszorsz g;Horv torsz g;Magyarorsz g;Spanyolorsz g;C;SPORT
Mi Beethoven III. szimf¢ni j nak mell‚kneve?;Pastorale;Sors;Jupiter;Eroica;D;OPERA
Ki volt a modellje a Mona Lis nak a XVI. sz zadi fest‹ ‚s mûv‚szeti ¡r¢, Giorgio Vasari le¡r sa szerint?;egy firenzei polg r feles‚ge;a velencei d¢zse l nya;a p pa unokah£ga;egy ismeretlen szolg l¢n‹;A;KPZŠMëVSZET
Melyik orsz gban uralkodott Reza Pahlavi sah 1941 ‚s 1979 k”z”tt?;Jap n;India;Ir n;Mong¢lia;C;T™RTNELEM
Milyen  llat a languszta?;r k;hal;kagyl¢;csiga;A;BIOLàGIA
Mi az egyesleti sz¡ne a Vasas Sport Clubnak?;k‚k-feh‚r;piros-k‚k;piros-fekete;lila-feh‚r;B;SPORT
Melyik zeneszerz‹ l togatta meg t”bbsz”r is a Brunszvik csal dot Martonv s ron?;Berlioz;Brahms;Haydn;Beethoven;D;OPERA
Melyik megy‚nkben tal lhat¢ a szabads gharc els‹ csat j r¢l nevezetes P kozd?;Fej‚r;Veszpr‚m;B‚k‚s;N¢gr d;A;F™LDRAJZ
Milyen n‹r‹l ‚nekelt az Animal Cannibals egyttes a 90-es ‚vekben?;varr¢;tan¡t¢;titk r;takar¡t¢;D;ZENE
Ki Mario Thomas Mann ismert novell j ban?;szanat¢riumi beteg;var zsl¢;nyaral¢ vend‚g;fiatal pinc‚r;D;IRODALOM
Mi a mondabeli Akhilleusz egyetlen sebezhet‹ pontja?;sz¡ve;sarka;nyaka;tark¢ja;B;VALLµS
Melyik sport gban szerzett ezst‚rmet Balogh G bor a sydneyi olimpi n?;kajak-kenuban;sportl”v‚szetben;”ttus ban;birk¢z sban;C;SPORT
Mit neveztek g”rebnek?;a s nta kuty t;a g”rbe sz”get;egy ”reg visk¢t;egy k‚miai eszk”zt;D;NYELV
Hol v‚gez az ‚let‚vel Anna Karenina a Tolsztoj-reg‚nyben?;egy kertben;egy p lyaudvaron;egy szalonban;egy vad szaton;B;IRODALOM
Melyik hegy hava szerepel Hemingway mûv‚nek c¡m‚ben?;Mont Blanc;Fudzsijama;Himal ja;Kilimandzs r¢;D;IRODALOM
Mivel j tssz k a sn¢blit?;goly¢kkal;k rty val;p‚nz‚rm‚kkel;p lcik kkal;C;JµTK
Ki alap¡totta a moszkvai egyetemet?;Mihail Kutuzov;Mihail Lermontov;Mihail Lomonoszov;Dmitrij Mengyelejev;C;µLTALµNOS
Milyen sz”rnyeteg a f‚lt‚kenys‚g Shakespeare szerint?;emberev‹;”nmag t felfal¢;z”ld szemû;h‚tfejû;C;IRODALOM
Melyik £sz snemben gy‹z”tt Egerszegi Krisztina az 1988-as sz”uli olimpi n?;h t£sz s;gyors£sz s;mell£sz s;pillang¢£sz s;A;SPORT
Milyen menyasszonyr¢l ¡rt oper t Smetana?;az elvar zsolt;a megcsalt;a becsapott;az eladott;D;OPERA
"Melyik mad rcsapat tagjai replnek ""V"" alakban?";verebek;fecsk‚k;vadludak;galambok;C;BIOLàGIA
Milyen Nobel-d¡jat kapott Albert Einstein?;nem kapott;k‚miait;fizikait;fiziol¢giait;C;TUDOMµNY
Mi az ‚let tan¡t¢mestere a latin mond s szerint?;a term‚szet;a t”rt‚nelem;a mûv‚szet;az  lom;B;IRODALOM
Melyik kapta nev‚t egy magyar falur¢l?;okapi;mozi;kocsi;tipli;C;NYELV
Melyik d¡jat alap¡totta P‚chy Blanka sz¡n‚szn‹?;Karinthy-d¡jat;Kazinczy-d¡jat;J¢zsef Attila-d¡jat;J szai-d¡jat;B;µLTALµNOS
Milyen st¡lusban ‚plt a versailles-i kast‚ly?;klasszicista;barokk;copf;renesz nsz;B;PÖTSZET
Hol haszn lt k az ”szt”k‚t?;v¡zimalomban;cs‚pl‚sn‚l;sz nt sn l;kubikol sn l;C;µLTALµNOS
Melyik orsz ghoz tartozik Ibiza szigete?;Franciaorsz ghoz;Olaszorsz ghoz;Portug li hoz;Spanyolorsz ghoz;D;F™LDRAJZ
Milyen sz¢t rt k‚sz¡tett K‹r”si Csoma S ndor?;tibeti-angol;angol-mandzsu;magyar-osztj k;magyar-tibeti;A;T™RTNELEM
Ki telep¡tette le a hajd£kat Hajd£ ‚s Bihar v rmegy‚kben 1606-ban?;Th”k”ly Imre;Szapolyai J nos;Bocskai Istv n;Werb‹czy Istv n;C;T™RTNELEM
Minek a hatalm r¢l ¡rt oper t Verdi?;a szerelem;a v‚gzet;a kir ly;a p‚nz;B;OPERA
"""Falun j rva l ttam egy cak¢t.""- £js golja valaki. Minek a l tv nya ny£jtott neki eml‚kezetes ‚lm‚nyt?";egy gabonat rol¢‚;egy h¡mzett fel”lt‹‚;egy szemreval¢ menyecsk‚‚;egy g¢ly ‚;D;NYELV
Mi a k”rmagyar?;mez‹gazdas gi ‚plet;reformkori t rsast nc;falusi lakodalmi asztal;h¡v‹k nnep‚lyes menete;B;NYELV
A szem melyik r‚sze szab lyozza a bejut¢ f‚ny mennyis‚g‚t?;pupilla;s rgatest;csarnokv¡z;k”nnymirigy;A;BIOLàGIA
Melyik ¢kori  llam jelent‹s telepl‚se volt Luxor?;Mezopot mia;Perzsia;Egyiptom;Assz¡ria;C;T™RTNELEM
Melyik t jegys‚gnk”n tal lhat¢ a Hans g?;Nagykuns g;Kisalf”ld;Kiskuns g;Ny¡rs‚g;B;F™LDRAJZ
Melyik hangszeren j tszik a kitûn‹ dzsessz-zen‚sz Szakcsi Lakatos B‚la?;szaxofon;dob;git r;zongora;D;ZENE
Melyik vall s t”rv‚nyeinek gyûjtem‚nye a Talmud?;iszl m;g”r”gkeleti;zsid¢;hindu;C;VALLµS
Hogyan d”nt”ttek a vesztes gladi tor sors r¢l az ¢kori R¢ma ar‚n iban?;tapssal;a t¢ga lenget‚s‚vel;fttysz¢val;ujj-jelz‚ssel;D;T™RTNELEM
Melyik nem egy Shakespeare-kir lydr ma c¡me?;V. Henrik;III. Rich rd;VIII. Henrik;I. Erzs‚bet;D;IRODALOM
Melyik hangszert nevezt‚k r‚gen fl¢t nak?;fuvol t;hegedût;fagottot;trombit t;A;NYELV
Hol l‚pnek fel a matadorok?;oper ban;cirkuszban;bikaviadalon;l¢versenyen;C;µLTALµNOS
Ki volt az a vil gh¡rû atl‚ta, aki az 1936-os berlini olimpi n n‚gy arany‚rmet szerzett?;Carl Lewis;Paavo Nurmi;Jesse Owens;Bob Beamon;C;SPORT
"Milyen ""sz‚p zenetet"" ¡rt Ady Endre L‚d nak?";‚letre sz¢l¢;elbocs t¢; lomb‚li;meg nem vallott;B;IRODALOM
Kinek mutatta az utat a labirintusban Ariadn‚ fonala?;Min¢taurosznak;Perszeusznak;Th‚szeusznak;Min¢sznak;C;VALLµS
Milyen n‚ven v lt h¡ress‚ Edson Arantes do Nascimento?;Eusebio;Maradona;Pel‚;Ronaldo;C;SPORT
Hogyan nevezt‚k a szeg‚ny nemess‚get?;kam slisok;bocskorosok;fuszeklisek;tenyeres-talpasok;B;T™RTNELEM
Kinek a nev‚hez fûz‹dik a Micimack¢ magyar ford¡t sa?;T¢th µrp d;Arany J nos;Karinthy Frigyes;Nemes Nagy µgnes;C;IRODALOM
Melyik kutyafajta neve egyezik meg egy bels‹ ‚g‚sû motort¡pus elnevez‚s‚vel?;bulldog;komondor;boxer;puli;C;NYELV
Melyik t”r”k szem‚lyis‚g ut n nem maradt fenn ‚p¡t‚szeti eml‚k P‚csett?;G zi K szim pasa;Jakov li Hassz n pasa;Memi pasa;Gl baba;D;MAGYARORSZµG
Hogyan halt meg Puskin?;td‹bajban;p rbajban;”ngyilkos lett;a c r kiv‚geztette;B;IRODALOM
Milyen sz¡nû a r‚zg lic?;k‚k;v”r”s;narancss rga;z”ld;A;TUDOMµNY
Melyik orsz g r‚sze ma a t”rt‚nelm‚r‹l ‚s bor r¢l ismert Burgundia?;N‚metorsz g;Franciaorsz g;Hollandia;Belgium;B;ORSZµGOK
Mi a szon ta?;zenei mûfaj;versforma;f£v¢s hangszer;m‚rt‚kegys‚g;A;NYELV
Melyik  llat vontatta Lohengrin cs¢nakj t Wagner oper j ban?;delfin;hatty£;cethal;vadkacsa;B;OPERA
Milyen ember a Moliere-h‹s Harpagon, a sz¡ndarab c¡me szerint?;k‚pzelt beteg;f”sv‚ny;£rhatn m; lszent;B;IRODALOM
"Milyen mad r szeretne lenni We”res S ndor a Buba ‚neke c¡mû versben? ""à, ha ? voln‚k""";fecske;p va;rig¢;cinke;D;IRODALOM
"Ki mondja a dr m ban? ""Temetni j”ttem Caesart, nem dics‚rni.""";Kleop tra;Antonius;Brutus;Cassius;B;IRODALOM
Melyik el‹djk nev‚re tesznek eskt a mai orvosok?;Vesalius;Gal‚nosz;Hippokrat‚sz;Paracelsus;C;TUDOMµNY
Milyen indi nok lesz rmazottja Csingacsguk, J. F. Cooper reg‚nyeinek h‹se?;mohik nok;dakot k;apacsok;irok‚zek;A;IRODALOM
Melyik nem V”r”smarty Csongor ‚s Tnd‚j‚ben szerepl‹ ”rd”gfi neve?;Kurrah;Bezzegh;Duzzog;Berreh;B;IRODALOM
Minek az gyeit int‚zte a vincell‚r?;nemesi sereg;udvari konyha; llat llom ny;sz‹l‹birtok;D;µLTALµNOS
Melyik a flip t¡pus£ szeszesitalok egyik alapanyaga?;toj s;paradicsoml‚;citromh‚j;alma;A;KONYHA
H ny azonos ‚rt‚kû k rtyalapb¢l  ll egy tiszta kanaszta?;h‚t;hat;”t;n‚gy;A;JµTK
"Kik k”sz”ntek ¡gy? ""šdv”zl‚gy, c‚z r. A hal lba men‹k k”sz”ntenek t‚ged.""";gladi torok;l‚gi¢sok;lev ltott konzulok;koros szen torok;A;T™RTNELEM
Melyik Verdi-opera fin l‚j ban hangzik el Violetta ‚s Alfr‚d kett‹se?;Tosca;Traviata;Rigoletto;Boh‚m‚let;B;OPERA
Melyik mad r nem rig¢f‚l‚k k”z‚ tartozik?;v”r”sbegy;flemle;f c n;kerti rozsdafark£;C;BIOLàGIA
Melyik sport gban szerzett olimpiai arany‚rmet Schmitt P l, a Magyar Olimpiai Bizotts g eln”ke?;v¡v s;”ttusa;v¡zilabda;atl‚tika;A;SPORT
Melyik orsz g f‹v rosa Nicosia?;Kolumbia;Ciprus;Sri Lanka;M lta;B;ORSZµGOK
"Melyik egyttes nyert t ncdalfesztiv lt ""Amikor ‚n m‚g kissr c voltam"" c¡mû dal val?";Metro;Ill‚s;Hung ria;Omega;B;ZENE
"Milyen c¡men ¡rt zen‚s mes‚t Prokofjev? ""P‚ter ‚s a ?""";medve;farkas;vadkacsa;kisny£l;B;OPERA
Milyen nemzetis‚gû Ingmar Bergman filmrendez‹?;d n;norv‚g;sv‚d;finn;C;FILM
Melyik film nem Kurt Vonnegut mûve alapj n k‚szlt?;jany nk;A 22-es csapd ja;Bajnokok reggelije;Az ”t”s sz m£ v g¢h¡d;B;FILM
Hol l that¢ haz nkban a Nemzeti T”rt‚nelmi Eml‚kpark?;àpusztaszer;Sz‚kesfeh‚rv r;Somogyv r;Esztergom;A;MAGYARORSZµG
Kinek az dv”zl‚s‚t ”r”k¡ti meg egy ismert J¢zsef Attila-vers c¡me?;Lev Tolsztoj;Makszim Gorkij;Thomas Mann;Stefan Zweig;C;IRODALOM
Melyik orsz g nemzeti t nca a mazurka?;Bulg ria;Csehorsz g;Ukrajna;Lengyelorsz g;D;ORSZµGOK
Melyik megy‚nkben tal lhat¢ a gy¢gyfrd‹j‚r‹l nevezetes Hark ny?;Baranya;Somogy;Hajd£-Bihar;Csongr d;A;F™LDRAJZ
Melyik b£tordarabot nevezt‚k el egy francia h”lgyr‹l, aki Nap¢leon kort rsa volt?;a zs”lly‚t;a pamlagot;a rekami‚t;a sz¢f t;C;µLTALµNOS
Melyik v rosban tal lhat¢ a vil gh¡rû Scala operah z?;New York;Mil n¢;P rizs;Sydney;B;ORSZµGOK
Az al bbiak k”zl melyiket nevezik francia n‚gyesnek?;egy tiltott szerencsej t‚kot;egy t ncot;egy n‚gylovas fogatot;egy k rtyaj t‚kot;B;NYELV
Melyik h¡res haj¢ vett r‚szt Kolumbusz 1492-es exped¡ci¢j ban?;Victoria;Pinta;Mayflower;Fram;B;T™RTNELEM
Milyen sz¡nû z szl¢val jelzik a Forma-1-es versenyeken, hogy a versenyt f‚lbeszak¡tott k?;piros;z”ld;s rga;k‚k;A;SPORT
Kinek a fia a mondabeli Csaba kir lyfi?;µrp d;Attila;Buda;Vata;C;T™RTNELEM
Melyik nem r gcs l¢ az al bbiak k”zl?;h¢d;h”rcs”g;csincsilla;meny‚t;D;BIOLàGIA
Melyik p¢kfaj jellegzetes ‚lettere a tr¢pusi ”vezet?;keresztes p¢k;mad rp¢k;farkasp¢k;zugp¢k;B;BIOLàGIA
Milyen mûv‚szeti terleten tev‚kenykedett az Ilf-Petrov p ros?;fest‚szet;sz¡n‚szet;irodalom;t nc;C;MëVSZET
Mikor alakult meg a Szovjetuni¢?;1917-ben;1922-ben;1934-ben;1945-ben;B;T™RTNELEM
Mit kerlnek munk ik sor n az absztrakt mûv‚szek?;sz¡nek haszn lat t;t rgy br zol st;‚rintkez‚st a klvil ggal;kil‚tk felfed‚s‚t;B;MëVSZET
Milyen harc szati j rmû volt a tragikus eml‚kû Enola Gay?;harckocsi;anyahaj¢;repl‹g‚p;tengeralattj r¢;C;T™RTNELEM
Melyik orsz g eln”ke volt az 1973-ban meggyilkolt Salvador Allende?;Portug lia;Argent¡na;Chile;Mexik¢;C;T™RTNELEM
Mit csin l, aki protest l?;el‹re kinyilatkoztat;v‚grendelkezik;tiltakozik;p rtfog sba vesz;C;NYELV
Melyik f”ldr‚szen tal lhat¢ a Titicaca-t¢?;D‚l-Amerika;µzsia;Afrika;Ausztr lia;A;F™LDRAJZ
Milyen rokons gi viszonyban  ll Don Carlos Fl”p kir llyal Verdi oper j ban?;fia;testv‚re;apja;unoka”ccse;A;OPERA
Melyik sport gban szerzett arany‚rmet N”v‚nyi Norbert az 1980-as moszkvai olimpi n?;kick-box;birk¢z s;s£lyemel‚s;”k”lv¡v s;B;SPORT
Melyik d‚l-amerikai orsz g eln”ke volt Juan Domingo Per¢n?;Argent¡na;Braz¡lia;Chile;Peru;A;T™RTNELEM
"Kinek a ""mes‚ir‹l"" ¡rt zenekari szvitet Ravel?";R‚musz b csi;T‚lap¢;H¢feh‚rke;L£dany¢;D;OPERA
Mely dr m kban jutott el‹sz”r fontos szerep a kardalokat el‹ad¢ k¢rusnak?;¢kori g”r”g;angol renesz nsz;francia klasszicista;n‚met avantgarde;A;SZÖNHµZ
Melyik t rsadalmi r‚teghez tartoz¢kat nevezt‚k dzsentrinek haz nkban?;nincstelen jobb gyokat;elszeg‚nyedett nemeseket;szabad v rosi k‚zmûveseket;vagyonos iparm gn sokat;B;T™RTNELEM
Ki gyilkol meg egy uzsor sn‹t az orosz irodalomban?;Platonov;Kosztiljov;Raszkolnyikov;Rasztakovszkij;C;IRODALOM
Melyik ige ¡r sm¢dja helytelen?;tûr;hûl;dûl;sûl;D;NYELV
Mit csin lnak a g”r”g fet val?;zen‚lnek rajta;megeszik;haj¢znak vele;festenek vele;B;µLTALµNOS
Hogyan nevezik az anyanyelvk‚nt m r sehol sem haszn lt nyelveket?;apanyelvek;holt nyelvek;z rt nyelvek;alv¢ nyelvek;B;NYELV
Hogyan nevezt‚k a t”rv‚nyerejû rendeleteket egyes abszol£t monarchi kban?;p ter;p tens; gens;agap‚;B;T™RTNELEM
"Hogy nevezik az ""Ög‚ret f”ldj‚t"" a Bibli ban?";Jeruzs lem;K na n;Nirv na;Babil¢n;B;VALLµS
Melyik orsz g D‚l-Amerika legn‚pesebb  llama?;Argent¡na;Braz¡lia;Chile;Kolumbia;B;ORSZµGOK
Milyen csal di viszony volt M ria Ter‚zia ‚s II. J¢zsef k”z”tt?;apa-l nya;anya-fi£;nagyn‚ni-unoka”cs;nagyb csi-unokah£g;B;T™RTNELEM
Ki ‚p¡ttetett ap caz rd t a Margit-szigeten?;K roly R¢bert;IV. B‚la;K”nyves K lm n;Szent Istv n;B;T™RTNELEM
Mi tette m ig ismertt‚ Landerer Lajos nev‚t?;v rkast‚lya;k v‚h za;nyomd ja;b ny ja;C;T™RTNELEM
Melyik film h‹sek‚nt t‚rt vissza a filmv szonra Pelik n J¢zsef, egykori g t‹r?;A hamis tan£;Megint tan£;A v d tan£ja;A n‚ma tan£;B;FILM
Mikor keletkeztek a gest k?;az ‹skorban;az ¢korban;a k”z‚pkorban;az £jkorban;C;IRODALOM
Ki ¡rt monument lis reg‚nyt a bibliai J¢zsef ‚s testv‚rei t”rt‚net‚r‹l?;Robert Musil;Lion Feuchtwanger;Thomas Mann;Franz Werfel;C;IRODALOM
Mi a c¡me a Clint Eastwood f‹szerepl‚s‚vel k‚szlt 1971-es bûngyi filmnek?;Kem‚ny Harry;Barb r Benny;Mark ns Marty;Piszkos Harry;D;FILM
Az al bbiak k”zl melyik egy b‹, fodros ujj£ n‹i ruhadarab neve?;ingmell;ingujj;inggomb;ingv ll;D;µLTALµNOS
Melyik mûv‚szeti  g k‚pvisel‹jek‚nt v lt h¡ress‚ Amerigo Tot?;szobr szk‚nt;szabadul¢-mûv‚szk‚nt;illuzionistak‚nt;k”lt‹k‚nt;A;MëVSZET
Hol szletett Arany J nos?;Szklabony n;rmindszenten;Nagyszalont n;Sztregov n;C;IRODALOM
H ny farkassal kzd”tt meg a n dasban Toldi Mikl¢s Arany J nos mûv‚ben?;eggyel;kett‹vel;h rommal;kilencvenkilenccel;B;IRODALOM
Mi Willy Loman foglalkoz sa Arthur Miller k”zismert dr m j ban?;katona;orvos;gyn”k;¡r¢;C;IRODALOM
Az ‚v mely nnepnapj n szletett Pet‹fi S ndor?;£j‚vkor;h£sv‚t vas rnapj n;pnk”sdkor;kar csony este;A;IRODALOM
Mi kell a sn£roz s nevû j t‚khoz?;k rtya;dob¢kocka;p‚nz‚rm‚k;labda;C;JµTK
Melyik k‚miai elem latin eredetû neve a sulfur?;k‚n;r‚z;szel‚n;vas;A;TUDOMµNY
Kinek a testamentum r¢l sz¢l Fekete Istv n ifj£s gi reg‚nye?;a budai pasa;a t”r”k szult n;a kopp nyi aga;az isztambuli janics r;C;IRODALOM
Honnan ¡rt leveleket K”rmendi J nos k”nyv‚nek c¡me szerint?;reumatol¢gi r¢l;urul¢gi r¢l;parapszichol¢gi r¢l;hipochondri r¢l;B;µLTALµNOS
Mikor keletkezik a t”rek?;gabonacs‚pl‚skor;fav g skor;t‚gla‚get‚skor;sz‹l‹pr‚sel‚skor;A;µLTALµNOS
Melyik labdar£g¢ klubcsapatban j tszott T”r‹csik Andr s?;Ferencv ros;Kispest Honv‚d;éjpesti D¢zsa;Vasas;C;SPORT
Az al bbiak k”zl melyik nevezetes nap a nagyb”jt kezdete?;mindenszentek napja;pnk”sd vas rnap;hamvaz¢szerda;h£sv‚t h‚tf‹;C;VALLµS
Milyen ember a homo sapiens az elnevez‚s szerint?;tûzgy£jt¢;felegyenesedett;j t‚kos;b”lcs;D;NYELV
Kinek az alkot sa a h¡res szimb¢lum, a b‚kegalamb?;Dali;Picasso;Klee;Matisse;B;KPZŠMëVSZET
Melyik h¢napban nneplik az USA-ban a fggetlens‚g napj t?;janu rban;m jusban;j£liusban;novemberben;C;ORSZµGOK
Melyik megy‚nkben tal lhat¢ a t”rt‚nelmi hangulat£ Szigetv r?;Somogy;Heves;N¢gr d;Baranya;D;F™LDRAJZ
Ki volt Szemiramisz, akinek nev‚hez a h¡res fgg‹kert kapcsol¢dik?;g”r”g istenn‹;assz¡r kir lyn‹;egyiptomi f ra¢;D vid kegyence;B;T™RTNELEM
Ki foglalkozik k‹nyomatokkal az al bbiak k”zl?;etnogr fus;bibliogr fus;litogr fus;biogr fus;C;NYELV
Kinek j¢solta meg kir lyi c¡m‚t h rom boszork ny Shakespeare egyik dr m j ban?;III. Rich rdnak;VIII. Henriknek;Macbethnek;Hamletnek;C;IRODALOM
Melyik J¢kai-reg‚ny szerepl‹je a kett‹s ‚lelet ‚l‹ Fatia Negra?;Rab R by;S rga r¢zsa;Szeg‚ny gazdagok;Gazdag szeg‚nyek;C;IRODALOM
"Melyik nemzetis‚get fedi a ""t¢t"" elnevez‚s?";osztr kot;szerbet;szlov kot;bolg rt;C;NYELV
Az al bbiak k”zl melyik b¡r¢s gi kifejez‚s egy Kafka-reg‚ny c¡me is?;A v dlott;A per;A t rgyal s;A bizony¡t‚k;B;IRODALOM
Melyik mûv‚szeti  gban alkot Kurt g Gy”rgy?;zene;szobr szat;fest‚szet;irodalom;A;MëVSZET
Minek a reformj val foglalkozott a Ratio Educationis?;l¢teny‚szt‚s;kereskedelem;oktat s;hadsereg;C;T™RTNELEM
Minek az eleme a szarufa?;ajt¢tok;tet‹szerkezet;parketta;ablaksz rny;B;PÖTSZET
Mi Drezda foly¢ja?;Rajna;Spree;Elba;Odera;C;F™LDRAJZ
Mit javasol Hamlet Opheli nak az Arany J nos-f‚le ford¡t sban?;im dkozzon t”bbsz‹r;legyen cs b¡t¢bb;k”lt”zz”n haza anyj hoz;vonuljon kolostorba;D;IRODALOM
Melyik nem s¡kidom az al bbiak k”zl?;trap‚z;rombusz;has b;deltoid;C;TUDOMµNY
Melyik n”v‚ny tartozik a nyitvaterm‹k k”z‚?;jegenyefeny‹;kocs nyos t”lgy;gy”ngyvir g;cukorn d;A;BIOLàGIA
Kit neveztek r‚gen jur tusnak?;a juh szbojt rt;a joggyakornokot;a r‚g‚szt;az ‚p¡t‚szt;B;NYELV
Milyen sof‹rt j tszott Robert De Niro Scorsese vil gh¡rû filmj‚nek c¡mszerepl‹jek‚nt?;kamion;taxi;aut¢busz;teheraut¢;B;FILM
Melyik spanyol v ros nevezetess‚ge az Alhambra?;Sevilla;Madrid;Cordoba;Granada;D;ORSZµGOK
Hol ‚rzi mag t rosszul, aki klausztrof¢bi s?;magasban;v¡zben;p¢kok k”z”tt;z rt helyeken;D;µLTALµNOS
Melyik sport g c¡mad¢ja az LGT egyttes egyik dal nak?;a j‚ghoki;a foci;a sakk;az ”k”lv¡v s;D;ZENE
"Melyik mûb‹l sz rmazik a sz ll¢ige? ""R‚gi dics‹s‚gnk, hol k‚sel az ‚ji hom lyban?""";Huszt;F”lt madott a tenger;A magyarokhoz;Zal n fut sa;D;IRODALOM
"Melyik k‚miai elem vegyjele a ""Cr""?";kl¢r;kripton;kalcium;kr¢m;D;TUDOMµNY
Kinek a kardj hoz hasonl¡tjuk az  lland¢an fenyeget‹ vesz‚lyt?;Lukullusz;Prrosz;Damokl‚sz;Hektor;C;µLTALµNOS
Hogy h¡vj k a f‹h‹s szolg l¢j t V”r”smarty Mih ly Csongor ‚s Tnd‚j‚ben?;Balga;Bamba;Sete;Suta;A;IRODALOM
Melyik sport gban lehet vez‚rcselt v‚grehajtani?;a labdar£g sban;a j‚gkorongban;asztaliteniszben;a sakkban;D;SPORT
Melyik nem igem¢d a magyar nyelvben?;kijelent‹;felt‚teles;felsz¢l¡t¢;k‚rd‹;D;NYELV
Shakespeare melyik h‹s‚t j tszotta el filmen Leonardo DiCaprio?;Antonius;Hamlet;R¢me¢;Othello;C;FILM
Melyik v rosunkban l togathat¢ a Fûszerpaprika M£zeum?;Szegeden;Mak¢n;Kalocs n;Gyul n;C;MAGYARORSZµG
Melyik h¡res filoz¢fus foglalkozott a l‚gnyom s ‚s a hidrodinamika vizsg lat val?;Leibniz;Pascal;D‚mokritosz;Anaxagor sz;B;TUDOMµNY
"Mi a c¡me a n‚pszerû tini-horrorfilmnek: ""Tudom, mit tett‚l ?""";a j‚gcs k nnyal;tavaly ny ron;id‚n a ballag son;a l ncfûr‚sszel;B;FILM
Melyik magyar h¡ress‚g neve szerepel helytelenl le¡rva?;Th”k”ly Imre;Sz‚ch‚nyi Ferenc;We”res S ndor;V”r”smarthy Mih ly;D;NYELV
Melyik n”v‚nycsal dba tartoznak a bambuszok?;p zsitfûf‚l‚k;p lmaf‚l‚k;ban nf‚l‚k;vasfûf‚l‚k;A;BIOLàGIA
Melyik mai orsz g terlet‚n tal lhat¢ Havasalf”ld?;Ukrajna;Rom nia;Lengyelorsz g;T”r”korsz g;B;F™LDRAJZ
Milyen gyarmat volt a mai Alg‚ria?;holland;belga;spanyol;francia;D;T™RTNELEM
Melyik mai  llam terlet‚n tal lhat¢ a katonai fegyelm‚r‹l h¡ress‚ v lt ¢kori Sp rta?;Egyiptom;G”r”gorsz g;Olaszorsz g;T”r”korsz g;B;T™RTNELEM
Mi a neve a legenda szerint hord¢ban lak¢ g”r”g filoz¢fusnak?;Diom‚d‚sz;Dionszosz;Diogen‚sz;Diocletianus;C;T™RTNELEM
Az al bbiak k”zl melyik egy Gogol-mû c¡me?;Egy koz k harcai;Egy komissz r feljegyz‚sei;Egy muzsik ‚lete;Egy ‹rlt napl¢ja;D;IRODALOM
Milyen  llatot nevez a n‚pnyelv  rt nynak?;vaddiszn¢t;bivalyt;sert‚st;farkast;C;BIOLàGIA
Melyik magyar eredetû n‚v?;Benj min;Bern t;Br£n¢;B¢dog;D;NYELV
Melyik  llat bont si r‚sz‚t nevezik orj nak?;sert‚s;marha;kacsa;ny£l;A;KONYHA
Mely v rosban tekinthet‹ meg Leonardo az Utols¢ vacsora c¡mû fresk¢ja?;Firenz‚ben;Mil n¢ban;R¢m ban;Velenc‚ben;B;MëVSZET
Mikor ny¡lik ki az £jszl”tt kismacsk k szeme?;egy nap ut n;kb. m sf‚l h‚t ut n;kb. h rom h‚t ut n;egy h¢nap ut n;B;BIOLàGIA
Milyen gy rt s mell‚kterm‚kek‚nt keletkezik a melasz?;cukor;gumi;cement;ac‚l;A;TUDOMµNY
Ki a vil gh¡rû amerikai Fonda-sz¡n‚szdinasztia legid‹sebb tagja?;Jane Fonda;Henry Fonda;Peter Fonda;Bridget Fonda;B;FILM
Milyen sz rmaz s£ volt a h¡res dr ma¡r¢, Lope de Vega?;portug l;spanyol;mexik¢i;kubai;B;IRODALOM
Milyen term‚szetrajz szerepel Nagy Lajos humoros mûv‚nek a c¡m‚ben?;k‚pes;k‚ptelen;hasznos;haszontalan;B;IRODALOM
Hogyan nevezt‚k az ¢kori R¢m ban a szolg lati idejk v‚g‚n j r¢, majd lek”sz”n‹ katon kat?;mimusok;obsitosok;veter nok;pontifexek;C;T™RTNELEM
Melyik szeszesital a Bloody Mary kokt‚l alapanyaga?;rum;vodka;whisky;gin;B;KONYHA
Mely v ros b¡r ja volt Robin Hood  d z ellens‚ge?;Manchester;Nottingham;York;Birmingham;B;IRODALOM
"Minek ""asszony a neve"" Hamlet szerint?";zs‚mbess‚g;gyarl¢s g;bujas g;hi£s g;B;IRODALOM
Milyen a f d ember?;hars ny;unalmas;sz‚tsz¢rt; br ndoz¢;B;NYELV
Mikor van az ‚szaki f‚ltek‚n az ‹szi nap‚jegyenl‹s‚g?;szeptember 23.;szeptember 27.;okt¢ber 23.;okt¢ber 27.;A;TUDOMµNY
Kiknek az uralkod¢ja volt Kopasz K roly?;angolok;vikingek;frankok;biz nciak;C;T™RTNELEM
Melyik orsz g Monaco egyetlen szomsz‚dja?;Olaszorsz g;Spanyolorsz g;Franciaorsz g;Sv jc;C;F™LDRAJZ
Melyik ‚lelmiszer a mad rtej egyik alapanyaga az al bbiak k”zl?;t£r¢;toj s;di¢;lekv r;B;KONYHA
Hol tekinthet‹ meg a Lehel krtjek‚nt ismert r‚g‚szeti lelet?;Veszpr‚mben;J szber‚nyben;Debrecenben;Sopronban;B;MAGYARORSZµG
Melyik egyttest alap¡totta Solt‚sz Rezs‹?;Express;Apostol;Corvina;Neoton;C;ZENE
Kit v lasztottak Erd‚ly fejedelm‚v‚ 1704-ben?;Kem‚ny J nost;Th”k”ly Imr‚t;II. Apafi Mih lyt;II. R k¢czi Ferencet;D;T™RTNELEM
Milyen levest k‚sz¡t, aki kelvir g levest f‹z?;brokkoli;karfiol;karal b‚;k poszta;B;KONYHA
Melyik magyar kir ly foglalta el B‚cset?;I. L szl¢;II. Andr s;Nagy Lajos;M ty s;D;T™RTNELEM
Melyik sport gban nyert vil gbajnoks got a J¢nyer-Klamp r p ros?;tenisz;mûkorcsoly z s;asztalitenisz;kajak-kenu;C;SPORT
Melyiket nevezt‚k dramolettnek?;a t£ls£lyos sz¡n‚szn‹t;a r”videbb sz¡nmûvet;az id‹sebb n‹i szerepk”rt;a kisebb sz¡nh zat;B;SZÖNHµZ
Kik v¡vt k a peloponn‚szoszi h bor£t?;R¢ma ‚s Karth g¢;Ath‚n ‚s Sp rta;Ur ‚s Uruk;Memphisz ‚s Th‚ba;B;T™RTNELEM
Az al bbiak k”zl melyik egy n‚pszerû Zilahy-reg‚ny c¡me?;Valamit s£g a sz‚l;Valamit visz a v¡z;Valamit suttog a fenyves;Valamit  lmodik a nyomor;B;IRODALOM
Hol volt gimn ziumi tan r Arany J nos?;Nagyszalont n;Kis£jsz ll son;Nagyk‹r”s”n;Aradon;C;IRODALOM
Melyik bibliai v rosba kldte az ér J¢n st, hogy lak¢it bûnb natra intse?;Ninive;Jerik¢;Szodoma;Jeruzs lem;A;VALLµS
Mi a foglalkoz sa Papagen¢nak Mozart: A var zsfuvola c¡mû oper j ban?;madar sz;hal sz;vad sz;kan sz;A;OPERA
Melyik film folytat sa Ridley Scott Hannib l c¡mû filmje?;A nyolcadik utas: a hal l;A b r nyok hallgatnak;Gladi tor;Hetedik;B;FILM
Kik a h‹sei a Hah¢, ™csi! c¡mû mesefilmnek?;Berzsi n ‚s Dideki;Vacskamati ‚s Mikkamakka;K”k”jszi ‚s Bobojsza;Lolka ‚s Bolka;C;FILM
Melyik egy szigor£ szab lyok szerint szerkesztett, virtu¢z versciklus elnevez‚se?;balladafz‚s;szonettkoszor£;dalcsokor;¢davir g;B;IRODALOM
Melyik mûv‚szeti  g k‚pvisel‹je Cameron Diaz?;fest‹;szobr sz;sz¡n‚sz;‚nekes;C;MëVSZET
Ki volt r‚gen a v rosi kocsm k italm‚r‚s‚nek felgyel‹je?;s”nt‚smester;borb¡r¢;cs rdakomissz r;sernagy;B;µLTALµNOS
Melyik hangszer vil gh¡rû mûv‚sze volt Fischer Annie?;hegedû;gordonka;h rfa;zongora;D;OPERA
Melyik orsz gban szletett F‚d‚ric Chopin?;francia;lengyel;orosz;osztr k;B;OPERA
Az al bbiak k”zl melyik lehet szeladon?;egy kihalt ‹sl‚ny;egy ifj£ udvarl¢;egy hatalmas kutya;egy hamvas hajadon;B;NYELV
Melyik nem radioakt¡v elem az al bbiak k”zl?;magn‚zium;pol¢nium;ur n;r dium;A;TUDOMµNY
Az al bbi eur¢pai mini llamok k”zl melyik k”zt rsas g?;San Marino;Andorra;Monaco;Liechtenstein;A;ORSZµGOK
Ki ¡rta a Fr Elise c¡mû zongoradarabot?;Schubert;Beethoven;Chopin;Mozart;B;OPERA
Melyik orsz g kommunista p rtj nak volt els‹ embere Enver Hodzsa?;Alb nia;Sz¡ria;T”r”korsz g;Bulg ria;A;T™RTNELEM
Melyik francia k”zt rsas gi eln”kr‹l neveztek el mûv‚szeti ‚s kultur lis k”zpontot P rizsban?;Charles de Gaulle;Georges Pompidou;Francois Mitterand;Jacques Chirac;B;µLTALµNOS
Hol ‹shonos a napraforg¢?;Eur¢p ban;Amerik ban;Afrik ban;µzsi ban;B;BIOLàGIA
Melyik sport gban nyert vil gbajnoks got 1972-ben Monspart Sarolta?;¡j szat;tek‚z‚s;evez‚s;t jfut s;D;SPORT
Ki nem osztr k zeneszerz‹ az al bbiak k”zl?;Schubert;Britten;Mahler;Haydn;B;OPERA
A matematik nak melyik  ga foglalkozik a sz”gfggv‚nyekkel?;algebra;trigonometria;fggv‚nytan;kombinatorika;B;TUDOMµNY
Mit k‚rt a sz ll¢ige szerint Goethe a hal los  gy n?;egy poh r vizet;feloldoz st;hatalmat a n‚pnek;t”bb f‚nyt;D;IRODALOM
Mi Vietnam f‹v rosa?;Phenjan;Hanoi;Ho Si Minh-v ros;Hai Phong;B;ORSZµGOK
Melyik nem  zsiai f‹v ros az al bbiak k”zl?;Colombo;Kart£m;Damaszkusz;Islamabad;B;ORSZµGOK
Hogy h¡vt k az Aranycsapat sz”vets‚gi kapit ny t?;Illovszky Rudolf;Bar¢ti Lajos;Sebes Guszt v;Hoffer J¢zsef;C;SPORT
Milyen anyagb¢l k‚szl a mitol¢gia szerint ‚letre kelthet‹ ¢ri sszobor, a g¢lem?;bronz;m rv ny;agyag;fa;C;VALLµS
Mit k‚sz¡t, aki szusz‚kot csin l?;l d t; gyat;bund t;paplant;A;NYELV
H ny szab lyos h romsz”g hat rol egy okta‚dert?;4;6;8;12;C;TUDOMµNY
"Melyik egyttes keltett nagy feltûn‚st ""B bu vagy""c¡mû sz m val az 1981-es T ncdalfesztiv lon?";LGT;URH;KFT;VHK;C;ZENE
Melyik orsz ggal nem hat ros Szlov‚nia az al bbiak k”zl?;Ausztria;Jugoszl via;Magyarorsz g;Horv torsz g;B;F™LDRAJZ
Melyik orsz gb¢l sz rmazik Vangelis, a vil gh¡rû muzsikus?;Spanyolorsz g;G”r”gorsz g;India;Mexik¢;B;ZENE
Melyik orsz gban tal lhat¢ a Mazuri-t¢h ts g?;Finnorsz g;Olaszorsz g;Lengyelorsz g;Spanyolorsz g;C;F™LDRAJZ
Milyen sors szerepel Solohov kisreg‚ny‚nek c¡m‚ben?;bossz£ ll¢;emberi;gondolkod¢;kisz m¡thatatlan;B;IRODALOM
"Mi a teljes c¡me Koltai R¢bert filmj‚nek: ""Csocs¢, avagy ?""";Munk s”k”l, vas”k”l;Mint a m¢kus fenn a f n;ljen m jus elseje!;Pusk s ™csi a kir ly;C;FILM
Mely orsz g fizet‹eszk”ze a jan?;K¡na;Jap n;Vietn m;D‚l-Korea;A;µLTALµNOS
Melyik labdar£g¢ csapat nyerte meg a 2001. ‚vi Bajnokok Lig ja -d”nt‹t?;Valencia;Real Madrid;Bayern Mnchen;Liverpool;C;SPORT
Melyik nem hat r llom s az al bbi telepl‚sek k”zl?;Rajka;R‚dics;R”szke;R ckeve;D;MAGYARORSZµG
Melyik fert‹z‹ betegs‚g neve szerepel G rdos P‚ter egyik filmj‚nek c¡m‚ben?;R¢zsahiml‹;B r nyhiml‹;Szam rk”h”g‚s;Torokgy¡k;C;FILM
Melyik egy ismert Shakespeare-mû c¡me?;Tavaszi t”rt‚net;Ny ri monda;Šszi legenda;T‚li rege;D;IRODALOM
Melyik v ros vil gh¡rû m£zeuma a Prado?;Firenze;Barcelona;Velence;Madrid;D;µLTALµNOS
Melyik sz¡nh zban tartja ”n ll¢ mûsorait Hofi G‚za 1983 ¢ta?;V¡gsz¡nh z;Vid m Sz¡npad;Mikroszk¢p Sz¡npad;Mad ch Kamara;D;SZÖNHµZ
Melyik egy Sz”r‚nyi Levente ‚s Br¢dy J nos  ltal ¡rt rockopera c¡me?;A kitasz¡tott;A ki tkozott;Az el tkozott;A kitagadott;B;ZENE
Melyik v ros l ngjai szerepelnek Aszafjev balettj‚nek c¡m‚ben?;Moszkva;P rizs;R¢ma;London;B;MëVSZET
Melyik magyar t ncdal‚nekesn‹ dalolt ¢lomkaton r¢l?;Koncz Zsuzsa;Katona Kl ri;Cserh ti Zsuzsa;Kov cs Kati;B;ZENE
Kik v¡vt k Kr. e. 490-ben a marath¢ni csat t?;r¢maiak ‚s perzs k;r¢maiak ‚s punok;g”r”g”k ‚s perzs k;g”r”g”k ‚s punok;C;T™RTNELEM
Melyik zenei ir nyzat tal lhat¢ Hob¢ egyttes‚nek nev‚ben?;country;blues;rap;reggae;B;ZENE
Melyik orsz ggal nem hat ros Szlov kia az al bbiak k”zl?;Rom nia;Ausztria;Csehorsz g;Lengyelorsz g;A;ORSZµGOK
"H ny ""szûk"" ‚s ""b‹"" esztend‹r‹l olvashatunk a Bibli ban?";h rom;h‚t;t¡z;tizenkett‹;B;VALLµS
Hol hivatalos nyelv a francia ‚s a flamand?;Andorra;Liechtenstein;Luxemburg;Belgium;D;ORSZµGOK
Melyiket nevezik trencsk¢nak?;r”vid l b£ vad szebet;kab tfajt t;p nc‚lszekr‚nyt;edz‹cip‹t;B;NYELV
Milyen madarak n sza szerepel egy ismert Ady-vers c¡m‚ben?;sas;h‚ja;keselyû;v‚rcse;B;IRODALOM
Melyik orsz gt¢l szakadt el 1949-ben Tajvan szigete?;India;Jap n;Fl”p-szigetek;K¡na;D;T™RTNELEM
Melyik h¡res film f‹szerep‚t nem Jean-Paul Belmondo j tszotta?;Zsaru vagy csirkefog¢;A ri¢i kaland;Szabadl bon Velenc‚ben;Egy f‚rfi ‚s egy n‹;D;FILM
Melyik ‚nekesn‹ volt John Travolta partnere a Pom d‚ c¡mû filmben?;Madonna;Olivia Newton-John;Whitney Houston;Cher;B;FILM
Kije volt Szent Istv nnak Orseolo P‚ter, a m sodik magyar kir ly?;fia;unok ja;testv‚re;unoka”ccse;D;T™RTNELEM
Melyik hangszer nincs a von¢sn‚gyesben az al bbiak k”zl?;br csa;hegedû;nagyb‹g‹;gordonka;C;OPERA
Kir‹l sz¢l Kodol nyi J nos Az ‚g‹ csipkebokor c¡mû mûve?;Julianus bar tr¢l;M¢zesr‹l;Keresztel‹ Szent J nosr¢l;Szent L szl¢r¢l;B;IRODALOM
Kik hordt k eredetileg az anor kot?;a serp k;az eszkim¢k;a lappok;a nyenyecek;B;T™RTNELEM
Hogyan nevezt‚k kedveskedve a homlokba hull¢ kis fodor n‹i hajfrt”t?;huncutka;mucika;p”nd”rke;tekercske;A;µLTALµNOS
Milyen r‚sze egy ruh nak a zsab¢?;h¡mzett zseb;csipk‚s mellfodor;kem‚ny¡tett ingujj;csipk‚s gall‚r;B;µLTALµNOS
Hol mossa a leped‹j‚t µgnes asszony Arany J nos ballad j ban?;a patakban;a k£tn l;a Tisz ban;a tekn‹ben;A;IRODALOM
Mivel foglalkozott id‹sebb Rubik Ern‹?;ûrkutat ssal;repl‹g‚p-‚p¡t‚ssel;j t‚kgy rt ssal;g‚pkocsigy rt ssal;B;TECHNIKA
Hol ‚p¡tettek hidat az angol hadifoglyok David Lean filmj‚ben?;t£l messze;a Zamb‚zin;a Kwai foly¢n;a Szakvenen;C;FILM
Az aut¢ melyik alkatr‚sz‚t tal lta fel B nki Don t ‚s Csonka J nos?;a f‚kbet‚tet;a sebess‚gv lt¢t;a leng‚scsillap¡t¢t;a porlaszt¢t;D;TECHNIKA
Mivel keltette ‚letre teremtm‚ny‚t dr. Frankenstein az eredeti t”rt‚netben?;kl¢noz ssal;cs¢kkal;m gneses indukci¢val;elektromoss ggal;D;IRODALOM
Hogyan t j‚koz¢dnak ‚jszaka a denev‚rek?;ultrahanggal;karmaikkal;sz rnyaikkal;faroktollaikkal;A;BIOLàGIA
"Kinek a nev‚hez fûz‹dik a mond s: ""A kocka el van vetve""?";Sz¢krat‚sz;Thal‚sz;Julius Caesar;Rubik Ern‹;C;µLTALµNOS
"Kinek a feles‚ge volt Andr ssy Katinka, a ""v”r”s gr¢fn‹""?";Andr ssy Gyula;Tisza K lm n;K rolyi Mih ly;E”tv”s J¢zsef;C;T™RTNELEM
Az el‹l‚nyek milyen k‚pess‚ge a mimikri?;sz razs gtûr‚s;f‚nyenergia- talak¡t s;sz¡n- ‚s alakut nz s;szaganyag-felismer‚s;C;BIOLàGIA
Ki kerl k”zelebbi kapcsolatba a tizenn‚gy kar tos aut¢val a Rejt‹-reg‚nyben?;Gorcsev Iv n;Flig Jimmy;Tusk¢ Hopkins;az igazi Trebitsch;A;IRODALOM
Melyik neves csal d ‚p¡tett kast‚lyt Fert‹d”n?;Batthy ny;Sz‚chenyi;Esterh zy;R k¢czi;C;MAGYARORSZµG
Ki alak¡tja Esmerald t a n‚pszerû sorozatban?;Leticia Calder¢n;Lucelia Santos;Salma Hayek;Imelda Marcos;A;µLTALµNOS
Mi a f‹ exportcikke az OPEC tagorsz goknak?;a hal;a k‹olaj;a b£za;a k v‚;B;µLTALµNOS
Pet‹fi melyik vers‚ben ”r”k¡tette meg kora nagy sz¡n‚sze, Megyeri K roly alakj t?;Sz¡n‚szdal;A tint sveg;Sz¡nh zban;Szilveszter ‚je 1847-ben;B;IRODALOM
Melyik j t‚khoz nincs szks‚g j t‚kt bl ra?;d ma;backgammon;go;rikiki;D;JµTK
Hogy h¡vt k az Aranycsapat sz”vets‚gi kapit ny t?;Illovszky Rudolf;Bar¢ti Lajos;Sebes Guszt v;Hoffer J¢zsef;C;SPORT
Kik tal lt k fel a kajakot?;az eszkim¢k;a k¡naiak;a hollandok;az ink k;A;TECHNIKA
Hol volt Min¢taurosz h¡res labirintusa?;M lt n;Cipruson;Kr‚t n;Korzik n;C;T™RTNELEM
Melyik nem kihalt  llat az al bbiak k”zl?;dinoszaurusz;mauritiusi dod¢;mamut;tap¡r;D;BIOLàGIA
Kir‹l nevezt‚k el vulk nnak a tûzh ny¢kat?;egy r¢mai istenr‹l;egy mongol uralkod¢r¢l;egy szigetr‹l;egy ¢kori v rosr¢l;A;NYELV
Hol l togathatjuk meg Magyarorsz gon a Kov cs Margit M£zeumot?;Kaposv ron;P‚csett;P p n;Szentendr‚n;D;MAGYARORSZµG
Mi az ¢kori egyiptomiak szent bogar nak, a szkarabeusznak a mai neve?;szarvasbog r;katicabog r;galacsinhajt¢ bog r;k‹risbog r;C;BIOLàGIA
Mi a kapcsolat Pollack Mih ly ‚s a Nemzeti M£zeum ‚plete k”z”tt?;‹ volt az els‹ igazgat¢ja;‹ tervezte;adom nnyal seg¡tette;‹ restaur lta;B;T™RTNELEM
Mi az angol tr¢n”r”k”s hagyom nyos c¡me?;Lord Mayor;inf ns;windsori herceg;walesi herceg;D;µLTALµNOS
Melyik rock-egyttes ‚nekese volt Freddie Mercury?;AC/DC;Rolling Stones;Queen;Led Zeppelin;C;ZENE
Melyik orsz g nem szigetorsz g?;Sri Lanka;Örorsz g;Honduras;Tajvan;C;F™LDRAJZ
Hol ‚lnek a jegesmedv‚k?;az szaki-sarkon;a D‚li-sarkon;mindk‚t sarkvid‚ken;D‚l-Ausztr li ban;A;BIOLàGIA
Melyik munka eszk”ze a vet‚l‹?;fon s;vet‚s;sz”v‚s;arat s;C;TECHNIKA
Melyik betegs‚g ellen v‚denek a Sabin-cseppek?;torokgy¡k;gyermekb‚nul s;szam rk”h”g‚s;tuberkol¢zis;B;BIOLàGIA
Melyik n”v‚ny sz r¡tott h£sa a kopra?;kivi;k¢kuszdi¢;licsi;kesudi¢;B;BIOLàGIA
Melyik orsz g uralkod¢ja volt Krisztina kir lyn‹, akit filmen Greta Garbo is megszem‚lyes¡tett?;Norv‚gia;D nia;Sv‚dorsz g;Finnorsz g;C;T™RTNELEM
Mennyi p‚nz‚rt  rulta el J£d s J‚zust?;”tven arany‚rt;harminc ezst‚rt;negyven ezst‚rt;h£sz arany‚rt;B;VALLµS
Melyik orsz g t nca volt eredetileg a tang¢?;Argent¡na;Portug lia;Spanyolorsz g;Braz¡lia;A;ORSZµGOK
Melyik kl”nleges hangszer zen‚sze Ravi Shankar?;szit r;konga;tabla;cseleszta;A;OPERA
Milyen sz rmaz s£ a k‚preg‚ny- ‚s filmh‹s Asterix?;gall;normann;vand l;viking;A;FILM
Melyik Grimm-mesefigur r¢l ¡rt balettzen‚t Csajkovszkij?;Csipker¢zsik r¢l;H¢feh‚rk‚r‹l;Hamupip‹k‚r‹l;Hvelyk Matyir¢l;A;OPERA
Milyen c‚lra k‚sz¡tik a standfot¢kat?;ûrobjektumok tanulm nyoz s ra;csal di albumba;meteorol¢giai vizsg latokra;rekl mc‚lokra;D;µLTALµNOS
Mi volt a neve Jurij Gagarin ûrhaj¢j nak?;Luna-1;Voszhod-1;Vosztok-1;Szojuz-1;C;TECHNIKA
Milyen  llatb¢l van kev‚s Mad ch sz ll¢ig‚je szerint?;kuty b¢l;r¢k b¢l;f¢k b¢l;bolh b¢l;C;IRODALOM
Az al bbiak k”zl melyiket tal lta fel Alfred Nobel sv‚d vegy‚sz?;a vill mh r¡t¢t;a dinamitot;a teflonbevonatot;az aszpirint;B;TUDOMµNY
Mit szeretne enni J¢zsef Attila a De szeretn‚k gazdag lenni kezd‹sor£ vers‚ben?;libasltet;csirkecombot;pulykamellet;kacsal bat;A;IRODALOM
Ki adott ki uk zt?;Gutenberg J nos;II. Andr s;az orosz c r;Batu k n;C;T™RTNELEM
"Melyik opera bordal ban hallhatjuk a ""Gondold meg ‚s igy l!"" kezdetû sorokat?";Verdi: Traviata;Erkel: B nk b n;Bizet: Carmen;Gounod: Faust;B;OPERA
"Kinek a v¡gj t‚ka alapj n k‚szlt a ""My Fair Lady"" c¡mû musical?";Shakespeare;Oscar Wilde;G.B.Shaw;Neil Simon;C;IRODALOM
Az al bbi t”rt‚nelmi alakok k”zl kit nem µd m szem‚lyes¡t meg Az ember trag‚di j ban?;Miltiad‚sz;Kepler;Michelangelo;Danton;C;IRODALOM
Mely  llam mely korszak t nevezzk viktori nus kornak?;Franciaorsz g, XVII. sz zad;Anglia, XIX. sz zad;N‚metorsz g, XX. sz zad;Spanyolorsz g, XVIII. sz zad;B;T™RTNELEM
Melyik atl‚t nak  ll¡tottak m‚g ‚let‚ben szobrot haz j ban?;Al Oerter;Paavo Nurmi;Emil Z topek;Jesse Owens;B;SPORT
Ki volt az els‹ k”zt rsas gi eln”k Magyarorsz gon a II. vil gh bor£ ut n?;Nagy Ferenc;Szakasits µrp d;Dobi Istv n;Tildy Zolt n;D;T™RTNELEM
"Hogyan folytat¢dott Oliver Cromwell £j mint j£ hadsereg‚nek a jelszava? ""Bizz Istenben ‚s ...""";nyergeld a lovadat!;ne higgy a kir lyoknak!;tartsd sz razon a puskaport!;‚p¡ts flott t!;C;T™RTNELEM
Melyik sport g szakkifejez‚sei a csap ssz m, az oldalv¡z ‚s a t‚rdepl‹?;kenu;evez‚s;kajak;vitorl z s;A;SPORT
Mit jelent az intervenci¢?;k”zj t‚k;beavatkoz s;‚rt‚kcs”kken‚s;figyelmeztet‚s;B;NYELV
Az al bbi v¡zi j rmûvek k”zl melyiknek nincs vitorl ja?;k¡lb¢t;fregatt;bark;brigg;A;TECHNIKA
Melyik sport gban lett k‚tszeres olimpiai bajnok Gyulai Zsolt?;kajakoz s;birk¢z s;v¡v s;£sz s;A;SPORT
Az al bbiak k”zl melyik nem ûrrepl‹g‚p?;Mercury;Atlantis;Columbia;Discovery;A;TECHNIKA
"Eg‚sz¡tse ki a Heltai-id‚zetet! ""Az ‚let sz‚p, ...""";b r f j¢, sajg¢ n‚ha m‚g.;ak r a k”nnyû  lom!;ten‚ked magyar zzam?;erre inni kell!;C;IRODALOM
Ki Julia Roberts partnere a Micsoda n‹! c¡mû v¡gj t‚kban?;Tom Hanks;Mel Gibson;Richard Gere;Kurt Russel;C;FILM
Mit ‹riz a g”r”g mitol¢gi ban Cerberus?;Zeusz palot j t;az alvil g kapuj t;az istenek  lm t;a tzet;B;VALLµS
Ki kldte Szent Istv nnak a kir lyi koron t?;X. Pius p pa;II. Szilveszter p pa;Cirill ‚s Met¢d;XI. Gergely p pa;B;T™RTNELEM
Milyen az a v llalat, amelynek likvidit si probl‚m i vannak?;k”rnyezetszennyez‹;mûszakilag elmaradott;exportk‚ptelen;fizet‚sk‚ptelen;D;NYELV
Melyik vitamin hi nya okozza a farkasvaks got?;D vitamin;K vitamin;A vitamin;B vitamin;C;BIOLàGIA
Mivel ¡zes¡tik a gabonap link t, amikor gint k‚sz¡tenek?; nizzsal;csipkebogy¢val;bor¢kabogy¢val;ginszenggel;C;KONYHA
Rejt‹ Jen‹ melyik mûv‚b‹l rendezett filmet Bujtor Istv n?;A L thatatlan L‚gi¢;Csontbrig d;A h rom test‹r Afrik ban;Piszkos Fred, a kapit ny;C;FILM
Melyik t”rt‚nelmi alakot j tszotta Vikid l Gyula az Istv n, a kir ly c¡mû rockopera ‹sbemutat¢j n?;Istv nt;Asztrikot;Kopp nyt;G‚z t;C;ZENE
Ki volt Daphnisz szerelmese az ¢kori mûben?;Dana‚;Khlo‚;Baucisz;Venus;B;IRODALOM
Milyen a c‚drus Csontv ry k‚p‚nek c¡me szerint?;kisz radt;hatalmas;mag nyos;vir gz¢;C;KPZŠMëVSZET
"Melyik orsz gban tev‚kenykedett a ""n‚gyek band ja""?";Amerikai Egyeslt µllamok;Szovjetuni¢;K¡na;Mexik¢;C;T™RTNELEM
Hogyan bûntette meg a Gittegylet Nemecsek Ern‹t A P l utcai fi£k c¡mû reg‚nyben?;kisbetûvel ¡rt k a nev‚t;megfrdett‚k a t¢ban;kiz rt k a csat b¢l;elvett‚k az veggoly¢it;A;IRODALOM
Melyik szerzetesrend-alap¡t¢ tev‚kenykedett Assisiben?;Szent Benedek;Szent Domonkos;Szent Ferenc;Szent µgoston;C;VALLµS
Melyik renesz nsz mûv‚sz tervezett repl‹g‚pet?;Dante;Leonardo da Vinci;Giorgio Vasari;Michelangelo Buonarroti;B;MëVSZET
Minek a mûk”d‚si elve sz rmazik Neumann J nost¢l?;a k‚p tvitel;a sz m¡t¢g‚p;a napelem;a sug rhajt¢mû;B;TECHNIKA
Mir‹l nevezt‚k el Batman ellenfel‚t a Tim Burton-f‚le sorozat els‹ filmj‚ben?;egy sakkfigur r¢l;egy rulett-kombin ci¢r¢l;egy k rtyalapr¢l;egy t ncl‚p‚sr‹l;C;FILM
Hov  indult az els‹ keresztes hadj rat?;Egyiptomba;Indi ba;a Szentf”ldre;Biz nc ellen;C;T™RTNELEM
Az al bbiak k”zl ki ¡rt sz¡nmûvet Szent Johann r¢l?;G. B. Shaw;Oscar Wilde;Neil Simon;Jean Giraudoux;A;IRODALOM
Melyik n”v‚nyt nevezik n‹sziromnak?;a tulip nt;az orchide t;az ¡riszt;a n rciszt;C;BIOLàGIA
Milyen hangszergy rat alap¡tott Ignaz B”sendorfer a 19. sz zadban?;zongora;orgona;hegedû;trombita;A;OPERA
Milyen nemzetis‚gû volt a Quo Vadis c¡mû reg‚ny szerz‹je?;lengyel;angol;olasz;orosz;A;IRODALOM
Melyik f‹v ros nem µzsi ban tal lhat¢?;Islamabad;Tripoli;Bejr£t;Bangkok;B;ORSZµGOK
Hol folyik a Zagyva a Tisz ba?;Csongr dn l;Tisza£jv rosn l;Szegedn‚l;Szolnokn l;D;F™LDRAJZ
Melyik a leggyorsabb r”vidt vfut¢ sz razf”ldi  llat?;emu;gep rd;p rduc;jagu r;B;BIOLàGIA
Kik j rtak  t a S¢hajok h¡dj n Velenc‚ben?;a b¡r k;a szûzle nyok;az el¡t‚ltek;a lepr sok;C;T™RTNELEM
Hogyan nevezik m sk‚ppen a s rgarig¢t?;blbl;csalog ny;pacsirta;m link¢;D;NYELV
Melyik n”v‚nnyel nem  ll rokons gban a paradicsom?;a burgony val;a padlizs nnal;a paprik val;az ubork val;D;BIOLàGIA
A felsoroltak k”zl melyik nem emberszab s£ majom?;or ngut n;csimp nz;gall‚ros p vi n;gorilla;C;BIOLàGIA
Melyik  llat ersz‚nyes?;antilop;panda;koala;mos¢medve;C;BIOLàGIA
Melyik orsz g  llamf‹je lett Nelson Mandela, az egykori legend s polg rjogi harcos?;D‚l-afrikai K”zt rsas g;Angola;Amerikai Egyeslt µllamok;Mozambik;A;T™RTNELEM
Az al bbi ‚telek k”zl melyik nem kelt t‚szt b¢l k‚szl?;aranygaluska;pirog;pizza;sztrapacska;D;KONYHA
Honnan sz rmazik az ikonfest‚szet?;Egyiptomb¢l;Biz ncb¢l;éj-Guine b¢l;R¢m b¢l;B;MëVSZET
Kik voltak a summ sok?;mez‹gazdas gi munk sok;banki alkalmazottak;kiskeresked‹k;mag ntitk rok;A;µLTALµNOS
Hol folyik a Bodrog a Tisz ba?;Tolcsv n l;M dn l;S rospatakn l;Tokajn l;D;F™LDRAJZ
"Ki ¡rta ""A n‚gy ‚vszak"" c¡mû hegedûverseny-sorozatot?";Antonio Vivaldi;Johann Sebastian Bach;Claudio Monteverdi;Joseph Haydn;A;OPERA
Az al bbi festm‚nyt‚m k k”zl melyik lehet pieta?;egy gym”lcs”st l;a fi t sirat¢ M ria;csatajelenet;mitol¢giai jelenet;B;KPZŠMëVSZET
Ki nyerte meg az els‹ Magyar Nagyd¡jat a Forma 1-ben?;Alain Prost;Nigel Mansell;Nelson Piquet;Ayrton Senna;C;SPORT
H ny bajnoks gon kell nyerni teniszben, hogy valaki Grand Slam gy‹ztes legyen?;hat;”t;h rom;n‚gy;D;SPORT
Melyik a F”ld legm‚lyebb tava?;Malawi (Nyasza)-t¢;Bajk l-t¢;Tanganyika-t¢;Nagy-Rabszolga-t¢;B;F™LDRAJZ
Ki tagadta meg h romszor J‚zust?;Tam s;J£d s;P l;P‚ter;D;VALLµS
Milyen menetel‚snek nevezik a k¡nai kommunista hadsereg 1934-1935-”s hadmûvelet‚t?;v”r”s;v‚res;hossz£;er‹ltetett;C;T™RTNELEM
Melyik sportol¢nk nyerte a legt”bb egy‚ni olimpiai bajnoks got?;Gerevich Alad r;Keleti µgnes;Egerszegi Krisztina;Balcz¢ Andr s;C;SPORT
Mib‹l k‚szlt a papirusz, amire az ¢kori Egyiptomban a feljegyz‚seket felk‚sz¡tett‚k?;diszn¢b‹rb‹l;‚getett agyagb¢l;v¡zin”v‚nyb‹l;kaucsukb¢l;C;TECHNIKA
H ny nappal k”veti a pnk”sd a h£sv‚tot?;50;35;40;mindig v ltoz¢;A;µLTALµNOS
Melyik v ros Kom rom-Esztergom megye sz‚khelye?;Kom rom;Tatab nya;Esztergom;Tata;B;F™LDRAJZ
"Kit neveznek ""az any k megment‹j‚nek""?";Kor nyi S ndort;H‹gyes Endr‚t;Heim P lt;Semmelweis Ign cot;D;BIOLàGIA
Kije volt Zr¡nyi Mikl¢s a Szigeti veszedelem ¡r¢ja Szigetv r v‚d‹j‚nek?;unok ja;d‚dunok ja;fia;apr¢dja;B;IRODALOM
Mit neveztek az ¢kori g”r”g v ros llamokban agor nak?;a templomot;a piacteret;a f‹kaput;a k”zkutat;B;T™RTNELEM
Melyik v rosunkban  ll a Szigligeti Ed‚r‹l elnevezett sz¡nh z?;Kaposv r;Veszpr‚m;Szolnok;Gyula;C;SZÖNHµZ
Hogyan nevezik az ¢kori karth g¢iakat m sk‚ppen?;tr kok;ill¡rek;sum‚rok;punok;D;T™RTNELEM
Milyen c¡met viselt a P kozdn l legy‹z”tt Jellasics?;porosz gener lis;erd‚lyi fejedelem;horv t b n;cs sz ri hadgyminiszter;C;T™RTNELEM
Melyik olimpi n nem szerzett arany‚rmet ”k”lv¡v sban Papp L szl¢?;1960-ban R¢m ban;1952-ben Helsinkiben;1956-ban Melbourne-ben;1948-ban Londonban;A;SPORT
Mely tev‚kenys‚g sor n haszn lt k a m ngorl¢t?;mos s;arat s;‚tkez‚s;sz nt s;A;µLTALµNOS
Mit jelent ez a kifejez‚s: casus belli?;jelenlegi helyzet;enyh¡t‹ k”rlm‚ny;h bor£s ok;sz‚passzony;C;NYELV
Melyik h¡res csillag sz alakj t ”lti mag ra µd m Az ember trag‚di j ban?;Kopernikusz;Kepler;Giordano Bruno;Galileo Galilei;B;IRODALOM
Erd‚lyben j rva pity¢k val k¡n lnak. Mit fogok fogyasztani, ha elfogadom?;barackp link t;krumplit;m‚zes stem‚nyt;nagyfr”ccs”t;B;KONYHA
Melyik amerikai eln”knek kellett lemondania a Watergate-botr ny miatt?;Gerald Ford;Jimmy Carter;Lyndon Johnson;Richard Nixon;D;T™RTNELEM
Hogy h¡vt k az utols¢ magyar kir ly feles‚g‚t?;Erzs‚bet;Zita;Katalin;Gizella;B;T™RTNELEM
Milyen gym”lcsfajta kapta az Idared nevet?;g”r”gdinnye;alma;k”rte;szilva;B;BIOLàGIA
Mi f”l”tt replt  t els‹k‚nt, egyedl ‚s meg ll s n‚lkl Charles Lindbergh?;Csendes-¢ce n;Himal ja;Atlanti-¢ce n;La Manche csatorna;C;µLTALµNOS
"Ha egy betegs‚get nad llyal gy¢gy¡tottak, mi volt a ""csodaszer""?";kanalas orvoss g;pi¢ca;kamillatea;iszapfrd‹;B;BIOLàGIA
Az orosz embert r‚gen muszk nak nevezt‚k. Mi a muszka sz¢ eredete?;Moszkva v rosa;egy puliszkaszerû ‚tel;a szib‚riai us nkany£l;egy kicsike l bbeli;A;NYELV
Mit adott a tan r a di koknak, amikor kiszabta a penzumot?;oszt lyzatot;int‹t;leck‚t;eg‚rutat;C;NYELV
Hogyan nevezik az elef nt ut¢dj t?;pulya;borj£;gida;csik¢;B;BIOLàGIA
Mit neveztek kam slinak?;a te skann t;a csokornyakkend‹t;a vir gcsokrot;a bokav‚d‹t;D;NYELV
Kik aj nd‚kozt k a New York-i Szabads g-szobrot az Egyeslt µllamoknak?;az angol uralkod¢h z;a francia n‚p;az indi n ‹slak¢k;a n‚met n‚p;B;T™RTNELEM
Mi a c¡me Fellini v ndormutatv nyosokr¢l sz¢l¢ vil gh¡rû filmj‚nek?;Az ‚des ‚let;Orsz g£ton;Cabiria ‚jszak i;Amarcord;B;FILM
Melyik nem h£ros hangszer az al bbiak k”zl?;viola da gamba;citera;h rfa;tuba;D;OPERA
Mely v ros boszork nyair¢l ¡rt sz¡nmûvet Arthur Miller?;Burkitsville;Eastwick;Salem;Roxfort;C;IRODALOM
Melyik orsz g klbirtoka Gr”nland?;Kanada;D nia;Norv‚gia;Sv‚dorsz g;B;ORSZµGOK
Kiket vagy miket neveznk r‚giesen filozoptereknek?;a szitak”t‹ket;a helikoptereket;az ¢kori filoz¢fusokat;a b”lcs‚szhallgat¢kat;D;NYELV
Az al bbi ‚lelmiszerek k”zl melyik nem a majon‚z alapanyaga?;‚tolaj;toj ss rg ja;toj sfeh‚rje;citroml‚;C;KONYHA
Melyik az a v¡z, amelyik csak az aranyat nem oldja?;kir lyv¡z;krist lyv¡z;aranyv¡z;v laszt¢v¡z;D;TUDOMµNY
Melyik orsz got nevezik latinul Helv‚ci nak?;Csehorsz got;Franciaorsz got;Rom ni t;Sv jcot;D;T™RTNELEM
Mi a neve a Toldi csal d hû szolg j nak Arany mûv‚ben?;Gy”rgy;Bence;Tiborc;Bulcs£;B;IRODALOM
Kinek az ”zvegy‚t vette feles‚gl Onasszisz g”r”g zletember?;Jean Gabin;Arthur Miller;J. F. Kennedy;Fred Astaire;C;µLTALµNOS
Hol cs”r”g-morog a Vidr¢cki h¡res ny ja a dal szerint?;a M tr ban;a Bakonyban;a Cserh tban;a Mecsekben;A;IRODALOM
"Kit‹l sz rmazik az id‚zet? ""A haza minden el‹tt.""";Pet‹fi S ndor;V”r”smarty Mih ly;K”lcsey Ferenc;R k¢czi Ferenc;C;T™RTNELEM
Csipk‚s ruhaszeg‚ly ‚s tsk‚s £sz¢j£ hal neve is lehet ...;keszeg;zsab¢;pik¢;gekk¢;C;µLTALµNOS
Kit neveztek toj sfejû belg nak?;Baldvin kir lyt;Enzo Scifot;Maurice Maeterlincket;Hercule Poirot-t;D;µLTALµNOS
Melyik helytelen az al bbi sz¢l sok k”zl?;Nem az ‚n asztalom;Elh£zza a cs¡kot;Neh‚z f ba v gta a fejsz‚j‚t;Egy gy‚k‚nyen  rulnak;C;NYELV
Kik alap¡tott k a mai New York v ros t?;angol fegyencek;¡r f”ldmûvesek;holland telepesek;spanyol h¢d¡t¢k;C;T™RTNELEM
Az al bbiak k”zl melyikb‹l k‚sz¡tette a vil gon az els‹t Pusk s Tivadar?;fonogr f;szikrat v¡r¢;t rcs s telefon;telefonk”zpont;D;TECHNIKA
Hogy nevezik a buddhista vall sban a teljes megnyugv s  llapot t?;karun ;m itri;nirv na;mudit ;C;VALLµS
Ki volt a h¡res filoz¢fus, Ab‚lard szerelme?;Izolda;H‚loise;Laura;Beatrice;B;IRODALOM
Melyik n”v‚ny nem  ll rokons gban a t”kkel?;uborka;cukkini;s rgadinnye;avok d¢;D;BIOLàGIA
Ki adta el els‹szl”tts‚g‚t egy t l lencs‚‚rt?;Izs k;J kob;zsau;Elizeus;C;VALLµS
Hogy h¡vj k a Bar tok k”zt c¡mû sorozatb¢l ismert Kert‚sz h zasp rt?;Kriszta ‚s Mikl¢s;M¢ni ‚s G‚zu;Magdi ‚s Vili;Eszter ‚s Misi;C;µLTALµNOS
Ki ¡rta Sz”r‚nyi Levente rockoper ja, az Attila, Isten kardja dalainak sz”veg‚t?;Br¢dy J nos;Lezs k S ndor;Ill‚s Lajos;Tolcsvay B‚la;B;ZENE
"Melyik k”z‚p-kelet-eur¢pai orsz g 1989-es rendszerv lt s t nevezik ""b rsonyos forradalomnak""?";Magyarorsz g;Csehszlov kia;Lengyelorsz g;Rom nia;B;T™RTNELEM
Melyik olipi n szereztk a legt”bb arany‚rmet?;Helsinki 1952;Melbourne 1956;London 1948;Mexik¢v ros 1968;A;SPORT
Ki ¡rta a Cs rd skir lyn‹ c¡mû operettet?;ifj. Johann Strauss;Huszka Jen‹;K lm n Imre;Leh r Ferenc;C;OPERA
Minek a r‚gi neve Abessz¡nia?;Ir n;Spanyolorsz g;Ceylon;Eti¢pia;D;ORSZµGOK
Mi a Nemzetk”zi Valutaalap k”zismert r”vid¡t‚se?;NVA;IMF;NOB;ICC;B;µLTALµNOS
Ki j tszotta a k”pc”st a Sz¢ljatok a k”pc”snek c¡mû v¡gj t‚kban?;Gene Hackman;Jack Nicholson;Dustin Hoffman;Danny de Vito;D;FILM
Melyik volt egy k‚tszem‚lyes amerikai ûrhaj¢t¡pus neve?;Helios;J£n¢;Gemini;Mercury;C;TUDOMµNY
Mi volt az els‹ balatoni g‹zhaj¢ neve?;Martinovics;B£v r Kund;Sz‚chenyi;Kisfaludy;D;MAGYARORSZµG
Ki tervezte az 1807-ben v¡zre bocs tott Clermont g‹zhaj¢t?;George Stephenson;Robert Fulton;Asb¢th Oszk r;James Watt;B;TECHNIKA
Kir‹l kapta nev‚t a ny¡regyh zi sz¡nh z?;K”lcsey Ferenc;M¢ra Ferenc;M¢ricz Zsigmond;Katona J¢zsef;C;SZÖNHµZ
A Biblia szerint kit jel”lt ki az ér, hogy szabad¡tsa ki Izrael n‚p‚t az egyiptomi fogs gb¢l?;µbrah mot;D vidot;M¢zest;J‚zust;C;VALLµS
Melyik magyar v rosban tal lhat¢ a Rippl-R¢nai M£zeum?;Zalaegerszeg;Kaposv r;P‚cs;Szeged;B;MAGYARORSZµG
Ki j tszotta a n‹i f‹szerepet a My Fair Lady c¡mû musical 1964-es filmv ltozat ban?;Barbara Streisand;Liza Minnelli;Audrey Hepburn;Shirley MacLaine;C;FILM
Kinek ¡rta intelmeit Szent Istv n?;unoka”ccs‚nek;fi nak;isp njainak;Kopp nynak;B;T™RTNELEM
Ki volt a jezsuita rend megalap¡t¢ja?;Assisi Szent Ferenc;Xav‚ri Ferenc;Loyolai Szent Ign c;Aquin¢i Szent Tam s;C;VALLµS
Melyik v ros egyetem‚re nem j rt J¢zsef Attila?;P rizs;Heidelberg;B‚cs;Szeged;B;IRODALOM
Melyik bibliai szerepl‹  lm ban jelenik meg egy ‚gbe vezet‹ lajtorja?;Izs k;J¢b;J kob;J¢zsef;C;VALLµS
Az al bbi olimpiai bajnok atl‚t ink k”zl ki nem kalap csvet‚sben nyert arany‚rmet?;Kiss Bal zs;Cserm k J¢zsef;N‚meth Mikl¢s;Zsiv¢tzky Gyula;C;SPORT
Melyik darabot j tszotta a Nemzeti Sz¡nh z 1848. m rcius 15-‚n?;Az ember trag‚di ja;B nk b n;A p rtt‹k;Csongor ‚s Tnde;B;SZÖNHµZ
Az al bbiak k”zl melyik sz¢val jel”lik az ‚des pezsg‹t?;brut;trocken;sec;doux;D;KONYHA
Az al bbiak k”zl melyik orsz g nem tagja az Eur¢pai Uni¢nak?;Sv jc;Ausztria;Finnorsz g;Luxemburg;A;ORSZµGOK
Milyen n‚ven v lt ismertt‚ Kanczler Katalin?;Kov cs Kati;Koncz Zsuzsa;Kar dy Katalin;Katona Kl ri;C;MëVSZET
Az al bbiak k”zl melyik nem egy f”ldt”rt‚neti id‹szak neve?;jura;devon;kambrium;kadmium;D;F™LDRAJZ
Melyik lapok kapnak a dzs¢kerhez hasonl¢an helyettes¡t‹ szerepet a kanaszt ban?;a kettesek;az  szok;a piros h rmasok;a d m k;A;JµTK
Hol j tsz¢dik a Hamlet c¡mû Shakespeare-dr ma?;Helsinkiben;Helsingforsban;Helsing”rben;Helsingborban;C;IRODALOM
"Melyik oper ban csendl fel a ""Cig nyk¢rus""?";Verdi: A trubad£r;Bizet: Carmen;Verdi: Traviata;Verdi: Az  larcosb l;A;OPERA
Melyik orsz g minisztereln”ke volt a mer‚nylet  ldozat v  lett Olof Palme?;T”r”korsz g;Sv‚dorsz g;Norv‚gia;D nia;B;T™RTNELEM
Hov  kldte az ér J¢n st, hogy pr‚dik ljon a bûn”s v ros ellen?;Niniv‚be;Szodom ba;Jerik¢ba;K na nba;A;VALLµS
Melyik emberi szerv sz”vete az irha?;a nyelv;az agy;a b‹r;a fl;C;BIOLàGIA
Ki b£jt n‹i ruh ba az Egy szoknya, egy nadr g c¡mû magyar filmv¡gj t‚kban?;Bilicsi Tivadar;Kabos Gyula;Latab r K lm n;Koltai R¢bert;C;FILM
Ki j tszotta Jumurdzs k szerep‚t az Egri csillagok filmv ltozat ban?;Darvas Iv n;B rdy Gy”rgy;Sinkovits Imre;Major Tam s;B;FILM
"R‚gies sz”vegekben gyakran tal lkozhatunk a ""f”ld nemt”je"" kifejez‚ssel. Mit jelent a nemt‹?";gazdatiszt;talajlaz¡t¢ bog r;v‚d‹szellem;f”ld n‚lkli jobb gy;C;NYELV
Kinek a parancs ra k”vett‚k el a betlehemi gyermekgyilkoss gokat?;Kajaf s;Her¢des;Pil tus;Antipatrosz;B;VALLµS
Az al bbiak k”zl melyiket nevezi a n‚pnyelv vink¢nak?;a l¢tolvajt;a savanyk s bort;a b‹ term‚st;a napsz most;B;NYELV
Melyik ¡r¢nk t”lt”tte be a vall s- ‚s k”zoktat sgyi miniszteri posztot a Batthy ny-korm nyban?;J¢kai M¢r;Kem‚ny Zsigmond;Gyulai P l;E”tv”s J¢zsef;D;T™RTNELEM
Melyik orsz g foly¢i az Adige, az Arno ‚s a Piave?;Olaszorsz g;Argent¡na;Sv jc;Spanyolorsz g;A;F™LDRAJZ
Melyik v ros nem B‚k‚s megy‚ben tal lhat¢?;Gyula;Szarvas;Sarkad;Baja;D;F™LDRAJZ
Hogy h¡vj k a francia k”zt rsas gi eln”k”t, aki orsz g t  tvezette a k‚tezres ‚vekbe?;Jacques Chirac;Francois Mitterrand;Michel Rocard;Pierre Mauroy;A;T™RTNELEM
Melyik  llat lehet a pinty el‹tagja?;antilop;zebra;tigris;g cs‚r;B;BIOLàGIA
Kinek a kopors¢ja lebeg a k”zmond s szerint?;Damokl‚sz;Mohamed;Szent L szl¢;Krisztus;B;NYELV
Melyik haj¢ leg‚nys‚ge l zadt fel Fletcher Christian vezet‚s‚vel?;Patyomkin;Nimitz;Bounty;Lustinania;C;IRODALOM
Melyik Forma 1-es aut¢versenyz‹ nyert legt”bbsz”r ”sszetett vil gbajnoks got?;Alain Prost;Juan Manuel Fangio;Jackie Stewart;Emerson Fittipaldi;B;SPORT
Hol tal lhat¢ Magyarorsz g f”ldrajzi k”z‚ppontja?;àpusztaszer;Pusztaszabolcs;Pusztavacs;Pusztav m;C;F™LDRAJZ
"Melyik Erkel-oper ban hangzik el a ""Palot s""?";Sarolta;B nk b n;D¢zsa Gy”rgy;Hunyadi L szl¢;D;OPERA
H ny bntet‹pont ut n pontoz¢dik ki egy j t‚kos a v¡zilabd ban?;”t;hat;n‚gy;h rom;D;SPORT
Melyik egyttes nyerte el az 1968-as T ncdalfesztiv l nagyd¡j t?;Omega;Ill‚s;Hung ria;Express;B;ZENE
Melyik ¡r sm¢d helytelen az al bbiak k”zl?;”theti adag;h romhavi elmarad s;huszonegy napi £t;k‚t temû motor;D;NYELV
Hol ‚plt Eur¢pa els‹ f”ldalatti vas£tja?;P rizs;London;R¢ma;Berlin;B;µLTALµNOS
Melyik hangszer virtu¢za volt Andr‚s Segovia?;git r;trombita;hegedû;sz jharmonika;A;OPERA
Milyen n”v‚nyr‚sz a barka?;rgylev‚l;fz‚rvir gzat;l‚gggy”k‚r;term‚s;B;BIOLàGIA
H ny feles‚ge lehet egy hithû muzulm nnak?;egy;kett‹;h rom;n‚gy;D;VALLµS
Melyik  llat ‚p¡t mag nak v rat az al bbiak k”zl?;h¢d;rge;pocok;nyest;A;BIOLàGIA
Melyik kitûn‹ rockzen‚sznk dolgozott egy ideig zeneboh¢ck‚nt?;Pataky Attila;Horv th Charlie;Demj‚n Ferenc;Soml¢ Tam s;D;ZENE
Milyen szeszesital az armagnac?;eperp linka;di¢lik‹r;borp rlat;b£zas”r;C;KONYHA
Hol j tsz¢dik Umberto Eco A r¢zsa neve c¡mû reg‚nye?;egy r¢zsakertben;egy angliai birtokon;egy kolostorban;egy vonaton;C;IRODALOM
Melyik egyttes szerepel a Kal¢zok c¡mû magyar filmben?;Rapl‹k;Bikini;Republic;Jazz+Az;D;FILM
Hogyan sz¢laltatj k meg a t rogat¢t?;megtik;pengetik;von¢val;megf£jj k;D;OPERA
Melyik film f‹h‹se magyar?;Amerikai sz‚ps‚g;Egy francia n‹;Az angol beteg;Ar biai Lawrance;C;FILM
Hol rendezt‚k meg a 2000. ‚vi labdar£g¢ Eur¢pa-bajnoks got?;Norv‚gi ban ‚s Sv‚dorsz gban;Portug li ban;Örorsz g;Hollandi ban ‚s Belgiumban;D;SPORT
Kik vagy mik alkott k a legy‹zhetetlennek hitt Armad t?;francia l‚gion riusok;spanyol hadihaj¢k;angol lovagok;r¢mai l‚gi¢k;B;T™RTNELEM
"Melyik oper ban hangzik el a ""Vir g ria""?";Verdi: Aida;Puccini: Tosca;Gounod: Faust;Bizet: Carmen;D;OPERA
Melyik az iszl m sz¡ne?;z”ld;s rga;feh‚r;fekete;A;VALLµS
Mi‚rt harcoltak a szfrazsettek a sz zadfordul¢n?;a fûz‹ ellen;a n‹i v laszt¢jog‚rt;a v l s jog ‚rt;a tanul s jog ‚rt;B;T™RTNELEM
Melyik n‚p ‚p¡tette a h¡res Machu Picchut?;az azt‚kok;az ink k;a szi£k;a perzs k;B;T™RTNELEM
Milyen n‚ven v lt ismertt‚ Zana Zolt n rockzen‚sz?;Flipper ™csi;Pierrot;Qka MC;Ganxsta Zolee;D;ZENE
Hol tal lhat¢ Magyarorsz gon a Brunszvik-kast‚ly?;S toralja£jhelyen;Szir kon;Asz¢don;Martonv s ron;D;MAGYARORSZµG
Kinek a n‚pi elnevez‚se volt Szibiny ni Jank?;Husz J nos;Szapolyai J nos;Kapisztr n J nos;Hunyadi J nos;D;T™RTNELEM
Az al bbi sert‚sh£sok k”zl melyikb‹l k‚szl a sonka?;dagad¢;comb;fart‹;csl”k;B;KONYHA
Hol halt meg gr¢f Sz‚chenyi Istv n?;Nagycenken;D”blingben;Debrecenben;Budapesten;B;T™RTNELEM
Melyik orsz g  llamf‹je Moammer Kadhafi?;Libanon;Egyiptom;L¡bia;Afganiszt n;C;T™RTNELEM
Ki a f‹szerepl‹je A d‚lib bok h‹se c¡mû Arany L szl¢-mûnek?;Pat¢ P l;Hbele Bal zs;Csep Palk¢;Bolond Ist¢k;B;IRODALOM
Melyik v rban szletett Balassi B lint?;Z¢lyom;Szendr‹;K‚sm rk;Esztergom;A;IRODALOM
Kinek aj nlotta V”r”smarty A mereng‹h”z c¡mû vers‚t?;R¢z nak;Laur nak;J£li nak;Etelk nak;B;IRODALOM
Milyen beoszt sa van a seregben egy adjut nsnak?;‚lelmez‚si biztos;k”rletfelgyel‹;seg‚dtiszt;lok torkezel‹;C;µLTALµNOS
Melyik orsz gban t”rt ki a bokszerl zad s?;India;K¡na;Jap n;Egyiptom;B;T™RTNELEM
Hol tal lhat¢ a Nemzetk”zi V”r”skereszt sz‚khelye?;P rizsban;Genfben;Brsszelben;B‚csben;B;ORSZµGOK
Mi az ENSZ Eg‚szs‚ggyi Vil gszervezet‚nek r”vid¡t‚se?;UNESCO;WHO;UNICEF;FAO;B;µLTALµNOS
Melyik miniszteri posztot t”lt”tte be Baross G bor?;k”zmunka- ‚s k”zleked‚sgyi;hadgyminiszteri;klgyminiszteri;eg‚szs‚ggyi;A;T™RTNELEM
Milyen sz rmaz s£ a kitûn‹ zen‚sz testv‚rp r Dus n ‚s Zor n Sztevanovity?;horv t;szlov‚n;szerb;szlov k;C;ZENE
Milyen  llat a g”d”lye?;n‹st‚ny kiskecske;h¡m kisbirka;kiskakas;kiscsirke;A;BIOLàGIA
Az al bbiak k”zl mit nevezett a n‚pnyelv csutor nak?;bajuszk”t‹t;pipasz r szip¢k j t;doh nylevelet;l¢ pol¢ kef‚t;B;NYELV
Melyik sz¡nmû f‹szerepl‹je Prospero?;A f”sv‚ny;A vihar;Antigon‚;Phaedra;B;IRODALOM
Ki kzd meg a s rk nnyal a Kolozsv ri testv‚rek egyetlen fennmaradt szobr n?;Szent Gy”rgy;Szent M rk;Szent Vencel;Szent Fl¢ri n;A;KPZŠMëVSZET
Melyik orsz gban uralkodott Hirohito cs sz r?;K¡n ban;Eti¢pi ban;Jap nban;Indon‚zi ban;C;T™RTNELEM
Hol l a vad sz hossz£, m‚la lesben a Sz‚p Ilonka c¡mû versben?;a M tr ban;a Bakonyban;a Pilisben;a V‚rtesben;D;IRODALOM
Melyik ¢kori v ros pusztult el vulk nkit”r‚s k”vetkezt‚ben?;Alexandria;Herculaneum;Szrakuza;Karthago;B;T™RTNELEM
A marha melyik r‚sz‚b‹l k‚szl az ”k”rusz ly leves?;a fl‚b‹l;a t‹gy‚b‹l;a fark b¢l;a ves‚j‚b‹l;C;KONYHA
Mit neveztek r‚gen meszelynek?;a cineg‚t;a hangy t;egy ûrm‚rt‚ket;egy hosszm‚rt‚ket;C;NYELV
Kinek a hal la szerepel Arany J nos mûv‚nek c¡m‚ben?;µrp d;Buda;Szvatopluk;Lehel;B;IRODALOM
Milyen tiszts‚get t”lt”tt be Miksz th K lm n ‚lete utols¢ k‚t ‚vtized‚ben?;akad‚miai titk r;v‚degyleti eln”k;szolgab¡r¢;orsz ggyl‚si k‚pvisel‹;D;IRODALOM
Hol van, aki egy  mbituson tart¢zkodik?;v¡v¢sz‹nyegen;oszlopos torn con;alf”ldi kasz l¢n;nyitott oldal£ magt rban;B;NYELV
Hogyan nevezt‚k a csukly s, k”rgall‚ros,  larcos jelmezb li ruh t?;marokk¢;domin¢;dzsenga;maka¢;B;NYELV
Kinek a panaszair¢l ¡rt versciklust Kosztol nyi Dezs‹?;Esti Korn‚l;des Anna;a szeg‚ny kisgyermek;az elveszett herceg;C;IRODALOM
Melyik orsz g nyerte meg egym s ut n h‚tszer a kardv¡v s olimpiai csapatbajnoks g t?;Magyarorsz g;Olaszorsz g;Szovjetuni¢;N‚metorsz g;A;SPORT
Mije volt egy hûb‚r£rnak, ha volt band‚riuma?;kincst ra;serege;”r”k”se;ny ri lakja;B;T™RTNELEM
Ki alkotta meg az  ltal nos t”megvonz s t”rv‚ny‚t?;Johannes Kepler;Isaac Newton;Robert Hooke;Bolyai J nos;B;TUDOMµNY
Melyik uralkod¢nk l togat s ra k‚szlt a v ci diadal¡v?;II. J¢zsef;Ferenc J¢zsef;M ria Ter‚zia;I. Ferenc;C;T™RTNELEM
Melyik magyar kir ly volt n‚met-r¢mai cs sz r is az al bbiak k”zl?;Nagy Lajos;Zsigmond;Hunyadi M ty s;Szent L szl¢;B;T™RTNELEM
Mit csin lt Klapka Gy”rgy 1849. szeptember‚ben, a vil gosi fegyverlet‚tel ut n?;b”rt”nben volt;Kom rom v r t v‚dte;emigr lt;csapatokat szervezett;B;T™RTNELEM
Mi Z gr b foly¢ja?;Kulpa;Sz va;Mura;Dr va;B;F™LDRAJZ
Ki a f‹szerepl‹je a Mission: Impossible 2 c¡mû filmnek?;Tom Hanks;Nicolas Cage;Tom Cruise;Brad Pitt;C;FILM
"Kiknek nem k‚sz¡tett ""napl¢t"" M‚sz ros M rta filmjeinek c¡me szerint?";szerelmeinek;gyermekeinek;apj nak, anyj nak;az ‚l‹knek;D;FILM
Ki volt D vid ‚s Betsab‚ k”z”s gyermeke?;Saul;Salamon;Ad¢nia;S muel;B;VALLµS
Hogy h¡vj k Hollandia kir lyn‹j‚t?;Margit;Beatrix;Erzs‚bet;Krisztina;B;T™RTNELEM
Mi a benc‚s szerzetesrend jelmondata?;P rizs meg‚r egy mis‚t!;Ora et labora!;Kelj fel ‚s j rj!;Carpe diem!;B;VALLµS
Ki az a h”lgy, akibe Cyrano szerelmes Rostand mûv‚ben?;Virginie;Roxane;Charlotte;Brigitte;B;IRODALOM
"Melyik kir lyunk viseli a ""kun"" jelz‹t?";II. B‚la;III. Andr s;IV. L szl¢;II. Istv n;C;T™RTNELEM
Melyik p rt nyerte meg az 1945-”s orsz ggyûl‚si v laszt sokat Magyarorsz gon?;Fggetlen Kisgazdap rt;Magyar Kommunista P rt;Szoci ldemokrata P rt;Nemzeti Parasztp rt;A;T™RTNELEM
Hol folytak eredm‚nyes b‚ket rgyal sok Egyiptom ‚s Izrael k”z”tt 1978-ban?;Camp Davidben;Kair¢ban;P rizsban;Helsinkiben;A;T™RTNELEM
Hogyan nevezik a t‹zsdei pap¡rok  rfolyames‚s‚t?;kopp;hossz;bessz;passz;C;µLTALµNOS
"Hogyan adjunk el‹ egy ""adaggio"" temp¢jelz‚sû zenedarabot?";gyorsan;lassan;‚l‚nken;nagyon er‹sen;B;OPERA
Mely tudom ny g jeles k‚pvisel‹je volt Reguly Antal?;nyelv‚szet;k”zgazdas gtan;mikrobiol¢gia;szerves k‚mia;A;TUDOMµNY
Melyik mad r szerepel Ibsen dr m j nak c¡m‚ben az al bbiak k”zl?;galamb;sir ly;vadkacsa;hatty£;C;IRODALOM
Ki volt a turini remete?;De k Ferenc;Kossuth Lajos;Mikes Kelemen;Mad ch Imre;B;T™RTNELEM
A felsorolt orsz gok k”zl melyik z szlaja nem n‚gysz”gletes?;Marokk¢;Chile;Nep l;San Marino;C;ORSZµGOK
Milyen kisasszonyok c¡mmel festette meg Picasso 1907-ben az els‹ jelent‹s kubista alkot st?;sevillai;avignoni;madridi;p rizsi;B;KPZŠMëVSZET
Milyen nemzetis‚gû volt a k”z‚pkori reformer, Husz J nos?;cseh;francia;porosz;spanyol;A;T™RTNELEM
"Melyik dal‚nekes lemezei a ""Mûcsarnok"", a ""Lev‚l n‹v‚remnek"" ‚s a ""Feh‚r bab k takarod¢ja""?";Berki Tam s;Cseh Tam s;Delhusa Gjon;Dinny‚s J¢zsef;B;ZENE
"Melyik oper ban csendl fel az ""Elad¢ az eg‚sz vil g"" kezdetû  ria?";Leoncavallo: Bajazz¢k;Gounod: Faust;Bizet: Carmen;Csajkovszkij: Anyegin;B;OPERA
Hol nyomtatt k ki el‹sz”r K roli G sp r teljes bibliaford¡t s t?;Kass n;Nagyszombatban;Vizsolyban;Gyulafeh‚rv ron;C;T™RTNELEM
Mi a r”vid¡t‚se az ENSZ ‚lelmez‚si ‚s mez‹gazdas gi szervezet‚nek?;WWF;FAO;UNESCO;WHO;B;µLTALµNOS
Ki volt a mondabeli Arthur kir ly feles‚ge?;Izolda;Guinevra;Freya;Brnhilda;B;T™RTNELEM
Melyik megy‚nk nem hat ros a Balatonnal az al bbiak k”zl?;Fej‚r megye;Somogy megye;Zala megye;Veszpr‚m megye;A;F™LDRAJZ
"Kit‹l sz rmazik az id‚zet? ""Mostan sz¡nes tint kr¢l  lmodom?""";Sz‚p Ern‹;Heltai Jen‹;Kosztol nyi Dezs‹;Zelk Zolt n;C;IRODALOM
Mit jelent a c¡visv ros kifejes‚sben a c¡vis sz¢?;mez‹;v s r;polg r;hûs‚ges;C;NYELV
Melyik sz¢ ‚dess‚gn‚v ‚s n”v‚nyn‚v is egyben?;cinkapanna;borzaskata;b£bosborcsa;szepl‹sbarbi;B;NYELV
Melyik a peri¢dusos rendszer els‹ eleme?;h‚lium;hidrog‚n;b¢r;oxig‚n;B;TUDOMµNY
Mib‹l k‚szl a zsirardikalap?;szalma;borj£b‹r;poszt¢;ny£lsz‹r;A;µLTALµNOS
Kinek a felaj nl s ra alap¡tott k meg a Nemzeti M£zeumot?;Kazinczy Ferenc;Martinovics Ign c;Sz‚ch‚nyi Ferenc;Sz‚chenyi Istv n;C;T™RTNELEM
Milyen tal lm nyt szerelt fia ker‚kp rj ra John Dunlop?;visszapillant¢ tkr”t;kontraf‚ket;felf£jhat¢ gumikereket;t”m”r gumikereket;C;TECHNIKA
Melyik v ros a francia himnusz n‚vad¢ja?;Rouen;Marseille;Lyon;Bordeaux;B;IRODALOM
Ki a f‹szerepl‹je Kosztol nyi Dezs‹ Aranys rk ny c¡mû reg‚ny‚nek?;egy tan r;egy k”lt‹;egy csel‚d;egy fest‹;A;IRODALOM
Melyik nem Mozart-opera az al bbiak k”zl?;Cosi fan tutte;A sevillai borb‚ly;Don Giovanni;A var zsfuvola;B;OPERA
Melyik f”ldr‚szen v‚gzett kutat¢munk t Kittenberger K lm n, a neves utaz¢?;D‚l-Amerika;Kelet-µzsia;Afrika;Antarktisz;C;T™RTNELEM
Melyik Verdi-oper ban hangzik el Radames rom nca?;Traviata;Don Carlos;Rigoletto;Aida;D;OPERA
Melyik detekt¡vet alak¡totta Humphrey Bogart A m ltai s¢lyom c¡mû filmben?;Sherlock Holmes;Hercule Poirot;Sam Spade;Maigret felgyel‹;C;FILM
Mivel foglalkozik az etol¢gia tudom nya?;gyerekek t pl lkoz s val; llatok viselked‚s‚vel;k”nyvt ri rendszerez‚ssel;k”z‚p-afrikai n‚pzen‚vel;B;TUDOMµNY
H ny kerekû volt Carl Benz els‹, benzinmotorral hajtott j rmûve?;kett‹;h rom;n‚gy;hat;B;TECHNIKA
Ki jelenleg Magyarorsz gon az  llampolg ri jogok orsz ggyûl‚si biztosa?;Polt P‚ter;G”ncz”l Katalin;Harrach P‚ter;S¢lyom L szl¢;B;µLTALµNOS
Melyik operett zen‚j‚t kompon lta ifjabb Johann Strauss?;A cig nypr¡m s;Luxemburg gr¢fja;A cig nyb r¢;Lili b r¢n‹;C;OPERA
Melyik v rosra vess‚tek vigy z¢ szemetek Bats nyi sz ll¢ig‚je szerint?;Moszkv ra;B‚csre;P rizsra;Berlinre;C;IRODALOM
A felsorolt orsz gok k”zl melyik tagja a NATO-nak?;Luxemburg;Sv jc;Sv‚dorsz g;Ciprus;A;ORSZµGOK
Milyen sz¡nû dr gak‹ a zaf¡r?;z”ld;s rga;k‚k;v”r”s;C;µLTALµNOS
Ki jelenleg az ENSZ f‹titk ra?;Butrosz G li;Kofi Annan;Javier Solana;Bill Clinton;B;µLTALµNOS
Melyik magyar film f‹h‹se Ny£l B‚la?;Hannib l tan r £r;R‚gi id‹k focija;A tan£;A h rom test‹r Afrik ban;A;FILM
Melyik  llat pr‚mje a szilszkin?;nyest;meny‚t;f¢ka;r¢ka;C;BIOLàGIA
Milyen c¡met adott Honor‚ de Balzac a teljes ‚letmûv‚t tartalmaz¢ reg‚nyfolyamnak?;Az eltûnt id‹ nyom ban;Az ember trag‚di ja;Isteni sz¡nj t‚k;Emberi sz¡nj t‚k;D;IRODALOM
Melyik sz¡nh z nev‚t v ltoztatt k 2000-ben Pesti Magyar Sz¡nh zra?;a Nemzeti Sz¡nh z‚t;a Mad ch Sz¡nh z‚t;a Pesti Sz¡nh z‚t;a Katona J¢zsef Sz¡nh z‚t;A;SZÖNHµZ
Melyik ‚p¡t‚szeti st¡lus k”vette a rom n st¡lust?;renesz nsz;g¢tika;barokk;klasszicizmus;B;PÖTSZET
Milyen italt neveznek murcinak?;erjed‹ben l‚v‹ £jbort;friss m‚zs”rt;m lnalik‹rt;vegyesp link t;A;KONYHA
Kir‹l nevezt‚k el a t rsaikn l j¢val t”bbet v llal¢ ‚lmunk sokat?;Buharinr¢l;Pugacsovr¢l;Sztahanovr¢l;Csapajevr‹l;C;NYELV
Kiknek a haj¢had t nevezt‚k Gy‹zhetetlen Armad nak a XVI. sz zadban?;angolok;spanyolok;hollandok;velenceiek;B;T™RTNELEM
Melyik mitol¢giai l‚ny a k”lt‹i k‚pzelet, az ihlet jelk‚pe?;Diana;Pegazus;Cerberus;Nesszosz;B;VALLµS
Mit nevez a n‚pnyelv zsibog¢nak?;¢vod t;¢cskapiacot;baromfiudvart;l‹teret;B;NYELV
Melyik f”ldr‚szhez tartozik a Magell n-szoros?;Afrik hoz;µzsi hoz;Ausztr li hoz;D‚l-Amerik hoz;D;F™LDRAJZ
Milyen miniszteri posztot t”lt”tt be 1976 ‚s 1980 k”z”tt Pozsgay Imre?;kultur lis;belgyi;igazs ggyi;honv‚delmi;A;T™RTNELEM
Milyen  llat az Oscar-d¡jas magyar rajzfilm f‹szerepl‹je?;sz£nyog;r¢ka;eg‚r;l‚gy;D;FILM
Hogy nevezik az iszl m aszk‚ta ‚letû, misztikus vall sfelfog s£ szerzeteseit?;k dik;mamelukok;eunuchok;dervisek;D;VALLµS
Melyik sz¢ ¡r sm¢dja helytelen?;mennyorsz g;mennyezet;mennybolt;mennyegz‹;D;NYELV
Melyik ‚vsz mot tartalmaz¢ kifejez‚s ¡r sm¢dja helytelen?;1848 el‹tt;1848 m rt¡rjai;1848. m rciusi;1848. m rcius ban;D;NYELV
Melyik h¡res renesz nsz fest‹ foglalkozott anat¢miai ‚s optikai k¡s‚rletekkel is?;Raffaello;Leonardo;Michelangelo;Tiziano;B;KPZŠMëVSZET
A n”v‚ny melyik r‚sz‚b‹l b£jik el‹ a sziklev‚l?;az  g b¢l;a magj b¢l;a gy”ker‚b‹l;a t”rzs‚b‹l;B;BIOLàGIA
Melyik filmfesztiv l d¡ja az Arany Oroszl n?;a cannes-i;a velencei;a berlini;a locarn¢i;B;FILM
Melyik megy‚nkben tal lhat¢ a gy¢gyfrd‹j‚r‹l nevezetes Bk k”zs‚g?;Vas;Zala;Borsod-Aba£j-Zempl‚n;Hajd£-Bihar;A;F™LDRAJZ
Ki vezette a magyar seregeket 1448-ban a rig¢mezei csat ban?;Kinizsi P l;N dasdy Ferenc;Hunyadi J nos;T”r”k B lint;C;T™RTNELEM
Honnan emelkedik ki a n‹alak Botticelli V‚nusz szlet‚se c¡mû festm‚ny‚n?;felh‹k k”zl;szikl k m”gl;egy l ngoszlopb¢l;a tengerb‹l;D;KPZŠMëVSZET
Kit vagy mit neveztek a k”z‚pkorban igricnek?;‚nekmond¢t;egrest;fleml‚t;apr¢dot;A;NYELV
Melyik zenekarral ‚nekelt egytt a Mikrolled vok l a hetvenes ‚vekben?;Gener l;Metro;Express;Bergendy;A;ZENE
Melyik g”r”g istennel azonos¡tott k a r¢mai Mercuriust?;Dionszosszal;Herm‚sszel;P nnal;Apoll¢nnal;B;VALLµS
Hol mondt k ki a Habsburgok tr¢nfoszt s t 1849.  prilis 14-‚n?;Pozsonyban;Debrecenben;Kass n;Sz‚kesfeh‚rv ron;B;T™RTNELEM
Ki a t”r”k ostroml¢k vez‚re Arany J nos mûv‚ben, a Szondi k‚t apr¢dj ban?;Ali;Szulejm n;Bajazid;Szelim;A;IRODALOM
Melyik  llam cs sz ra volt B¡borbanszletett Konstantin?;N‚met-R¢mai Birodalom;Biz nci Birodalom;Nyugat-R¢mai Birodalom;Frank Birodalom;B;T™RTNELEM
Kiket k‚peztek a Ludovika Akad‚mi n?;katonatiszteket;biol¢gusokat;b”lcs‚szeket;zen‚szeket;A;µLTALµNOS
Hol l that¢ Michelangelo Utols¢ Öt‚let c¡mû fresk¢ja?;Firenz‚ben;Velenc‚ben;Mil n¢ban;R¢m ban;D;KPZŠMëVSZET
Melyik ruhadarab k‚szlt gyapjas juhb‹rb‹l?;a pendely;a suba;a guba;a szûr;B;µLTALµNOS
Hol tekinthet‹ meg a mil¢i V‚nusz?;Ath‚nban;Firenz‚ben;P rizsban;Madridban;C;KPZŠMëVSZET
Melyik oper ban hangzik el az j kir lyn‹j‚nek  ri ja?;Gounod: Faust;Mozart: A var zsfuvola;Rossini: Hamupip‹ke;Wagner: Az istenek alkonya;B;OPERA
Melyik a korhelyleves alapanyaga az al bbiak k”zl?;aludttej;savany£ k poszta leve;feh‚rbor;sûr¡tett paradicsom;B;KONYHA
Melyik ‚nekesn‹ szerepelt a Mad Max III. c¡mû filmben?;Madonna;Tina Turner;Whitney Houston;Cher;B;FILM
Melyik  llat nem a puhatestûek t”rzs‚be tartozik?;tintahal;tavikagyl¢;‚ticsiga;giliszta;D;BIOLàGIA
Ki nem Lear kir ly l nya?;Ginevra;Regan;Goneril;Cordelia;A;IRODALOM
Mely orsz g h¡rgyn”ks‚ge az AFP?;Ausztria;Franciaorsz g;Finnorsz g;Ausztr lia;B;ORSZµGOK
Melyik h¡res feltal l¢ nev‚t viseli c¡m‚ben a Fonogr f egyttes egyik albuma?;Morse;Bell;Zeppelin;Edison;D;ZENE
Melyik vall s h¡veit keresztelik meg kiz r¢lag feln‹tt korban?;unit rius;reform tus;baptista;g”r”gkeleti;C;VALLµS
Mi a foglalkoz sa a Cs rd skir lyn‹ c¡mû operett szerepl‹j‚nek, Misk nak?;f‹hadnagy;t bornok;f‹pinc‚r;nagyk”vet;C;OPERA
Kinek a feles‚ge volt Sarolt?;Szent Imre herceg;Szent Istv n kir ly;G‚za fejedelem;µlmos vez‚r;C;T™RTNELEM
Milyen d¡jat alap¡tott Baumgarten Ferenc Ferdin nd?;komolyzenei;irodalmi;k‚pz‹mûv‚szeti;sz¡nmûv‚szeti;B;MëVSZET
Mi a neve egy D‚l-Amerik ban honos denev‚rfajnak?;libri;v mp¡r;szamba;kopasznyak£;B;BIOLàGIA
Az al bbi rockzen‚szek k”zl ki az, akit mûv‚sznev‚n ismernk?;Elvis Presley;Michael Jackson;Mick Jagger;George Michael;D;ZENE
Mi‚rt hagyj k el Firenz‚t Boccaccio h‹sei a Dekameron c¡mû mûv‚ben?;idegen megsz ll s miatt;tûzv‚szt k”vet‹en;pestisj rv ny miatt;martal¢cok fosztogat sa miatt;C;IRODALOM
Mi viseli John McAdam sk¢t m‚rn”k nev‚t?;£t;repl‹g‚p;h z;mozdony;A;TECHNIKA
Milyen n‚ven ny¡lt meg Magyarorsz g els‹ ¢vod ja?;Babah z;Kisdedkert;Kisdedh z;Angyalkert;D;µLTALµNOS
Mi az alpaka?;hegyi  llat;f‚m”tv”zet;ruhad¡sz;kis testû mad r;A;NYELV
Melyik uralkod¢r¢l k‚szlt f‚nyk‚p az al bbiak k”zl?;M ria Ter‚zia;Vikt¢ria kir lyn‹;Stuart M ria;Nagy Katalin;B;T™RTNELEM
Mije volt a g”r”g mitol¢gi b¢l ismert Khar¢nnak?;szam rfeje;ladikja;m‚rhetetlen kincse;var zserejû nyila;B;VALLµS
Mit ‹r¡znek Kentucky  llam Fort Knox er‹d¡tm‚ny‚ben?;az USA ur nk‚szlet‚t;az USA aranyk‚szlet‚t;a CIA titkos iratait;a legszigor£bb hadititkokat;B;µLTALµNOS
Mi lehetett az al bbiak k”zl rakonc s?;szek‚r;gondozott birtok;k poszt s ‚tel;kisgyermek;A;NYELV
Melyik hegys‚gnkben tal lhat¢ Kab-hegy?;Bkk;V‚rtes;Cserh t;Bakony;D;F™LDRAJZ
H ny goly¢val kell j tszani a karambol nevû bili rdj t‚kot?;3;9;16;22;A;JµTK
Ki nem volt a Horn-korm ny p‚nzgyminisztere?;B‚kesi L szl¢;Kupa Mih ly;Bokros Lajos;Medgyessy P‚ter;B;T™RTNELEM
Melyik megy‚nkben tal lhat¢ a nagycenki Sz‚chenyi-kast‚ly?;Fej‚r;Vas;Gy‹r-Moson-Sopron;Kom rom-Esztergom;C;MAGYARORSZµG
Melyik f‹£ri csal d ‚p¡ttetett kast‚lyt G”d”ll‹n?;Esterh zy;Grassalkovich;Festetics;Sz‚chenyi;B;MAGYARORSZµG
Melyik v rosban lehet v‚gigmenni az aranymûvesek utc j n?;Krakk¢ban;B‚csben;Velenc‚ben;Pr g ban;D;ORSZµGOK
Melyik 1684-ben szletett mûv‚sz festett gyakran boh¢cokat ‚s v ndorkom‚di sokat?;Gillot;Boucher;Watteau;Fragonard;C;KPZŠMëVSZET
Milyen a mar¢di ember?;gyeng‚lked‹;civakod¢;hûs‚ges;izmos;A;NYELV
Az al bbiak k”zl melyik olimpi n nem vettek r‚szt a magyar sportol¢k?;1912 Stockholm;1920 Antwerpen;1924 P rizs;1928 Amszterdam;B;SPORT
Hogy h¡vj k a jelenlegi spanyol kir lyt?;J nos Zsigmond;K roly Guszt v;J nos K roly;XIII. Alfonz;C;T™RTNELEM
Kik voltak eredetileg az agent provocateur-”k?;bolsevik aktivist k;titkos rend‹rgyn”k”k;v s ri kom‚di sok;bujdos¢ bonapartist k;B;T™RTNELEM
"""Tûrd el ezt az t‚st, de t”bbet egyet sem!"" Mikor hangzott el az el‹bbi mondat?";az utols¢ ¢kori olimpi n;Kok¢ els‹ profi meccse el‹tt;egy saolin pap felavat sakor;valakinek a lovagg  t‚sekor;D;µLTALµNOS
Kinek a hal l r¢l sz¢l az ismert Csehov-novella?;a muzsik;a csinovnyik;a koz k;a dekabrista;B;IRODALOM
Kit szok s a niklai remet‚nek emlegetni?;K”lcsey Ferencet;Kossuth Lajost;Sz‚chenyi Istv nt;Berzsenyi D nielt;D;T™RTNELEM
Mit neveztek az ¢kori R¢m ban limesnek?;a cirkuszi kocsip ly t;a cs sz ri pal stot;a birodalom hat rvonal t;az £tad¢t;C;T™RTNELEM
Melyik mûv‚szeti  g jeles k‚pvisel‹je a vil gh¡rû Marcel Marceau?;opera‚nekes;pantomimmûv‚sz;szobr sz;zongoramûv‚sz;B;MëVSZET
Melyik vall s istentiszteleti t rgya a frigyl da?;zsid¢;kereszt‚ny;iszl m;buddhista;A;VALLµS
Kit el‹z”tt meg Amundsen alig egy h¢nappal a D‚li-sark felfedez‚sekor?;Pearyt;Beringet;Scottot;Hillaryt;C;TUDOMµNY
Szab¢ Istv n melyik filmj‚ben nem Klaus Maria Brandauer a f‹szerelp‹?;Mephisto;Redl ezredes;Hanussen;Bizalom;D;FILM
Mit neveztek a nagy francia forradalom alatt konventnek?;a forradalmi napt rt;az alkotm nyoz¢ gyûl‚st;egy kiv‚gz‹eszk”zt;egy parlamenti csoportot;B;T™RTNELEM
Micsoda Wendriner Alad r, Rejt‹ Jen‹ h‹se?;szem‚lyi titk r;sz”k”tt l‚gi¢s;cirkuszi oroszl n;unatkoz¢ aranyifj£;C;IRODALOM
Melyik sport gban szerzett h‚t ‚rmet Matt Biondi az 1988-as sz”uli olimpi n?;atl‚tik ban;£sz sban;torn ban;evez‚sben;B;SPORT
Melyik szakma k‚pvisel‹i dolgoznak fondant-nal?;cukr szok;szab¢k;fogtechnikusok;”tv”s”k;A;µLTALµNOS
Mi a foglalkoz sa a Gregory Peck  ltal j tszott h‹snek a R¢mai vak ci¢ c¡mû filmben?;test‹r;inas;£js g¡r¢;f‚nyk‚p‚sz;C;FILM
Melyik olimpiai bajnok birk¢z¢nk lett aut¢baleset  ldozata?;Kozma Istv n;B¢bis Gyula;Zombori ™d”n;Szilv sy Mikl¢s;A;SPORT
Ki k”vette K d r J nost az MSZMP f‹titk ri posztj n?;Gr¢sz K roly;Szûr”s M ty s;Nyers Rezs‹;Pozsgay Imre;A;T™RTNELEM
Milyen c¡men ¡rt zenekari mûvet Debbussy?;Egy p n reggele;Egy szat¡r ‚jjele;Egy faun d‚lut nja;Egy nimfa hajnala;C;OPERA
Milyen fa vir gzik a Tisza partj n a magyar n‚pdal szerint?;mandula;fûz;gesztenye;cseresznye;A;IRODALOM
Melyik magyar kir ly alap¡totta a tihanyi ap ts got?;I. Andr s;I. B‚la;I. Istv n;I. L szl¢;A;T™RTNELEM
Milyen ifj£s gr¢l sz¢l Osborne sz¡nmûve a dr ma c¡me szerint?;kall¢d¢;t‚tlen;elveszett;dh”ng‹;D;IRODALOM
Melyik v ros f”l”tt magasodik a Cukorsveg-hegy?;Toki¢;Rio de Janeiro;Isztambul;Mexik¢v ros;B;ORSZµGOK
Melyik v ros k”zel‚ben j tsz¢dik Mozart: Figaro h zass ga c¡mû oper ja?;Velence;Firenze;Sevilla;P rizs;C;OPERA
Melyik a grill zs egyik alapanyaga az al bbiak k”zl?;toj s;cukor;tejf”l;sajt;B;KONYHA
"Melyik egyttes ‚nekelte, hogy ""Sz llj el, kismad r""?";Edda;Republic;Bonanza Banzai;Manhattan;B;ZENE
Az al bbiak k”zl melyik sz m¡t kl”n kieg‚sz¡t‹ tartoz‚knak, ha sz m¡t¢g‚pet vesznk?;alaplap;monitor;billentyûzet;hangk rtya;D;µLTALµNOS
Melyik  ll¡t s nem igaz a cs¢k ra?;szrk‚s, feket‚s tollazat£;varj£f‚le;t rsas gban ‚l;haz nkban nem fordul el‹;D;BIOLàGIA
Mi a hivatalos p‚nznem Indon‚zi ban?;doll r;font;r£pia;ringgit;C;ORSZµGOK
Hogyan nevezik London sz¢rakoz¢negyed‚t?;Westminster;East End;Mayfair;Soho;D;ORSZµGOK
Melyik balettben szerepelnek egerek?;Csajkovszkij: Di¢t”r‹;Hacsaturj n: Spartacus;Delibes: Copp‚lia;Csajkovszkij: Csipker¢zsika;A;MëVSZET
Melyik szervnk betegs‚ge a trachoma?;fl;td‹;szem;gyomor;C;BIOLàGIA
Milyen lovagok szerepelnek a Shakespeare-mû c¡m‚ben?;g ncs n‚lkli;l¢v tett;templomos;keresztes;B;IRODALOM
Ki volt az a kir ly, akit a nagy francia forradalom alatt kiv‚geztek?;XIV. Lajos;XV. Lajos;XVI. Lajos;XVIII. Lajos;C;T™RTNELEM
Mikor ‚pltek a dolmeneknek nevezett s¡r‚p¡tm‚nyek?;a k‹korszakban;az ¢kor v‚g‚n;a k”z‚pkor elej‚n;az £jkorban;A;T™RTNELEM
H ny azonos ‚rt‚kû lapja van a p¢kerj t‚kosnak, ha drillje van?;kett‹;h rom;n‚gy;”t;B;JµTK
Melyik szerzetesrendet alap¡totta Loyolai Szent Ign c?;kapucinus;benc‚s;jezsuita;domonkos;C;VALLµS
Ki volt az anglik n egyh z megalap¡t¢ja?;I. Erzs‚bet;VIII. Henrik;Oliver Cromwell;Or niai Vilmos;B;T™RTNELEM
Melyik ‚vben lett Magyarorsz g £jra k”zt rsas g?;1985;1989;1990;1992;B;T™RTNELEM
Melyik foly¢ partj n fekszik Arad?;Szamos;Fekete-K”r”s;Maros;Tisza;C;F™LDRAJZ
Melyik helyis‚gr‹l ¡rt elbesz‚l‚st Csehov?;a 101-es szob r¢l;a 6-os sz m£ k¢rteremr‹l;a c rn‚ szalonj r¢l;a vas£ti v r¢teremr‹l;B;IRODALOM
Kik ‚ltek a mai Guatemala terlet‚n?;maj k;cserokik;puebl¢k;kecsu k;A;ORSZµGOK
Az al bbiak k”zl melyik zeneszerz‹ nem ¡rt soha szimf¢ni t?;Schumann;Beethoven;Haydn;Chopin;D;OPERA
"Mit jelent a mond s? ""Errare humanum est.""";A kocka el van vetve;Ism‚tl‚s a tud s anyja;T‚vedni emberi dolog;Fej‚t‹l bûzlik a hal;C;NYELV
"Melyik magyar ‚nkesn‹ dalolt ""szerelmes sz¡vek""-r‹l?";Szul k Andrea;Orsi;Szandi;Szinet r D¢ra;C;ZENE
Hogyan l‚legeznek a kagyl¢k?;g zcsereny¡l ssal;b‹rl‚gz‚ssel;kopolty£val;td‹vel;C;BIOLàGIA
Kit v lasztottak meg a 2000. ‚v sportol¢n‹j‚nek Magyarorsz gon?;Nagy T¡me t;K‹b n Rit t;M rkus Erzs‚betet;Kov cs µgnest;D;SPORT
Melyik mû alc¡me: A magyar n‚p zivataros sz zadaib¢l?;V”r”smarty: Sz¢zat;K”lcsey: Himnusz;Berzsenyi: A magyarokhoz;Balassi: Egy katona‚nek;B;IRODALOM
Hol alakult meg 1949-ben a KGST?;Budapesten;Vars¢ban;Sz¢fi ban;Moszkv ban;D;T™RTNELEM
Melyik tartozik a fagyosszentek k”z‚?;Iv¢;Orb n;M ty s;Benedek;B;µLTALµNOS
"Mi a c¡me Clint Eastwood Oscar-d¡jas westernj‚nek? ""Nincs ?""";kegyelem;t”bb t”lt‚ny;bocs nat;m r b”l‚ny;C;FILM
Melyik orosz zeneszerz‹ ¡rt oper t Puskin Anyegin c¡mû mûv‚b‹l?;Muszorgszkij;Borogyin;Csajkovszkij;Rimszkij-Korszakov;C;OPERA
H ny Istv n n‚ven uralkod¢ magyar kir ly volt?;egy;h rom;”t;hat;C;T™RTNELEM
Kinek adhat v‚rt a 0 v‚rcsoport£ ember?;senkinek;csak 0 v‚rcsoport£nak;mindenkinek;csak AB v‚rcsoport£nak;C;BIOLàGIA
Melyik  llat ‹s‚nek tekinthet‹ a masztodon?;oroszl n;orrszarv£;elef nt;krokodil;C;BIOLàGIA
"Melyik egyttes ‚nekelte a ""Kell, hogy v rj"" c¡mû dalt?";Metro;Ill‚s;Hung ria;Neoton;D;ZENE
Ki j tszotta a n‹t, akibe Robert Redford szerelmes volt a T vol Afrik t¢l c¡mû filmben?;Glenn Close;Meryl Streep;Demi Moore;Sharon Stone;B;FILM
Melyik orsz g v logatottj val j tszott v¡zilabdacsapatunk a sydneyi olimpia d”nt‹j‚ben?;Oroszorsz g;Juguszl via;Olaszorsz g;Horv torsz g;A;SPORT
Melyik film f‹szerep‚t j tszotta Arnold Schwarzenegger?;Az utols¢ cserk‚sz;Az utols¢ akci¢h‹s;Az utols¢ cs sz r;Az utols¢ mohik n;B;FILM
Melyik bibliai szem‚lyhez k”thet‹ a Hegyi besz‚d?;M¢zes;P l apostol;Salamon;J‚zus;D;VALLµS
Ki ¡rta a J‚zus Krisztus szuperszt r c¡mû Webber-musical dalsz”vegeit?;Peter Gabriel;Paul Simon;Robert Plant;Tim Rice;D;ZENE
Milyen ‚p¡tm‚ny r‚sze volt a szk‚n‚ az ¢kori g”r”g”kn‚l?;sz¡nh z;j¢sda;frd‹;lak¢h z;A;T™RTNELEM
"Melyik sz¡nh zunkban mutatt k be a ""K‚pzelt riport egy amerikai popfesztiv lr¢l"" c¡mû darabot?";a V¡gsz¡nh zban;a Mad ch Sz¡nh zban;a Nemzeti Sz¡nh zban;az Operett Sz¡nh zban;A;SZÖNHµZ
Mit csin lt P‚nelop‚, Odsszeusz feles‚ge, hogy t vol tartsa a k‚r‹ket?;diszn¢v  v ltoztatta ‹ket;visszafejtette, amit sz‹tt; lruh t ”ltve elbujdosott;t¡z ‚vi szent b”jt”t tartott;B;IRODALOM
Melyik  llat nem tartozik a krokodilok rendj‚be?;allig tor;kajm n;gavi l;barib l;D;BIOLàGIA
Milyen t rc t vezetett E”tv”s J¢zsef az 1848-as Batthy ny-korm nyban?;belgy;vall s- ‚s nevel‚sgy;igazs ggy;f”ldmûvel‚sgy;B;T™RTNELEM
"Mit tesznek a sert‚sbord hoz, ha ""hentes m¢dra"" k‚sz¡tik?";ecetes ubork t;savany£ k poszt t;c‚kl t;torm t;A;KONYHA
Mit tartottak eredetileg a sifon‚rban?;ed‚nyeket;ruh kat;eles‚get;baromfit;B;µLTALµNOS
Hogyan ¡rjuk helyesen?;m‚hvel;m‚hhel;m‚h-hel;m‚h-vel;A;NYELV
Melyik holland v ros labdar£g¢ csapata az Ajax?;Rotterdam;Amszterdam;H ga;Eindhoven;B;SPORT
Mit falatozik, aki toj sgym”lcs”t eszik?;paradicsomot;padlizs nt;egrest;ringl¢t;B;NYELV
Melyik magyar ifj£s gi reg‚ny c¡m‚t viseli egy magyar rockegyttes?;Vuk;P l utcai fi£k;Tskev r;Egri csillagok;B;ZENE
Az al bbiak k”zl melyik a krampampuli?;a Mikul s seg‚dei;terel‹kutya;egy szeszesital;krumplist‚szta;C;NYELV
Melyik st¡lusir nyzatban alkotott p ly ja jelent‹s, korai szakasz ban Paul Gauguin?;expresszionizmus;impresszionizmus;kubizmus;szrrealizmus;B;KPZŠMëVSZET
Ki lopta el az istenek tz‚t az emberek sz m ra a g”r”g mitol¢gi ban?;Odsszeusz;H‚rakl‚sz;Prom‚theusz;Akhilleusz;C;VALLµS
Milyen klsejû, akit lapajnak neveznek?;magas, v‚kony;alacsony, k”pc”s;v”r”s haj£, szepl‹s;nagy, el ll¢ flû;A;µLTALµNOS
Mit neveznek a n‚pnyelvben csanaknak az al bbiak k”zl?;hatalmas l bbelit;kis ed‚nyt;dunai hal szb rk t;kopottas fejfed‹t;B;NYELV
Milyen rovarr¢l ¡rt zenemûvet Rimszkij-Korszakov?;sz£nyog;hangya;bolha;dong¢;D;OPERA
Melyik v ros l tv nyoss ga a San Siro nevû stadion?;Madrid;Barcelona;R¢ma;Mil n¢;D;SPORT
Melyik v ros lett a n‚vad¢ja 1968-ban egy amerikai zenekarnak?;Atlanta;Boston;Chicago;Detroit;C;ZENE
Melyik orsz g f‹v rosa Rabat?;Nep l;Marokk¢;Angola;Peru;B;ORSZµGOK
Melyik mû h‹se Pierre Bezuhov?;A f‚lkegyelmû;Feljegyz‚sek az eg‚rlyukb¢l;H bor£ ‚s b‚ke;Egy ‹rlt napl¢ja;C;IRODALOM
Milyen n”v‚nyt hozott No‚nak a galamb a Bibli ban?;sz‹l‹vessz‹t;olaj gat;p lmalevelet;fgefalevelet;B;VALLµS
Minek a kincs‚r‹l sz¢l Karl May ismert reg‚nye?;az ”reg seriff;a mohik n t”rzs;a medvebarlang;az Ezst-t¢;D;IRODALOM
Az  llatok melyik rendj‚be tartoznak a narv lok?;krokodilok;tekn‹s”k;cetek;td‹s halak;C;BIOLàGIA
Melyik labdar£g¢ csapat nyerte el legt”bbsz”r a BEK-et?;Real Madrid;Liverpool;Ajax;AC Milan;A;SPORT
A n‚gytemû, bels‹ ‚g‚sû motor melyik teme a kompresszi¢?;sz¡v s;sûr¡t‚s;munkatem;kipufog s;B;TECHNIKA
Kinek az alakj ban jelenik meg µd m Az ember trag‚di j ban?;Miltiad‚sz;D‚moszthen‚sz;Drakh¢n;Perikl‚sz;A;IRODALOM
Melyik f‚m ”tv”zetei az amalg mok?;higany;cink;vas;nikkel;A;TUDOMµNY
"Mit csin l az ""id‹"" Goth r P‚ter h¡res filmj‚nek c¡m‚ben?";rohan;meg ll;elsz ll;eltûnik;B;FILM
Melyik p pa hajtott v‚gre napt rreformot?;XIII. Gergely;VII. Gergely;III. Ince;II. Orb n;A;T™RTNELEM
Ki volt XV. Lajos francia kir ly h¡res kegyence?;Mme de S‚vign‚;Mme de Pompadour;Mme R‚camier;Mme de Stael;B;T™RTNELEM
Ki alap¡totta a k”nyvritkas gair¢l nevezetes keszthelyi Helikon K”nyvt rat?;Esterh zy K roly;Festetics Gy”rgy;Savoyai Jen‹;Grassalkovich Antal;B;T™RTNELEM
Milyen  llat a haris?;hal;mad r;rovar;eml‹s;B;BIOLàGIA
H ny kir ly uralkodott M ty s n‚ven Magyarorsz gon?;egy;kett‹;h rom;n‚gy;B;T™RTNELEM
Mir‹l volt nevezetes az ¢korban Delpoi v rosa?; llatv s rair¢l;erk”lcstelens‚g‚r‹l;j¢sd j r¢l;szigor£ nevel‚s‚r‹l;C;T™RTNELEM
Kinek a novell i alapj n k‚szlt az Esti Korn‚l csod latos utaz sa c¡mû film?;Karinthy Frigyes;Kr£dy Gyula;Kosztol nyi Dezs‹;Cs th G‚za;C;IRODALOM
Melyik ‚nkesn‹ lemezei a Like A Virgin ‚s a True Blue?;Cher;Madonna;Whitney Houston;Diana Ross;B;ZENE
Hol j tsz¢dik a V‚szhelyzet c¡mû n‚pszerû sorozat?;Atlant ban;Miamiban;Chicag¢ban;Anchorage-ban;C;FILM
H ny ‚vet tekintnk egy ember”lt‹nek?;25-35;50;75-85;100;A;µLTALµNOS
"Melyik k‚t magyar labdar£g¢ klubcsapat m‚rk‹z‚s‚t nevezik ""”r”krangad¢nak""?";Kispest - MTK;éjpest - FTC;FTC - MTK;Vasas - FTC;C;SPORT
Melyik egy n”v‚nycsal d neve?;g¢lyal bf‚l‚k;g¢lyaflf‚l‚k;g¢lyaorrf‚l‚k;g¢lyaszemf‚l‚k;C;BIOLàGIA
Mi a neve a magas, felfel‚ keskenyed‹ eml‚koszlopnak?;obszidi n;odaliszk;obeliszk;odeon;C;NYELV
Milyen mûv‚sz volt a vil gh¡rû Maria Callas?;balett-t ncos;szobr sz;opera‚nekesn‹;fest‹;C;MëVSZET
Kinek a nev‚hez fûz‹dik a J szai Mari ‚s àdry µrp d sz¡n‚szotthon l‚trhehoz sa?;Gobbi Hilda;Ruttkai va;Tolnay Kl ri;T”r‹csik Mari;A;SZÖNHµZ
Mi a neve Jean Valjean fogadott l ny nak A nyomorultak c¡mû reg‚nyben?;Marie;Cosette;Charlotte;Anne;B;IRODALOM
H nyadik Lajosk‚nt uralkodott az utols¢ Lajos nevû, 1824-ben elhunyt francia kir ly?;XV.;XVI.;XVII.;XVIII.;D;T™RTNELEM
Melyik birodalmat ir ny¡totta a 9-10. sz zad fordul¢j n B”lcs Le¢?;biz nci;orosz;frank;n‚met-r¢mai;A;T™RTNELEM
H ny alkalommal volt magyar minisztereln”k Wekerle S ndor?;egyszer;k‚tszer;h romszor;n‚gyszer;C;T™RTNELEM
Ki volt Habsburg uralkod¢ az al bbi magyar kir lyok k”zl?;I. Andr s;I. Lajos;I. L szl¢;IV. K roly;D;T™RTNELEM
Hogyan nevezt‚k r‚gen a m rcius h¢napot?;megk‚sett h¢ hava;tavaszv r s hava;farsangsirat¢ hava;b”jtm s hava;D;NYELV
H ny ‚vesen lett t bornok Bonaparte Nap¢leon?;24;38;48;54;A;T™RTNELEM
Mikor j rt el‹sz”r n‹i ûrhaj¢s az ûrben?;1963-ban;1968-ban;1971-ben;1975-ben;A;µLTALµNOS
Hov  emigr lt a magyar szabads gharc ut n Bem J¢zsef?;Franciaorsz gba;T”r”korsz gba;Piemontba;Lengyelorsz gba;B;T™RTNELEM
Melyik film kapta meg a legjobb filmnek j r¢ Oscar-d¡jat 2001-ben?;Csokol d‚;Gladi tor;Tigris ‚s s rk ny;Traffic;B;FILM
Melyik telepl‚s nem a Balaton d‚li partj n tal lhat¢?;Fony¢d;Badacsony;Zam rdi;Si¢fok;B;F™LDRAJZ
Melyik oper ban hangzik el a Zmm”g‹k¢rus?;Verdi: Traviata;Puccini: Pillang¢kisasszony;Mascagni: Parasztbecslet;Rossini: Tell Vilmos;B;OPERA
Hol tal lhat¢ az  ll¡t¢lagos uf¢balesetr‹l elh¡reslt Roswell v rosa?;Kanad ban;Nagy-Britanni ban;Ausztr li ban;az USA-ban;D;µLTALµNOS
Az al bbi k‹zetek k”zl melyik nem vulkanikus eredetû?;andezit;bazalt;m rv ny;tufa;C;F™LDRAJZ
Melyik nem alkotm nyos monarchia az al bbi ‚szak-eur¢pai orsz gok k”zl?;D nia;Norv‚gia;Sv‚dorsz g;Izland;D;ORSZµGOK
Melyik orsz g v logatottj nak volt tagja Eusebio?;Portug lia;Spanyolorsz g;Braz¡lia;Argent¡na;A;SPORT
Ki kapta a legjobb n‹i f‹szerepl‹nek j r¢ Oscar-d¡jat 2001-ben?;Sharon Stone;Julia Roberts;Kim Basinger;Juliette Binoche;B;FILM
Melyik apostol m‚lyesztette ujjait J‚zus sebeibe az‚rt, hogy meggy‹z‹dj”n felt mad s r¢l?;P‚ter;Jakab;Tam s;Andr s;C;VALLµS
Melyik mai  llam terlet‚n tal lhat¢k az ¢kori Karth g¢ romjai?;G”r”gorsz g;L¡bia;T”r”korsz g;Tun‚zia;D;T™RTNELEM
Mi az Ili sz c¡mû eposz k”zponti t‚m ja?;az aranygyapj£ keres‚se;a tit nok l zad sa;az istenek szlet‚se;Tr¢ja ostroma;D;IRODALOM
Mely v ros nevezetess‚ge a hatalmas, kit rt kar£ Krisztus-szobor?;Manila;Buenos Aires;Rio de Janeiro;Veracruz;C;ORSZµGOK
Melyik ‚nekes els‹ nagylemeze volt az jszak k ‚s nappalok?;Sz‚csi P l;Korda Gy”rgy;M t‚ P‚ter;Ko¢s J nos;C;ZENE
Melyik sz¡n‚szn‹ kapott Oscar-d¡jat a Ghost c¡mû filmben ny£jtott alak¡t s ‚rt?;Whoopi Goldberg;Demi Moore;Michelle Pfeiffer;Barbra Streisand;A;FILM
Hol l thatt k eredetileg a bajad‚rok t nc t?;Jap nban;Argent¡n ban;Egyiptomban;Indi ban;D;MëVSZET
Melyik v rosunkban l togathat¢ meg a Balassi B lint M£zeum?;Esztergomban;Tat n;Egerben;Gy‹r”tt;A;MAGYARORSZµG
Melyik megy‚nkben tal lhat¢ Szentes v rosa?;B‚k‚s;Heves;Csongr d;Tolna;C;MAGYARORSZµG
Melyik orsz g v logatottja nyerte a 2001. ‚vi n‹i v¡zilabda Eur¢pa-bajnoks got?;Jugoszl via;Magyarorsz g;Olaszorsz g;Hollandia;B;SPORT
Melyik sz¡npadi mû szerepl‹je Falstaff?;A salemi boszork nyok;A windsori v¡g n‹k;Macbeth;A f”sv‚ny;B;IRODALOM
Z”m‚ben milyen mût rgyakb¢l  llt Hopp Ferenc magyar  llamnak adom nyozott gyûjtem‚nye?;it liai renesz nsz;francia impresszionista;t vol-keleti;k”z‚p-afrikai;C;MëVSZET
Melyik sport gban nyert arany‚rmet Farkas P‚ter az 1992-es barcelonai olimpi n?;”k”lv¡v s;birk¢z s;”ttusa;cselg ncs;B;SPORT
"Mi a c¡me Marco Ferreri h¡res botr nyfilmj‚nek: ""A nagy ?""";pi l s;balh‚;zab l s;kurtiz n;C;FILM
Kik ellen gy‹zedelmeskedtek Montecuccoli csapatai Szentgotth rdn l?;poroszok;franci k;t”r”k”k;osztr kok;C;T™RTNELEM
Melyik eur¢pai  llam uralkod¢i a Grimaldik?;Belgium;Spanyolorsz g;Monaco;Norv‚gia;C;T™RTNELEM
Ki volt az utols¢ el‹tti µrp d-h zi kir ly?;III. L szl¢;IV. B‚la;IV. L szl¢;III. Andr s;C;T™RTNELEM
Mir‹l kapta a nev‚t a parmez n sajt?;olasz v rosr¢l;teh‚nfajt r¢l;szerzetesrendr‹l;szic¡liai hegyr‹l;A;KONYHA
Mit szeret olvasni, aki gyakran forgat poliglottokat?;t”bbk”tetes k”nyveket;t”bbnyelvû k”nyveket;bark csk”nyveket;gyermekk”nyveket;B;NYELV
Az al bbi v rosok k”zl melyikben rendeztek csak egyszer olimpi t?;R¢ma;London;P rizs;Los Angeles;A;SPORT
"Melyik egyttes ‚nekelte, hogy : ""Neh‚z a boldogs gt¢l b£cs£t venni.""?";Apostol;Bergendy;Corvina;Dinamit;A;ZENE
Melyik filmh‹s apja Darth Vader?;James Bond;Luke Skywalker;Han Solo;Superman;B;FILM
Kik voltak Fokv ros alap¡t¢i?;n‚met gyarmatos¡t¢k;portug l haj¢sok;holland keresked‹k;angol kal¢zok;C;T™RTNELEM
Ki nem volt alap¡t¢ tagja a Locomot¡v GT egyttesnek?;Laux J¢zsef;Barta Tam s;Freinreisz K roly;Soml¢ Tam s;D;ZENE
Melyik ‚vben lett Magyarorsz g a NATO teljes jog£ tagja?;1995-ben;1997-ben;1999-ben;2001-ben;C;T™RTNELEM
"Melyik magyar v rost nevezik ""k lvinista R¢m nak""?";Szegedet;S rospatakot;P p t;Debrecent;D;MAGYARORSZµG
Melyik nem a Duna mell‚kfoly¢ja az al bbiak k”zl?;R ba;Hern d;Si¢;Ipoly;B;F™LDRAJZ
Melyik mitol¢gi ban tal lkozhatunk bacch nsn‹kkel?;hindu;germ n;r¢mai;kelta;C;VALLµS
Honnan kerltek a K rp t-medenc‚be az els‹ komondorok?;szak-Amerik b¢l;µzsi b¢l;Skandin vi b¢l;Sk¢ci b¢l;B;BIOLàGIA
Melyik k‚miai elem nem szerepel az al bbiak k”zl a sal‚tromsavban?;oxig‚n;kl¢r;nitrog‚n;hidrog‚n;B;TUDOMµNY
Melyik egyttes menedzsere volt hal l ig Brian Epstein?;The Rolling Stones;The Beatles;Queen;The Shadows;B;ZENE
Hogy nevezik az orgona k‚zi billentyûzet‚t?;manu l;manuszkript;man‚zs;manipul tor;A;NYELV
Ki volt a g”r”g”k vez‚re a marathoni csat ban?;Leonid sz;Miltiad‚sz;Themisztokl‚sz;Perikl‚sz;B;T™RTNELEM
Melyik foglalkoz s szerepel Zeller operettj‚nek c¡m‚ben?;hal sz;vad sz;kan sz;madar sz;D;OPERA
Mi a dinamit f‹ alkot¢eleme?;k lium-szulf t;nitroglicerin;k‚n-dioxid;n trium-klorid;B;TUDOMµNY
Milyen ‚l‹l‚nyek a mg‚k?;ersz‚nyes r gcs l¢k;halak;tr¢pusi madarak;n”v‚nyek;D;BIOLàGIA
Melyik k‚miai elem latin neve a plumbum?;¢n;platina;¢lom;hidrog‚n;C;TUDOMµNY
Melyik mai orsz g terlet‚n tal lhat¢ az egykori Fiume kik”t‹je?;Bosznia-Hercegovina;Szlov‚nia;Horv torsz g;Olaszorsz g;C;F™LDRAJZ
Melyik n‚met v rosban rendezik meg minden ‚v nyar n a Wagner-fesztiv lt?;Lipcse;Bayreuth;Mnchen;Weimar;B;OPERA
Melyik t ncr¢l kapta c¡m‚t a Rudolf P‚ter f‹szerepl‚s‚vel k‚szlt film?;rock and roll;rumba;tang¢;cha-cha-cha;D;FILM
"Hov  meneklt 622-ben Mekk b¢l a pr¢f‚ta a ""Mohamed fut s ""-nak nevezett £t sor n?";B szr ba;Medin ba;Damaszkuszba;Iszfah nba;B;T™RTNELEM
"Milyen ""kapcsolat"" szerepel a Gene Hackman f‹szerepl‚s‚vel k‚szlt Oscar-d¡jas film c¡m‚ben?";belga;szic¡liai;francia;m ltai;C;FILM
Mi az igazgy”ngy alapanyaga?;kvarc;m‚szk‹;k‹s¢;akvamarin;B;TUDOMµNY
Az al bbiak k”zl melyik egy Szab¢ L‹rinc-versciklus c¡me?;Kis ‚jjeli zene;Kamarazene;Macskazene;Tcs”kzene;D;IRODALOM
Melyik mûv‚‚rt ¡t‚lt‚k hal lra t”bb iszl m orsz gban Salman Rushdie-t?;Az ‚jf‚l gyermekei;Sz‚gyen;S t ni versek;A m¢r utols¢ s¢haja;C;IRODALOM
"Melyik orsz gban k¡s‚rleteztek a ""nagy ugr s"" politik j val 1958-61 k”z”tt?";Kuba;K¡na;Szovjetuni¢;Jugoszl via;B;T™RTNELEM
Melyik orsz g ‹slak¢i a maorik?;Haiti;éj-Z‚land;D‚l-afrikai K”zt rsas g;Fl”p-szigetek;B;ORSZµGOK
Melyik nem Duna-parti v ros az al bbiak k”zl?;Kom rom;Koml¢;Moh cs;Paks;B;F™LDRAJZ
Ki volt Schiller vil gh¡rû irodalm r bar tja ‚s munkat rsa a weimari ‚vekben?;Rilke;Goethe;Heine;H”lderlin;B;IRODALOM
Ki adta ”ssze Gretna Greenben a srg‹sen h zasodni v gy¢kat?;a p‚k;a szat¢cs;a kov cs;az esperes;C;µLTALµNOS
Az al bbiak k”zl melyiket nevezik hajdin nak?;d¡szes fej‚ket;penget‹s hangszert;ed‚nyfajt t;n”v‚nyfajt;D;NYELV
Melyik filmh‹s alak¡t¢jak‚nt lett vil gh¡rû Christopher Reeve?;James Bond;Fantomas;Zorro;Superman;D;FILM
Milyen irodalmi mûfaj a fabula?;s¡rvers;tanmese;lev‚lreg‚ny;bujdos¢‚nek;B;NYELV
Hol halt meg Horthy Mikl¢s?;Portug li ban;Spanyolorsz gban;Braz¡li ban;Argent¡n ban;A;T™RTNELEM
Melyik hangszer mûv‚sze volt Pablo Casals?;zongora;br csa;hegedû;gordonka;D;OPERA
Mi a bat ta m sik elnevez‚se?;csillagt”k;cickafark;‚desburgonya;sp rgakel;C;BIOLàGIA
Melyik Egyeslt µllamok-beli v rosban nem rendeztek soha ny ri olimpiai j t‚kokat?;Los Angeles;Atlanta;Saint Louis;San Francisco;D;SPORT
Kit szem‚lyes¡tett meg Val Kilmer a The Doors c¡mû filmben?;Van Morrisont;Jimi Hendrixet;Jim Morrisont;Jimmy Page-t;C;ZENE
Mi eszi meg az Ikreket reggelire az ismert magyar film c¡me szerint?;a Skorpi¢;a V¡z”nt‹;az Oroszl n;a Nyilas;A;FILM
Melyik megy‚nkben tal lhat¢ Nagykanizsa?;Zala;Baranya;Somogy;Vas;A;MAGYARORSZµG
Milyen egys‚gben m‚rik a hang rezg‚ssz m t?;tonban;decibelben;hertzben;luxban;C;TUDOMµNY
"Apostol szavunk a g”r”g ""aposztolosz"" sz¢b¢l sz rmazik. Mi a sz¢ eredeti jelent‚se?";tan¡tv ny;kld”tt;p sztor;k‹szikla;B;NYELV
Hol haszn lt k r‚gen az ‚desv¡zi pi¢c k egyes fajait?;a n”v‚nynemes¡t‚sekn‚l;a harc szatban;a gy¢gy szatban;a szak csmûv‚szetben;C;BIOLàGIA
Milyen sz¡nû lesz a lakmuszpap¡r sav hat s ra?;s rga;z”ld;v”r”s;k‚k;C;TUDOMµNY
Hogyan nevezt‚k a koz k katonai parancsnokot?;kelev‚z;atam n;atan z;ottom n;B;T™RTNELEM
Ki tervezte a barcelonai Sagrada Fam¡lia katedr list?;Fern n Cabailero;Le Corbusier;Walter Gropius;Antonio Gaudi;D;TECHNIKA
"Melyik v ros r‚sze Hollywood, a ""film f‹v rosa""?";Los Angeles;Las Vegas;New York;Detroit;A;FILM
Milyen kl”nleges k‚pet k‚sz¡t a Nobel-d¡jas G bor D‚nes tal lm nya?;digit lis k‚pet;hologramot;piktogramot;gyorsf‚nyk‚pet;B;TECHNIKA
Minek a t rol s ra szolg lt a but‚lia?;doh ny;p linka;fûszer;tinta;B;µLTALµNOS
Melyik sz¡nh z igazgat¢ja volt Major Tam s?;Mad ch Sz¡nh z;Nemzeti Sz¡nh z;V¡gsz¡nh z;Pesti Sz¡nh z;B;SZÖNHµZ
Hogyan nevezik a b¡borosok p pav laszt¢ gyûl‚s‚t?;konvent;konkord tum;kongreg ci¢;konkl v‚;D;VALLµS
Melyik sport gban volt ‚lvonalbeli versenyz‹ Karinthy Ferenc, a kitûn‹ ¡r¢?;v¡zilabd ban;labdar£g sban;teniszben;atl‚tik ban;A;SPORT
Milyen tulajdons g jellemez egy konjunkt£ralovagot?;hûs‚ges;g ncs n‚lkli;gyesked‹;lovagiatlan;C;NYELV
Ki zen‚s¡tette meg a Sz¢zatot?;Erkel Ferenc;Mosonyi Mih ly;Egressy B‚ni;Liszt Ferenc;C;OPERA
Mi a neve a sz m¡t¢g‚pes adat llom nynak?;bit;f jl;byte;basic;B;TECHNIKA
Melyik orsz gban tal lhat¢ a Stonehenge titokzatos k‹t”mbjei?;a D‚l-afrikai K”zt rsas gban;Angli ban;Ausztr li ban;Kanad ban;B;ORSZµGOK
A k”zhiedelem szerint mi zuhant le az amerikai Roswellben 1947-ben?;f”ld”n k¡vli ûrhaj¢;marsr¢l sz rmaz¢ meteorit;szovjet mûhold;amerikai vad szrep”l‹;A;µLTALµNOS
Melyik a Duna egyetlen bal oldali mell‚kfoly¢ja Magyarorsz gon?;Tarna;R ba;Ipoly;Si¢;C;F™LDRAJZ
Melyik a F”ld legnagyobb sivataga?;Nagy-Vikt¢ria -sivatag;Szahara;G¢bi-sivatag;L¡biai-sivatag;B;F™LDRAJZ
Mit neveznek a t”r”k”k halv nak?;egy ‚dess‚gfajt t;egy turb nfajt t;a szult n h rem‚t;a t”r”k k v‚h zat;A;NYELV
Melyik h¡res t”rt‚nelmi szem‚lyis‚gnk neve van helytelenl le¡rva?;Kossuth Lajos;V”r”smarty Mih ly;Sz‚chenyi Istv n;Batth ny Lajos;D;NYELV
Meddig neveznk egy tehenet sz‹nek?;egy h¢napos kor ig;m¡g nem ellik;k‚t ‚ves kor ig;az utols¢ ell‚sig;B;BIOLàGIA
Milyen rokont neveztek ip nak?;az ap¢st;az any¢st;a s¢gort;a nagyb csit;A;µLTALµNOS
"Hol t”rt‚nt a ""p lfordul s""?";Tarsusban;Jeruzs lemben;a damaszkuszi £ton;a R¢m ba vezet‹ £ton;C;T™RTNELEM
Milyen alak£ bakt‚riumok a bacilusok?;p lcika;g”mb;csavar;k£p;A;BIOLàGIA
Ki mondta, hogy nincs a teremt‚sben vesztes, csak ‹?;Hamlet;B nk b n;µd m;R¢me¢;B;IRODALOM
Amerika melyik botr ny r¢l sz¢l Az eln”k emberei c¡mû film?;a Lewinsky-gyr‹l;a Kennedy-gyilkoss gr¢l;a Watergate-gyr‹l;a Reagan-mer‚nyletr‹l;C;FILM
Milyen sz¡n nem szerepel N‚metorsz g z szlaj ban?;fekete;z”ld;s rga;v”r”s;B;ORSZµGOK
Melyik magyar futballb¡r¢ lett h romszor egym s ut n a vil g legjobb j t‚kvezet‹je?;Puhl S ndor;Palotai K roly;Zsolt Istv n;V gner L szl¢;A;SPORT
Melyik £sz¢nemben gy‹z”tt h romszor Kov cs µgi az 1999-es isztambuli Eur¢pa-bajnoks gon?;gyors£sz sban;h t£sz sban;pillang¢£sz sban;mell£sz sban;D;SPORT
Melyik p lyaudvar csarnok t ‚p¡tette az Eiffel-c‚g?;D‚li p lyaudvar;Keleti p lyaudvar;J¢zsefv rosi p lyaudvar;Nyugati p lyaudvar;D;µLTALµNOS
Melyik szervnk betegs‚ge a gm‹k¢r?;a fog‚;a m j‚;a b‹r‚;a td‹‚;D;BIOLàGIA
Mi a c¡me Charles Darwin legismertebb mûv‚nek?;A majmok ‚s mi;Az evol£ci¢ ‚s mi;A fajok eredete;A homo sapiens eredete;C;BIOLàGIA
Mi volt a c¡me az Arany J nos k‚sei mûveit tartalmaz¢ versgyûjtem‚nynek?;Visszaeml‚kez‚sek;Epil¢gus;Šszik‚k;Eml‚kk”nyv;C;IRODALOM
Mib‹l k‚szl a kumisz?;kecsketejb‹l;rozsb¢l;kancatejb‹l;m kb¢l;C;KONYHA
Melyik a Naprendszer legnagyobb bolyg¢ja?;Ur nusz;Jupiter;Pl£t¢;Szaturnusz;B;TUDOMµNY
Kinek a szlet‚snapja alkalm b¢l indult a 70-es trolibuszj rat Budapesten?;Szt lin;R kosi M ty s;Hruscsov;Lenin;A;T™RTNELEM
"Mi az a csepû, amit a sz¡n‚szek ""r gtak""?";doh nylev‚l;kenderk¢c;sz”vegk”nyv;sz raz keny‚r;B;µLTALµNOS
G. B. Shaw melyik darabj b¢l k‚szlt a My Fair Lady c¡mû musical?;Warrenn‚ mesters‚ge;Candida;Pygmalion;Szent Johanna;C;IRODALOM
Melyik sajt kapta nev‚t egy sv jci t jegys‚gr‹l?;trappista;eid mi;parmez n;ement li;D;µLTALµNOS
Hogyan  br zolj k Justiti t, az igazs g istenn‹j‚t?;l ndzs val a kez‚ben;t”rv‚nyk”nyvvel a kez‚ben;bek”t”tt sz jjal;bek”t”tt szemmel;D;VALLµS
Hol vannak planktonok?;a tengerekben;az ‹serd‹k f in;a magas szikl kon;a tavaszi r‚teken;A;BIOLàGIA
Melyik v rosban l‹tt‚k le John Fitzgerald Kennedyt?;Las Vegasban;Chicag¢ban;Bostonban;Dallasban;D;T™RTNELEM
Hol folyik a Maros a Tisz ba?;Mak¢n l;Szegedn‚l;Battony n l;H¢dmez‹v s rhelyn‚l;B;F™LDRAJZ
Hol ‹rzik Budapesten a Szent Jobbot?;a Nemzeti M£zeumban;az Orsz gh zban;a Bazilik ban;a M ty s-temploban;C;VALLµS
Hol haladhat  t a gyalogos a KRESZ szerint?;h¡d £ttestj‚n;fellj r¢ £ttestj‚n;f‹£tvonalon;aut¢p ly n;C;µLTALµNOS
Mikb‹l  ll egy sz m¡t¢g‚p szoftvere?;chipekb‹l;m gneslemezekb‹l;mechanikus ‚p¡t‹elemekb‹l;programokb¢l ‚s adatokb¢l;D;µLTALµNOS
Kinek a nev‚hez fûz‹dik a Julianus-napt r?;Julianus bar t;Julius Caesar;Justinianus cs sz r;Gergely p pa;B;T™RTNELEM
Melyik  llat mirigy‚b‹l nyertek r‚gen a b¡borfest‚ket?;b¡borkagyl¢;b¡borpolip;b¡borlepke;b¡borcsiga;D;BIOLàGIA
Az al bbi helyek k”zl hova ment haz nkban az, aki a K£ri ra ment?;b¡r¢s gra;csend‹r‹rsre;k¢rh zba;orsz ggyûl‚sre;A;NYELV
Milyen munk hoz haszn lt k a guzsalyt?;f‹z‚shez;marhaterel‚shez;sz nt shoz;fon shoz;D;NYELV
Melyik oper ban hangzik fel a h¡res Torre dordal?;Bizet: Carmen;Verdi: A trubad£r;Rossini: A sevillai borb‚ly;Puccini: Tosca;A;OPERA
Hol alszik a r‚t J¢zsef Attila Altat¢ c¡mû vers‚ben?;dunna alatt;takar¢ alatt;paplan alatt;a csillagos ‚g alatt;A;IRODALOM
Mire haszn lj k a band zst?;lovak idom¡t s ra;sebk”t”z‚sre;k‚zfert‹tlen¡t‚sre;hegedûk gyant z s ra;B;NYELV
Mib‹l k‚szl a borovicska nevû p linka?;borsikafûb‹l;borsment b¢l;bor¢kabogy¢b¢l;borboly b¢l;C;KONYHA
"Melyik v rosunkban  ll a ""Cifrapalota""?";J szber‚nyben;Kecskem‚ten;Debrecenben;Veszpr‚mben;B;µLTALµNOS
Melyik magyar utaz¢r¢l neveztek el vulk nt Afrik ban?;Kittenberger K lm nr¢l;Magyar L szl¢r¢l;Alm sy L szl¢r¢l;Teleki S muelr‹l;D;F™LDRAJZ
H ny m‚terr‹l dobj k a bûntet‹t a k‚zilabd ban?;n‚gy m‚terr‹l;”t m‚terr‹l;tizenegy m‚terr‹l;h‚t m‚terr‹l;D;SPORT
Az al bbi mini llamok k”zl melyiknek van tengerpartja?;Monaco;Andorra;Liechtenstein;San Marino;A;F™LDRAJZ
Ki volt Magyarorsz g minisztereln”ke 1975 ‚s 1987 k”z”tt?;Gr¢sz K roly;L z r Gy”rgy;Fock Jen‹;K d r J nos;B;T™RTNELEM
Milyen kutya fekszik a ksz”b”n a Csal di k”r c¡mû Arany J nos-versben?;kivert;k¢bor;kiszolg lt;csahos;C;IRODALOM
Honnan kapta nev‚t a tejjel hig¡tott feketek v‚, a kapuc¡ner?;éjkapu v ros r¢l;egy szerzetesruha sz¡n‚r‹l;egy t”r”k b‚g nev‚b‹l;k”z‚pkori v mszed‹kr‹l;B;NYELV
Mi puszt¡tott Pesten 1838-ban?;pestis;f”ldreng‚s; rv¡z;tûzv‚sz;C;T™RTNELEM
Milyen  llat a vadnyugati reg‚nyekb‹l ismert coyote?;vadl¢;szrke medve;pr‚rifarkas;b”l‚ny;C;BIOLàGIA
Hogyan nevezik az amerikai kos rlabda-v logatottat?;Csodacsapat;àri sok;µlomcsapat;Az els‹k;C;SPORT
Melyik sport g szakkifejez‚sei a k”vetkez‹k: m‚rlegel‚s, t rcsa, l”k‚s?;birk¢z s;diszkoszvet‚s;s£lyemel‚s;s£lyl”k‚s;C;SPORT
Melyik g”r”g v ros llam vezet‹je volt Perikl‚sz?;Sp rta;Ath‚n;Mk‚n‚;Mil‚tosz;B;T™RTNELEM
Ki jelenleg a n‚met kancell r?;Joschka Fischer;Helmut Kohl;Gerhard Schr”der;Johannes Rau;C;T™RTNELEM
Mi volt a neve az 1970-es ‚vekt‹l tev‚kenyked‹ olaszorsz gi sz‚ls‹baloldali terrorszervezetnek?;V”r”singesek;V”r”s Hadsereg;V”r”s Brig dok;V”r”sg rdist k;C;T™RTNELEM
Milyen  llatot nevezhetnek jerk‚nek?;ty£kot;b r nyt;szamarat;pulyk t;B;BIOLàGIA
"Hogyan kapcsol¢dik Shakespeare nev‚hez a ""Globe""?";darabj nak c¡me;szlet‚si helye;a sz¡nh za volt;a sz¡n‚szn‹je volt;C;SZÖNHµZ
Hol tan¡tott Arany J nos?;Csurg¢n;Baj n;Egerben;Nagyk‹r”s”n;D;IRODALOM
Milyen konyhai mûvelet az ab l s?;apr¡t s;pir¡t s;f‹z‚s;st‚s;C;KONYHA
Melyik gym”lcs neve egyezik meg egy marhah£sf‚les‚g nev‚vel?;mandula;ringl¢;mogyor¢;di¢;D;KONYHA
Melyik sz¡n egyik  rnyalat t nevezt‚k el a h¡res fest‹r‹l, Tizian¢r¢l?;k‚k;z”ld;v”r”s;s rga;C;KPZŠMëVSZET
Kik harcoltak a r¢zs k h bor£j ban?;angolok franci k ellen;angolok angolok ellen;magyarok t”r”k”k ellen;t”r”k”k osztr kok ellen;B;T™RTNELEM
Ki lett Leonyid Brezsnyev ut¢da a szovjet p rtvezet‚s ‚l‚n?;Andrej Gromiko;Jurij Andropov;Konsztantyin Csernyenko;Mihail Gorbacsov;B;T™RTNELEM
Milyen ‚l‹l‚ny a susulyka?;rovar;gomba;‚nekesmad r;fut¢bab;B;BIOLàGIA
Hol j tsz¢dik Thomas Mann Var zshegy c¡mû reg‚nye?;egy szanat¢riumban;egy s¡paradicsomban;Tibetben;H¢reb hegy‚n;A;IRODALOM
Melyik Shakespeare-mû alapj n k‚szlt a Cs¢kolj meg, Kat m! c¡mû musical?;T‚ved‚sek v¡gj t‚ka;Szeget szeggel;A makrancos h”lgy;Sok hûh¢ semmi‚rt;C;IRODALOM
Kit neveztek r‚gen egy apa term‚szetes fi nak?;a legkisebb fi£t;a legid‹sebb fi£t;a t”rv‚nytelen fi£t;az ”r”kbefogadott fi£t;C;µLTALµNOS
Ki az a francia forradalm r, akit Charlotte Corday gyilkolt meg?;Marat;Robespierre;Danton;Saint-Just;A;T™RTNELEM
Az al bbiak k”zl melyik egy Hemingway-reg‚ny c¡me?;Paella;Malaga;Fiesta;Matador;C;IRODALOM
Ki alap¡totta keszthelyi Georgikont?;Festetics Gy”rgy;Esterh zy M¢ric;Sz‚ch‚nyi Ferenc;Savoyai Jen‹;A;T™RTNELEM
Melyik  ll¡t s nem igaz a snre?;‚jjel vad szik;megeszi a csig t;t‚li  lmot alszik;nagy csal dokban ‚l;D;BIOLàGIA
Ki volt az els‹ magyar korm nyz¢?;Zr¡nyi Mikl¢s;II. R k¢czi Ferenc;Hunyadi J nos;G‚za fejedelem;C;T™RTNELEM
"Melyik olasz futball-klub j t‚kosait bec‚zik ""zebr knak""?";Internazionale;Juventus;Torino;AC Milan;B;SPORT
Az al bbi n”v‚nyek k”zl melyik nem sp¢r val szaporodnak?;p fr nyok;zsurl¢k;moh k;ciprusf‚l‚k;D;BIOLàGIA
Kit neveznk  ltal ban egy csoport doyenj‚nek?;a kik”z”s¡tett tagot;a titk rt;a koreln”k”t;a legfiatalabb tagot;C;µLTALµNOS
"Ki k‚rdezte kit‹l a legenda szerint? ""Quo vadis, Domine?"" (Hov  m‚sz, uram?)";Seneca Nero cs sz rt¢l;egy gladi tor Augustust¢l;P‚ter apostol J‚zust¢l;Ben Hur Messal t¢l;C;T™RTNELEM
Kik voltak az iszl m uralkod¢k test‹rei?;az eunuchok;a mamelukok;az effendik;a k dik;B;T™RTNELEM
Hol rendezt‚k meg az Eur¢pai Biztons gi ‚s Egyttmûk”d‚si rtekezletet 1975-ben?;Washington;P rizs;Genf;Helsinki;D;T™RTNELEM
A ruha melyik r‚sze a slepp?;az usz lya;a nyakfodra;a v llp ntja;a d¡szes gombja;A;µLTALµNOS
"Kinek a nev‚hez fûz‹dik a mond s? ""J”ttem, l ttam, gy‹ztem.""";Julius Caesar;Kolumbusz;Nagy S ndor;Nap¢leon;A;T™RTNELEM
Melyik kir lyunk fulladt a moh csi csata idej‚n a Csele-patakba?;II. Lajos;I. Lajos;II. Ul szl¢;I. Ul szl¢;A;T™RTNELEM
Melyik v rosban tekinthet‹ meg az Atomium?;P rizs;Brsszel;Amszterdam;Bern;B;ORSZµGOK
Milyen betegs‚get terjeszt a cecel‚gy?;s rgal zt;influenz t; lomk¢rt;mal ri t;C;BIOLàGIA
Milyen foglalkoz st ûz”tt Csontv ry negyven ‚ves kor ig?;tan r;gy¢gyszer‚sz;gazd lkod¢;seb‚sz;B;KPZŠMëVSZET
Hogy nevezik az izraeli egykamar s t”rv‚nyhoz st?;Kneszet;Likud;Hagana;MOSZAD;A;µLTALµNOS
Milyen hal kerl a jap nok n‚pszerû ‚tel‚be, a sushiba?;p colt;nyers;slt;fst”lt;B;KONYHA
"Melyik foly¢n pihen az a versb‚li komp, amelyben ""hallgat a s”t‚ts‚g""?";Tisza;Szamos;Duna;Maros;B;IRODALOM
Melyik v rost tartj k a dzsessz szl‹haz j nak?;New Orleans;Memphis;Boston;Charleston;A;ZENE
Mi a neve a h¢h‚rnak A n‚ma levente c¡mû Heltai-sz¡nmûben?;Set‚t Lajos;™reg Bak¢;V‚res Mester;Rettenthetetlen;A;IRODALOM
Milyen Nobel-d¡jat kapott Graham Bell, a telefon feltal l¢ja?;k‚miait;nem kapott;fizikait;fiziol¢giait;B;TUDOMµNY
Hol tal lhatunk szil kat?;gym”lcs”sben;cetek sz j ban;hegyvid‚ken;tk”rboltban;B;NYELV
Kik kaphatj k a Goncourt-d¡jat?;sportol¢k;¡r¢k;misszion riusok;zeneszerz‹k;B;µLTALµNOS
"Kinek a jelmondata volt: ""J¢ szerencse, semmi m s.""";Th”k”ly Imre;Hunyadi J nos;II. R¢k¢czi Ferenc;Zr¡nyi Mikl¢s;D;T™RTNELEM
Miv‚ v ltoztatta Kirk‚ Odsszeusz t rsait?;k‹v‚;s¢b lv nny ;gyermekk‚;diszn¢v ;D;IRODALOM
Kik ittak el‹sz”r csokol d‚t?;a sum‚rok;az azt‚kok;a szi miak;az eti¢pok;B;KONYHA
Mi a csell¢ k”zkeletû m sik neve?;br csa;gordonka;hegedû;nagyb‹g‹;B;OPERA
Ki gy‹z”tt a Falkland-szigetek‚rt folytatott h bor£ban 1982-ben?;Franciaorsz g;Argent¡na;Spanyolorsz g;Nagy-Britannia;D;T™RTNELEM
Ki volt a magyar orsz ggyûl‚s eln”ke 1994 ‚s 1998 k”z”tt?;G l Zolt n;Szabad Gy”rgy;G”ncz µrp d;Pozsgay Imre;A;T™RTNELEM
Mi szokott lenni Szent P‚ter kez‚ben az ‹t  br zol¢ k‚peken?;p lca;r¢zsafz‚r;eserny‹;kulcs;D;VALLµS
Mib‹l k‚szl a konyak?;cukorn db¢l;t”rk”lyb‹l;gabon b¢l;borp rlatb¢l;D;KONYHA
"Hogyan sz¢l a Julius Caesar c¡mû dr m ban elhangz¢ sz ll¢ige: ""... tal lkozunk!""";a Rubiconn l;Philippin‚l;Galli ban;a piramisokn l;B;IRODALOM
Kinek az ¡r sai alapj n k‚sz¡tette Husz rik Zolt n Szindb d c¡mû filmj‚t?;M¢ricz Zsigmond;Kosztol nyi Dezs‹;Kr£dy Gyula;Sz‚p Ern‹;C;FILM
"Melyik Beethoven-szimf¢ni ban hangzik fel az ""™r”m¢da""?";a III. szimf¢ni ban;a IX. szimf¢ni ban;a VI. szimf¢ni ban;az V. szimf¢ni ban;B;OPERA
Melyik hegys‚gben fekszik Andorra?;az Alpokban;a Pireneusokban;az Andokban;a K rp tokban;B;F™LDRAJZ
H ny b jt egy kilob jt?;1000;1024;1012;1036;B;TUDOMµNY
Hogy nevezi a KRESZ a f‚kezett kerekekkel megtett utat?;f‚kt vols g;k”vet‚si t vols g;f‚k£t;cselekv‚si £t;C;µLTALµNOS
Mi volt P l apostol eredeti neve?;S muel;Salamon;Saul;Simeon;C;VALLµS
H ny arany‚rmet nyert Mark Spitz amerikai £sz¢ a mncheni olimpi n?;hatot;hetet;”t”t;nyolcat;B;SPORT
Melyik ‚vben vezett‚k be Magyarorsz gon az £j forintot?;1948-ban;1950-ben;1946-ban;1949-ben;C;T™RTNELEM
"Melyik v rosban voltak ""fogs gban"" a p p k a 14. sz zadban?";Canossa;Ravenna;Reims;Avignon;D;T™RTNELEM
Hol l that¢ I. Andr s kir ly s¡rja?;az esztergomi bazilik ban;a sz‚kesfeh‚rv ri romkertben;a tihanyi ap ts gban;a M ty s-templomban;C;T™RTNELEM
Melyik ¡r¢nk feles‚ge volt Laborfalvi R¢za, kor nak nnepelt sz¡n‚szn‹je?;Miksz th K lm n;J¢kai M¢r;Gyulai P l;Ottlik G‚za;B;IRODALOM
Milyen  llat sz‹r‚b‹l k‚szl a moherfon l?;ang¢rakecske;vikunya;csincsilla;dromed r;A;µLTALµNOS
Melyik eur¢pai futball-klub nevezetes ar‚n j t h¡vj k Bernabeu stadionnak?;Benfica;Olympique Marseille;FC Barcelona;Real Madrid;D;SPORT
Melyik alapelem nincs a k¡nai asztrol¢gi ban?;Tûz;F”ld;K‹;Fa;C;µLTALµNOS
Kiket neveznk hidalg¢knak?;jap n harcmûv‚szeket;¢kori h¡d‚p¡t‹ket;spanyol nemeseket;francia forradalm rokat;C;NYELV
Melyik n‚p t nca a polka?;ukr n;lengyel;cseh;bolg r;C;ORSZµGOK
Az al bbiak k”zl melyik a st¡riai met‚lt egyik alapanyaga?;t£r¢;kaka¢;lekv r;di¢;A;KONYHA
Az al bbiak k”zl melyik terleten alkotott vil gsz¡nvonal£t Ferenczy No‚mi?;ker mia;falik rpit;terrakotta;mozaik;B;KPZŠMëVSZET
Kinek a verseib‹l szletett Andrew Lloyd Webber musicalje, a Macsk k?;Tim Rice;E. T. A. Hoffmann;E. A. Poe;T. S. Eliot;D;ZENE
Mi Svejk kedvenc kocsm j nak a neve?;Kors¢;Kehely;A v¡g tenger‚sz;Ferencj¢ska;B;IRODALOM
Melyik hal £szik majdnem fgg‹leges testtart sban?;snhal;ebihal;denev‚rhal;csik¢hal;D;BIOLàGIA
Hogyan nevezik a M ria Ter‚zia k”rl kialakult magyar ¡r¢i k”rt?;terezi nusok;test‹r¡r¢k;udvarnokok;b‚csi irodalombar tok;B;T™RTNELEM
Melyik Eur¢pa legnagyobb f‚lszigete?;Skandin v-f‚lsziget;Pireneusi-f‚lsziget;Balk n-f‚lsziget;Appennini-f‚lsziget;A;F™LDRAJZ
"Ki tervezte a ""bog rh t£"" Volkswagent?";Edmund Rumpler;Adam Opel;Ferdinand Porsche;Max Born;C;TECHNIKA
A felsorolt orsz gok k”zl melyik z szlaj ban nincs v”r”s sz¡n?;Ausztria;K¡na;Izrael;Kanada;C;ORSZµGOK
Melyik a vil g legkisebb  llama?;Monaco;Vatik n;San Marino;Szingap£r;B;ORSZµGOK
Melyik megy‚nkben tal lhat¢ Holl¢k‹?;Heves;Kom rom-Esztergom;N¢gr d;Borsod-Aba£j-Zempl‚n;C;F™LDRAJZ
Mi volt a h¡res magyar sz¡n‚szn‹, D‚ryn‚ felvett le nykori neve?;Vajda J£lia;Laborfalvi R¢za;Szendrey J£lia;Sz‚ppataki R¢za;D;SZÖNHµZ
Ki volt az ENSZ els‹ f‹titk ra?;U Thant;Trygve Lie;Dag Hammarskj”ld;P‚rez de Cu‚llar;B;T™RTNELEM
Ki volt a szabads gharc t bornok nak, Perczel M¢rnak a gyermekkori nevel‹je?;Orlai Petrich Soma;Erkel Ferenc;V”r”smarty Mih ly;Kossuth Lajos;C;T™RTNELEM
Kinek a sz¡npadi mûveihez kompon lt rendszeresen zen‚t Kurt Weill?;Eugene Ionesco;Samuel Beckett;Konsztantyin Sztanyiszlavszkij;Bertolt Brecht;D;OPERA
Melyik labdar£g¢klub nagyh¡rû p ly ja az Old Trafford?;Chelsea;Liverpool;Manchester United;Nottingham Forest;C;SPORT
Kik utzatak a Mayflower nevû haj¢n?;Magell n haj¢sai;az els‹ amerikai telepesek;az Onassis csal d;Cook kapit ny matr¢zai;B;T™RTNELEM
Mi a neve Anna Karenina cs b¡t¢j nak?;Lenszkij;Oblomov;Bezuhov;Vronszkij;D;IRODALOM
Ki ¡rta az Erkel-oper ban Pet£r b n el‹ad s ban elhangz¢ bordal sz”veg‚t?;Katona J¢zsef;Egressy B‚ni;V”r”smarty Mih ly;Bajza J¢zsef;C;OPERA
Melyik kiv l¢ rockzen‚sz szerezte Az oroszl nkir ly c¡mû film zen‚j‚t?;Rod Stewart;David Bowie;Stevie Wonder;Elton John;D;FILM
Ki volt a magyar csapat sz”vets‚gi kapit nya az 1986-os mexik¢i futball-vil gbajnoks gon?;M‚sz”ly K lm n;Verebes J¢zsef;Garami J¢zsef;Mezey Gy”rgy;D;SPORT
Melyik £sz snemben szerzett arany‚rmet Kov cs µgnes a sydneyi olipi n?;gyors£sz sban;h t£sz sban;mell£sz sban;pillang¢£sz sban;C;SPORT
Melyik a Duna egyetlen bal oldali mell‚kfoly¢ja Magyarorsz gon?;Tarna;R ba;Ipoly;Si¢;C;F™LDRAJZ
Ki Cseh Tam s  lland¢ szerz‹t rsa, sz”veg¡r¢ja?;Br¢dy J nos;Berem‚nyi G‚za;Spir¢ Gy”rgy;Adamis Anna;B;ZENE
Melyik orsz g c¡mer llata a kivi fut¢mad r?;éj-Z‚land;Kolumbia;Kuvait;Tanz nia;A;ORSZµGOK
"Az al bbi ""corpusok"" k”zl melyiket haszn lj k gyv‚dek?";corpus juris;corpus Domini;corpus Iuteum;corpus vitreum;A;NYELV
Hol halt meg a XVII. sz zadi k”lt‹-hadvez‚r, Zr¡nyi Mikl¢s?;csatamez‹n;vad szaton;b”rt”nben;sz mûzet‚sben;B;T™RTNELEM
Milyen tiszts‚get t”lt”tt be Benyovszky M¢ric Madagaszk r sziget‚n?;sah;szult n;kir ly;seriff;C;T™RTNELEM
Mi a c¡me Sz”r‚nyi Levente ‚s Br¢dy J nos 2000-ben bemutatott darabj nak?;M ria orsz ga;Sz llj, szabad mad r!;Veled, uram!;K lm n, a k”nyves;C;ZENE
Hol v¡vt k a n‚pek csat jak‚nt ismertt‚ v lt tk”zetet?;V rn ban;Waterloon l;Philippin‚l;Lipcs‚n‚l;D;T™RTNELEM
Milyen sz¡nû dr gak‹ a malachit?;lila;s rga;k‚k;z”ld;D;µLTALµNOS
Hol halt meg Bonaparte Nap¢leon?;Korzik n;Elba-sziget‚n;Mallorc n;Szent Ilona-sziget‚n;D;T™RTNELEM
Melyik ismert zen‚sz a V¡gsz¡nh z zenei vezet‹je?;Sz”r‚nyi Levente;Presser G bor;Benk‹ L szl¢;D‚s L szl¢;B;SZÖNHµZ
Kinek a kital lt h‹se Goriot ap¢?;Balzac;Zola;Gorkij;Csehov;A;IRODALOM
Hogyan nevezzk a f‚nyenergia r‚szecsk‚it?;protonnak;fotonnak;ionnak;elektronnak;B;TUDOMµNY
Melyik csapatban fejezte be fantasztikus p lyafut s t a h¡res kosaras Michael Jordan?;Chicago Bulls;Utah Jazz;Los Angeles Lakers;New York Knicks;A;SPORT
Mi lesz a v‚geredm‚ny, ha egy k‚pz‹mûv‚sz herm t k‚sz¡t?;n‚pies falv‚d‹;absztrakt olajfestm‚ny;kism‚retû r‚zkarc;f‚m ereklyetart¢;D;KPZŠMëVSZET
Kinek a mûve alapj n k‚sz¡tette B¢dy G bor Psych‚ c¡mû filmj‚t?;Pilinszky J nos;We”res S ndor;Szab¢ L‹rinc;Esterh zy P‚ter;B;FILM
Kik robbantott k ki az 1831-es lyoni felkel‚st?;b ny szok;tak csok;asztalosok;k‹farag¢k;B;T™RTNELEM
"Milyen m ra elavult jelent‚se volt ‚vsz zadokkal ezel‹tt a ""marha"" sz¢nak?";vagyon;csal di;gyetlen lovas;alattval¢;A;NYELV
Melyik nem egy Moli‚re kom‚dia c¡me?;A f‚rjek iskol ja;A n‹k iskol ja;A f‚rfiak iskol ja;Botcsin lta doktor;C;IRODALOM
Hol folyik a K”r”s a Tisz ba?;K”r”slad nyban;Szegedn‚l;Csongr dn l;Szentesn‚l;C;F™LDRAJZ
"Ki a zeneszerz‹je ""A bûv”s vad sz"" c¡mû oper nak?";Mozart;Bellini;Rossini;Weber;D;OPERA
Milyen mûv‚sz Cavaradossi a Tosca c¡mû oper ban?;szobr sz;fest‹;k”lt‹;‚nekes;B;OPERA
Melyik h¢napban rendezik meg a Magyar Nagyd¡jat a Forma 1-es aut¢k verseny‚ben?;j£niusban;okt¢berben;augusztusban;m jusban;C;SPORT
Milyen nemzetis‚gû az AC/DC nevû rockegyttes?;ausztr l;kanadai;angol;egyeslt  llamokbeli;A;ZENE
Melyik angol kir ly jelenik meg Robin Hood t”rt‚net‚ben?;I. Rich rd;III. Rich rd;IV. Henrik;VIII. Henrik;A;IRODALOM
Melyik a helyes ¡r sm¢d?;k”nyvritkas ggyûjtem‚ny;k”nyvritkas g gyûjtem‚ny;k”nyvritkas g-gyûjtem‚ny;k”nyv ritkas g-gyûjtem‚ny;C;NYELV
Melyik irodalmi h‹s tan¡t¢ja Pangloss mester?;Rob Roy;Ivanhoe;Candide;Faust;C;IRODALOM
H ny ‚vig ‚lt Matuzs lem?;1000;969;850;925;B;VALLµS
Ki vagy mi riad meg a vill ml st¢l Delacroix festm‚ny‚n?;egy kisfi£;egy szarvas;egy csel‚dl ny;egy l¢;D;KPZŠMëVSZET
Mi a foglalkoz sa Tevj‚nek, a Hegedûs a h ztet‹n f‹h‹s‚nek?;szab¢;m‚sz ros;tejesember;p‚nzv lt¢;C;OPERA
Melyik az a sport g, amelyikben 1924-t‹l negyven ‚ven keresztl mindig volt magyar olimpiai bajnok?;kajakoz s;kardv¡v s;”ttusa;h t£sz s;B;SPORT
Ki volt a Beatles egyttes els‹ dobosa?;Slu Sutcliffe;Ringo Starr;Richard Starkey;Pete Best;D;ZENE
Melyik miniszteri t rc t kapta meg M dl Ferenc 1993-ban?;igazs ggyi;mûvel‹d‚si ‚s k”zoktat si;p‚nzgyi;ipari ‚s kereskedelmi;B;T™RTNELEM
A felsorolt n‚met v rosok k”zl melyik nem az Elba partj n fekszik?;Hamburg;Wittenberg;Br‚ma;Drezda;C;F™LDRAJZ
Mit replt  t a vil gon els‹k‚nt Louis Bl‚riot 1909-ben?;az Atlanti-¢ce nt;a Csendes-¢ce nt;a F”ldk”zi-tengert;a La Manche csatorn t;D;µLTALµNOS
Ki fedezte fel Tr¢ja  ll¡t¢lagos romjait?;Champollion;Hom‚rosz;Schliemann;Evans;C;T™RTNELEM
Ki volt Hunyadi J nos fiainak nevel‹je?;Janus Pannonius;Vit‚z J nos;Johannes Regiomontanus;B tor Johann;B;T™RTNELEM
Ki lett Szt lin ut¢da a szovjet kommunista p rt ‚l‚n?;Andrej Gromiko;Nyikita Hruscsov;Georgij Malenkov;Leonyid Brezsnyev;B;T™RTNELEM
Ki tette hivatalos vall ss  a kereszt‚nys‚get az ¢kori R¢m ban?;Augustus;Diocletianus;Tiberius;Constantinus;D;T™RTNELEM
"Melyik oper ban hallhat¢ a ""Meghalt a cselsz”v‹, nem d£l m r r£t visz ly"" kezdetû k¢rus?";Erkel: B nk b n;Rossini: Tell Vilmos;Verdi: Nabucco;Erkel: Hunyadi L szl¢;D;OPERA
Kinek a mûve szolg lt alapul Kod ly Zolt n H ry J nos c¡mû dalj t‚k hoz?;V”r”smarty Mih ly;Kisfaludy S ndor;Verseghy Ferenc;Garay J nos;D;OPERA
Ki az utaz¢k v‚d‹szentje?;Szent Borb la;Szent Krist¢f;Szent Jeromos;Szent M rton;B;VALLµS
Melyik versenysz mban lett els‹ G‚csek Tibor az 1998-as budapesti Eur¢pa-bajnoks gon?;gerelyhaj¡t sban;kalap csvet‚sben;diszkoszvet‚sben;s£lyl”k‚sben;B;SPORT
Ki volt az USA eln”ke az 1956-os magyar forradalom idej‚n?;Eisenhower;Nixon;Kennedy;Truman;A;T™RTNELEM
Mit csin lnak a keleti n‚pek az arrakkal?;megissz k;dobolnak rajta;hal sznak vele;elsz¡vj k;A;µLTALµNOS
Melyik n”v‚nyt nevezt‚k t”r”k b£z nak?;az  rp t;a zabot;a kukoric t;a koml¢t;C;BIOLàGIA
A felsoroltak k”zl ki nem barokk zeneszerz‹?;Vivaldi;Grieg;J. S. Bach;Purcell;B;OPERA
"Melyik sz¡n‚sz volt a ""magas sz‹ke f‚rfi felem s cip‹ben""?";Terence Hill;Louis de Funes;Pierre Richard;Yves Montand;C;FILM
Melyik orsz g vezet a vil g k v‚termel‚s‚ben?;Eti¢pia;Braz¡lia;Mexik¢;Venezuela;B;ORSZµGOK
Kik tanultak a medresz‚ben?;reform tus di kok;p rizsi medikusok;buddhista szerzetesek;muzulm n di kok;D;NYELV
Hol  ll az egykori S ndor palota?;a visegr di v rban;a budai V rhegyen;az egri v rban;a sikl¢si v rban;B;MAGYARORSZµG
A felsoroltak k”zl melyik hegys‚g nem tagja az szaki-k”z‚phegys‚gnek?;Cserh t;Bkk;B”rzs”ny;Gerecse;D;F™LDRAJZ
Ki volt Dante m£zs ja?;Laura;Beatrice;Vastag Marg¢;Lucrezia;B;IRODALOM
A borj£ melyik bont si r‚sz‚b‹l v s r¢l, aki r¢zs t vesz?;a combj b¢l;a szegy‚b‹l;a karajb¢l;a szûzpecseny‚b‹l;A;KONYHA
"Mi a c¡me Sergio Leone utols¢ filmj‚nek: ""Volt egyszer egy ?""";vadnyugat;csal d;Amerika;cowboy;C;FILM
Melyik film f‹h‹sei nem j rnak az ûrben?;Armageddon;A g”mb;Csillagk”zi inv zi¢;Balj¢s  rnyak;B;FILM
Hol t”lt”tte Pet‹fi S ndor a m‚zesheteit?;Velenc‚ben;Kolt¢n;Aradon;P p n;B;IRODALOM
K”ztudom s£, hogy Neil Armstrong volt az els‹ ember, aki a Holdra l‚pett, de ki volt a m sodik?;Michael Collins;Edwin Aldrin;John Glenn;Alekszej Leonov;B;TUDOMµNY
Kik voltak a hettit k?;perzsa tr¢n”r”k”s”k;finnugor nyelvrokonaink;¢kori n‚p;impresszionista fest‹k;C;µLTALµNOS
Mely n‚p uralkod¢i voltak a Karagyorgyevicsek?;szerb;rom n;orosz;alb n;A;T™RTNELEM
Milyen  llat a h rpia?;mad r;hal;ragadoz¢;ersz‚nyes;A;BIOLàGIA
Ki lett a 2000. ‚v f‚rfi sportol¢ja Magyarorsz gon?;Kolonics Gy”rgy;Balogh G bor;Csoll ny Szilveszter;Storcz Botond;C;SPORT
Melyik n”v‚ny nem tartozik a p zsitfûf‚l‚k k”z‚?;kukorica;cukorn d;len; rpa;C;BIOLàGIA
A h‚t melyik napja sz m¡t nnepnek az iszl m vall sban?;szombat;kedd;p‚ntek;vas rnap;C;VALLµS
Mit neveznek a n‚pnyelvben csoboly¢nak?;patakocsk t;iv¢ed‚nyt;cserebogarat;csal nmez‹t;B;NYELV
Ki k”vette k”zvetlenl Szent Isv nt a tr¢non?;I. Andr s;Orseolo P‚ter;I. B‚la;Szent L szl¢;B;T™RTNELEM
Mikor j tsz¢dik Jim Carrey A grincs c¡mû filmje?;h£sv‚tkor;farsangkor;pnk”sdkor;kar csonykor;D;FILM
Melyik barokk zeneszerz‹ ¡rt zenekari szvitet V¡zizene illetve Tûzij t‚k zene c¡mmel?;J. S. Bach;Handel;Telemann;Vivaldi;B;OPERA
Melyik uralkod¢i csal dba tartozott a Magyarorsz g gyeit 1437-39-ben ir ny¡t¢ Albert kir ly?;Habsburg;Jagell¢;Luxemburgi;Anjou;A;T™RTNELEM
A Biblia szerint ki rendelte el a betlehemi gyermekgyilkoss got?;Pontius Pilatus;Her¢des;Kajaf s;Augustus cs sz r;B;VALLµS
Melyik hangszer kiv l¢ mûv‚sze volt Benny Goodman?;szaxofon;klarin‚t;trombita;sz rnykrt;B;ZENE
Melyik amerikai eln”k tett l togat st a berlini faln l 1963-ban?;John F. Kennedy;Lyndon B. Johnson;Dwight D. Eisenhower;Richard M. Nixon;A;T™RTNELEM
Melyik magyar matematikus tekinthet‹ a j t‚kelm‚let egyik megalapoz¢j nak?;Rubik Ern‹;Neumann J nos;Bolyai J nos;Bolyai Farkas;B;TUDOMµNY
H ny  lland¢ tagja van az ENSZ Biztons gi Tan cs nak?;4;5;7;9;B;µLTALµNOS
Az al bbiak k”zl melyik a szarvasmarha k”zeli rokona?;emu;zebu;tatu;nandu;B;BIOLàGIA
Melyik k‚pzeletbeli h‹s Kosztol nyi Dezs‹ szl”tte?;get‹ Eszter;Kriszty n T¢dor;Esti Korn‚l;Rezeda K zm‚r;C;IRODALOM
Ki nem volt tagja a Fonogr f egyttesnek?;M¢ricz Mih ly;Tolcsvay L szl¢;Sz”r‚nyi Szabolcs;P sztory Zolt n;D;ZENE
Kit neveztek a spanyol ‚s a portug l kir lyi udvarban inf nsn‹nek?;a kir ly  gyasait;a kir lyi hercegn‹ket;a szak csn‹ket;az udvarh”lgyeket;B;T™RTNELEM
"Melyik mai orsz g terlet‚n tal lhat¢ a n‚pballad ban is szerepl‹ ""magos D‚va v ra""?";Ukrajna;Rom nia;Szlov kia;Horv torsz g;B;ORSZµGOK
Milyen ‚lvezetnek h¢dol, aki nargil‚t sz¡v?;szivarozik;v¡zipip zik;cigerett zik;t”mj‚nt fst”l;B;µLTALµNOS
Mib‹l k‚szl a vaj?;tejsz¡nb‹l;tejf”lb‹l;sav¢b¢l;aludttej;A;KONYHA
"Mit jelentett r‚gen a ""remek"" kifejez‚s?";vizsgamunk t;feldolgoz st;sil ny min‹s‚get;olcs¢ hazai  rut;A;NYELV
Milyen vall s£ak a kabil t”rzsek?;buddhista;hindu;iszl m;p rszi;C;VALLµS
Ki volt az anglik n egyh z alap¡t¢ja?;VIII. Henrik;Morus Tam s;Rotterdami Erasmus;I. Erzs‚bet;A;T™RTNELEM
Kije vagy mije volt Caligul nak Incitatus?;fogadott fia;lova;rabszolg ja;gyilkosa;B;T™RTNELEM
Melyik hegys‚gnkben tal lhat¢ a Szeleta-barlang?;a Pilisben;a Mecsekben;a Bkkben;a B”rzs”nyben;C;F™LDRAJZ
Mi a neve a Franciaorsz got jelk‚pez‹ n‹alaknak?;Isabelle;Sophie;Marianne;Valentine;C;ORSZµGOK
"Melyik mai orsz g terlet‚n tal lhat¢ Krasznahorka ""bszke v ra""?";Szlov kia;Ukrajna;Rom nia;Lengyelorsz g;A;ORSZµGOK
Hogy nevezik r”viden az olvashat¢ ‚s  t¡rhat¢ sz m¡t¢g‚pes adatt rat?;RAM;STORE;TFT;CD-ROM;A;µLTALµNOS
Melyik magyar rockegyttes ‚nekelt a 67-es £tr¢l?;Piramis;Edda;Omega;Republic;D;ZENE
Melyik n‚p vezet‹je volt a mond kb¢l ismert Szvatopluk?;beseny‹;bolg r;kaz r;morva;D;T™RTNELEM
A katon k mij‚t nevezt‚k kepinek?;zsoldk”nyv‚t;zubbony t;szurony t;sapk j t;D;NYELV
Melyik foly¢ torkolat n l fekszik Szentp‚terv r?;L‚na;N‚va;Volga;Jenyiszej;B;F™LDRAJZ
Ki kapta a legt”bb magyar olimpiai arany‚rmet?;Gerevich Alad r;K rp ti Rudolf;Kov cs P l;Egerszegi Krisztina;A;SPORT
Mib‹l k‚szlt haj¢n tett k¡s‚rletet Thor Heyerdahl az Atlanti-¢ce n  tszel‚s‚re?;bambusz;‚benfa;papirusz;parafa;C;T™RTNELEM
Ki az az angol k”lt‹, aki a g”r”g szabads gharcban vesztette ‚let‚t?;Byron;Shelley;Milton;Coleridge;A;T™RTNELEM
Hol ‚lnek a hottentott k?;Kelet-µzsi ban;D‚l-Afrik ban;szak-Amerik ban;K”z‚p-Ausztr li ban;B;ORSZµGOK
Mi a c¡me Salinger vil gh¡rû reg‚ny‚nek?;B£zadar l¢;Krumpliszed‹;Zabhegyez‹;Tengeri-h nt¢;C;IRODALOM
Melyik orsz g eln”ke volt 1960-t¢l Makariosz ‚rsek?;G”r”gorsz g;Fl”p-szigetek;Ciprus;Mexik¢;C;T™RTNELEM
Ki fejlesztette ki a tekercsfilmet?;Everet MacAdam;George Eastman;Paul Nipkow;Percival Everitt;B;TECHNIKA
Melyik ‚vszak nem jelenik meg Juh sz Gyula Milyen volt ? kezdetû vers‚ben?;t‚l;tavasz;ny r;‹sz;A;IRODALOM
A Biblia szerint milyen  llat  llkapcs val t”tt agyon S mson ezer filiszteust?;kecske;szam r;oroszl n;borj£;B;VALLµS
Mi jellemzi minden esetben egy  llam gazdas g t recesszi¢ idej‚n?;visszaes‚s;gyors felz rk¢z s;stabil p‚nzgyek;‚l‚nkl‹ t‹zsde;A;µLTALµNOS
Kir‹l kapta nev‚t a soproni sz¡nh z?;V”r”smarty Mih ly;Pet‹fi S ndor;Arany J nos;Mad ch Imre;B;SZÖNHµZ
Melyik orsz g szl”tte Marc Chagall, a Franciaorsz gban ‚lt fest‹?;N‚metorsz g;Sv jc;Lengyelorsz g;Oroszorsz g;D;KPZŠMëVSZET
Melyik ‚vben volt a Rajk-per Magyarorsz gon?;1946-ban;1948-ban;1949-ben;1953-ban;C;T™RTNELEM
Mi a karbur tor m sik elnevez‚se?;gener tor;dinam¢;transzform tor;porlaszt¢;D;TECHNIKA
Hogy nevezt‚k a rabszolg t az ¢kori Sp rt ban?;ephorosz;perioikosz;geruszia;hel¢ta;D;T™RTNELEM
Melyik hegys‚gnkben m szhatjuk meg az Ist ll¢s-k‹ nevû hegyet?;a Bkkben;a Bakonyban;a K‹szegi-hegys‚gben;a Zempl‚ni-hegys‚gben;A;F™LDRAJZ
Melyik orsz g f‹v rosa Jerev n?;Gr£zia;Kazahszt n;™rm‚nyorsz g;Azerbajdzs n;C;ORSZµGOK
Melyik a cs sz rmorzsa egyik alapanyaga az al bbiak k”zl?;zsemlemorzsa;liszt; rpagy”ngy;rizs;B;KONYHA
"Mit jelent a g”r”g kifejez‚s? ""Panta rhei.""";Az ‚let v‚ges;Minden mozdulatlan;Minden folyik;A hatalom eltorz¡t;C;NYELV
Melyik orsz g p‚nzneme m rka az al bbiak k”zl?;sztorsz g;Finnorsz g;Lettorsz g;Sv‚dorsz g;B;ORSZµGOK
Melyik v rosunkban van a Sz¢rakat‚nusz J t‚km£zeum?;Kecskem‚ten;Szegeden;Debrecenben;Egerben;A;MAGYARORSZµG
Ki Seherez d‚ apja Az ezeregy‚jszaka mes‚iben?;egy fgefa rus;a bagdadi kalifa;Abu, a piaci tolvaj;a vez¡r;D;IRODALOM
Hol volt Szophokl‚sz dr m inak ‹sbemutat¢ja?;R¢m ban;Sp rt ban;Ath‚nben;Tr¢j ban;C;IRODALOM
Melyik sport gban szerzett arany‚rmet F”ldi Imre az 1972-es mncheni olimpi n?;”k”lv¡v s;birk¢z s;kalap csvet‚s;s£lyemel‚s;D;SPORT
Mi a foglalkoz sa a M gn s Miska c¡mû operett c¡mszerepl‹j‚nek?;lov szleg‚ny;f‹hadnagy;bankigazgat¢;f‹herceg;A;OPERA
Ki vitte a magyar z szl¢t a sydneyi olimpiai megnyit¢j n?;Kov cs µgnes;Csoll ny Szilveszter;Balogh G bor;K‹b n Rita;D;SPORT
Mi volt Pet‹fi els‹ nyomtat sban megjelent vers‚nek a c¡me?;N‚gy”kr”s szek‚r;Megy a juh sz szam ron;A boroz¢;Istv n ”cs‚mhez;C;IRODALOM
Melyik korszakban harcolt Lebstck M ria f‹hadnagy?;R k¢czi-szabads gharc;I. vil gh bor£;1848-49-es szabads gharc;Eger 1552-es ostroma;C;T™RTNELEM
Melyik Eur¢pa legnagyobb meleg v¡zû tava?;Garda-t¢;Ladoga-t¢;W”rthi-t¢;H‚v¡zi-t¢;D;F™LDRAJZ
Milyen szerepet alak¡tott Al Pacino a Serpico c¡mû filmben?;gengsztert;gyv‚det;rend‹rt;katon t;C;FILM
Az al bbi ‚p¡tm‚nyek k”zl melyik nem tartozott az ¢kori vil g h‚t csod ja k”z‚?;epheszoszi Artemisz-templom;halikarnasszoszi mauz¢leum;Pheidiasz Zeusz-szobra;Salamon temploma;D;T™RTNELEM
Ki szeret bele a Bakaruh ban c¡mû magyar film f‹h‹s‚be, a fiatal £js g¡r¢ba?;egy hercegn‹;egy gr¢fkisasszony;egy csel‚dl ny;egy tan¡t¢n‹;C;FILM
Mire haszn lt k a br”k term‚s‚nek f‹zet‚t az ¢korban?;el¡t‚ltek kiv‚gz‚s‚re;ruhafest‚sre;habarcsk‚sz¡t‚sre;ragaszt¢k‚sz¡t‚sre;A;µLTALµNOS
Ki rendezte a Feh‚rl¢fia c¡mû magyar rajzfilmet?;Dargay Attila;Jankovics Marcell;Nepp J¢zsef;G‚mes J¢zsef;B;FILM
Melyik ‚p¡tm‚ny tervez‹je volt Adam Clark?;L nch¡d;budai Alag£t;Palatinus Strandfrd‹;Sz‚chenyi-kil t¢;B;PÖTSZET
Ki nem tartozik az éjsz”vets‚g n‚gy evang‚lium nak szerz‹i k”z‚?;P l;M t‚;M rk;Luk cs;A;VALLµS
Milyen lovagr¢l ¡rt oper t Richard Strauss?;r¢zsa;szerencse;rabl¢;keresztes;A;OPERA
Kit gy‹z”tt le a lipcsei csatamez‹n a h¡res hadvez‚r, Blcher?;S ndor orosz c rt;Nelson admir list;Nap¢leont;II. Frigyest;C;T™RTNELEM
Az al bbi filmek k”zl melyiket nem Hitchcock rendezte?;A Manderley-h z asszonya;Sz‚dl‚s;Psycho;Psych‚;D;FILM
"Milyen ""gener ci¢"" szerepel Andr s Ferenc filmj‚nek c¡m‚ben?";kis;elveszett;zseni lis;nagy;D;FILM
Melyik megy‚nkben tal lhat¢ a sok l togat¢t vonz¢ Bugacpuszta?;Csongr d;Hajd£-Bihar;B cs-Kiskun;Pest;C;F™LDRAJZ
Mi a herefojt¢ aranka?;k”z‚pkori k¡nz¢eszk”z;gyomn”v‚ny;m‚rges k¡gy¢;vad szcsapda;B;NYELV
Melyik nem halog‚n elem az al bbiak k”zl?;kl¢r;h‚lium;fluor;br¢m;B;TUDOMµNY
Melyik h¢napban iktatj k be hivatalukba az Egyeslt µllamok eln”keit?;november;december;janu r;febru r;C;µLTALµNOS
Melyik v rosunkban tal lhat¢ a kir lys¡rokat rejt‹ k”z‚pkori Romkert?;Esztergom;P‚cs;Sz‚kesfeh‚rv r;Szombathely;C;MAGYARORSZµG
Melyik film f‹szerep‚t j tszotta Marlene Dietrich?;Sz‚dl‚s;A v d tan£ja;A sanghaji asszony;A m ltai s¢lyom;B;FILM
Ki volt a mond k szerint a Himnuszb¢l is ismert Bendeg£z?;Attila apja;µlmos apja;µrp d apja;G‚za apja;A;T™RTNELEM
Ki volt Nagy-Britannia minisztereln”ke a Falkland-szigeteki h bor£ idej‚n?;Sir Winston Churchill;John Major;Margaret Thatcher;Harold Wilson;C;T™RTNELEM
Mi volt a h¡res bety r, Vidr¢czki keresztneve?;Bertalan;M rton;Tam s;S ndor;B;T™RTNELEM
Melyik apostol kerlt J£d s hal la ut n a megresedett helyre?;Jakab;M ty s;Fl”p;Tam s;B;VALLµS
Mi Hamlet utols¢ mondata hal la el‹tt Arany J nos ford¡t s ban?;Kzd ‚s b¡zva b¡zz l!;A t”bbi, n‚ma csend.;Menj, l‹jenek sort!;Lenni vagy nem lenni!;B;IRODALOM
Mit szak¡t meg egyoldal£an az a korm ny, amelyik embarg¢t vezet be?;politikai kapcsolatokat;kereskedelmi kapcsolatokat;az  llampog rok utaz si jog t;a parlament l‚seit;B;NYELV
Az al bbi mûv‚szek k”zl kir‹l nincs budapesti sz¡nh z elnevezve?;J¢zsef Attila;Katona J¢zsef;Radn¢ti Mikl¢s;V”r”smarty Mih ly;D;SZÖNHµZ
Melyik balatoni v ros nevezetess‚ge a Tagore-eml‚kfa?;Tihany;Si¢fok;Keszthely;Balatonfred;D;MAGYARORSZµG
"Melyik ‚vben voltak a ""pr gai tavasz"" esem‚nyei?";1956;1968;1973;1985;B;T™RTNELEM
Melyik magyar tud¢s kapott Nobel-d¡jat a hologr f felfedez‚s‚‚rt?;G bor D‚nes;Pol nyi J nos;Wigner Jen‹;Teller Ede;A;TUDOMµNY
Melyik kifejez‚s ¡r sm¢dja helytelen az al bbiak k”zl?;G rdonyi-szerû;E”tv”s-f‚le;Julianus bar t szobor;J¢zsef Attila d¡j;D;NYELV
H ny  rb¢ca volt egy hagyom nyos fregattnak?;egy;kett‹;h rom;n‚gy;C;µLTALµNOS
Kik lakj k Mez‹k”vesdet a n‚prajzi elnevez‚s szerint?;sok cok;b”sz”rm‚nyek;maty¢k;rut‚nek;C;MAGYARORSZµG
Melyik n”v‚ny vir gj nak bimb¢j b¢l k‚szl fûszer?;bazsalikom;kakukkfû;szegfûszeg;citromfû;C;BIOLàGIA
Milyen n”v‚nyr‚sz a bec‹?;term‚s;f‹gy”k‚r;lev‚lerezet;fak‚reg;A;BIOLàGIA
Mi a c¡me Cseh Tam s els‹ nagylemez‚nek: Lev‚l ??;nagyn‚n‚mnek;any mnak;n‹v‚remnek;bar tn‹mnek;C;ZENE
"""A c‚l szentes¡ti az eszk”zt."" Kinek tulajdon¡tjuk a meg llap¡t st?";XIV. Lajos;Lucrezia Borgia;Niccolo Machiavelli;Maximilien Rebespierre;C;T™RTNELEM
Melyik f‚met nyerik a magnetit nevû  sv nyb¢l?;a rezet;a nikkelt;a vasat;a magn‚ziumot;C;TUDOMµNY
Melyik orsz ghoz tartozik ma a t”rt‚nelmi Normandia?;Nagy-Britannia;Franciaorsz g;Sv‚dorsz g;Belgium;B;F™LDRAJZ
Mi az amm¢nium-hidroxid k”znapi neve?;glicerin;sal‚tromsav;s¢sborszesz;szalmi kszesz;D;TUDOMµNY
Melyik labdaj t‚kban l‚tezik horog- illetve temp¢dob s?;r”plabda;k‚zilabda;fallabda;kos rlabda;D;SPORT
Kinek a mûv‚t ‚s st¡lus t parodiz lta Karinthy Mosl‚k-orsz g c¡mmel?;Ady Endre;Babits Mih ly;T¢th µrp d;Pet‹fi S ndor;A;IRODALOM
Ki Ophelia apja Shakespeare dr m j ban?;Laertes;Polonius;Horatio;Claudius;B;IRODALOM
Legkevesebb h ny szerv val lehet nyerni a teniszben egy j t‚kot?;n‚gy;”t;hat;h‚t;A;SPORT
Mennyi a h romsz”g bels‹ sz”geinek ”sszege az euklid‚szi geometria szerint?;45ø;90ø;180ø;360ø;C;TUDOMµNY
Ki j tszotta Rhett Butler legend s szerep‚t az Elf£jta a sz‚l c¡mû filmben?;Trevor Howard;Clark Gable;Leslie Howard;Bruce Willis;B;FILM
Mi a m‚lyhegedû k”zismert m sik neve?;csell¢;br csa;csembal¢;mandolin;B;OPERA
Milyen italfajta a siller?;bor;s”r;vermut;p linka;A;KONYHA
Melyik magyar zeneszerz‹ neve szerepel egy Illy‚s Gyula-vers c¡m‚ben?;Kod ly;Bart¢k;Erkel;Liszt;B;IRODALOM
Melyik bibliai alak a f‹h‹se az Egyiptom hercege c¡mû amerikai rajzfilmnek?;J¢zsef;M¢zes;µbrah m;D vid;B;FILM
Melyik sport gban nyert Eur¢pa-bajnoks got 2000-ben a B torfi-T¢th n‹i p ros?;asztalitenisz;kajak kettes;vitorl z s;tenisz;A;SPORT
Melyik rokonunkat nevezzk ip nak a n‚pnyelv szerint?;ap¢sunkat;nagyap nkat;b ty nkat;s¢gorunkat;A;NYELV
"Kit‹l sz rmazik a sz ll¢ige? ""Fecseg a felsz¡n, hallgat a m‚ly.""";Ady Endre;J¢zsef Attila;Bats nyi J nos;Nagy L szl¢;B;IRODALOM
Ki szerezte els‹ arany‚rmnket a sydneyi olimpi n?;Kov cs µgnes;Csoll ny Szilveszter;Nagy T¡mea;Kolonics Gy”rgy;C;SPORT
Mi a cseppk‹ alapanyaga?;agyag;m‚szk‹;gr nit;kvarc;B;F™LDRAJZ
Ki j tszotta Bob Fosse Kabar‚ c¡mû vil gh¡rû filmj‚nek f‚rfi f‹szerep‚t?;Ryan O'Neal;Michael York;Robert Redford;Jeff Bridges;B;FILM
Minek a h¡djai szerepelnek Clint Eastwood romantikus filmj‚nek c¡m‚ben?;a s¢hajok;a sz¡v;Velence;Iowa;B;FILM
Az al bbiak k”zl melyik k‚t f‚m ”tv”zet‚t nevezik bronznak?;r‚z ‚s ¢lom;r‚z ‚s ¢n;vas ‚s nikkel;r‚z ‚s ezst;B;TUDOMµNY
Mely orsz g nem tartozott a II. vil gh bor£ alatt a tengelyhatalmak k”z‚?;N‚metorsz g;Jap n;Anglia;Olaszorsz g;C;T™RTNELEM
Mib‹l k‚szl a l¢den?;gyapotb¢l;gyapj£b¢l;borj£b‹rb‹l;mûsz lb¢l;B;µLTALµNOS
Mi volt P‚ter apostol eredeti foglalkoz sa?;tan¡t¢;hal sz;kuf r;fazekas;B;VALLµS
Mi a fl¢dni?;f£v¢s hangszer;stem‚ny;vad szpuska;szalmakalap;B;NYELV
Melyik amerikai eln”k hirdette meg a New Deal n‚ven emlegetett gazdas gpolitik t?;F. D. Roosevelt;J. F. Kennedy;H. S Truman;T. W. Wilson;A;T™RTNELEM
Ki alap¡tott egyetemet Nagyszombatban 1635-ben?;Zr¡nyi Mikl¢s;Heltai G sp r;P zm ny P‚ter;K roli G sp r;C;MAGYARORSZµG
"Mi volt a ""kilencedik utas"" A nyolcadik utas: a hal l c¡mû sci-fiben?";egy kutya;egy macska;egy b‹reg‚r;egy k¡gy¢;B;FILM
Melyik v rosban tal lhat¢ a Nemzetk”zi B¡r¢s g?;H ga;Genf;Brsszel;P rizs;A;ORSZµGOK
Melyik szervnk betegs‚ge a szilik¢zis?;sz¡v;td‹;agy;m j;B;BIOLàGIA
Hogyan vesz r‚szt a bikaviadalon a picador?;gyalogosan;l¢h ton lve;szam rh ton lve;bikah ton lve;B;µLTALµNOS
Az al bbi kelet-eur¢pai nyelvek k”zl melyik £jlatin nyelv?;bolg r;t”r”k;rom n;szerb;C;NYELV
Mi pontosan K¡na  llamform ja?;k”zt rsas g;szocialista k”zt rsas g;n‚pk”zt rsas g;demokratikus k”zt rsas g;C;ORSZµGOK
M¢ricz Zsigmond melyik mûv‚b‹l k‚szlt musical?;éri muri;µrv cska;Rokonok;L‚gy j¢ mindhal lig;D;ZENE
Melyik sport g kiv l¢ szakvezet‹je volt Komj di B‚la?;£sz s;v¡v s;labdar£g s;v¡zilabda;D;SPORT
Melyik sport gban szerzett ezst‚rmet B rdosi S ndor a sydneyi olimpi n?;”k”lv¡v s;birk¢z s;kajak-kenu;s£lyemel‚s;B;SPORT
Melyik orsz g minisztereln”ke volt Golda Meir?;India;Izrael;D‚l-afrikai K”zt rsas g;Argent¡na;B;T™RTNELEM
"Hol tal lhat¢ a ""Pepi-kert"" nevû arbor‚tum?";Zircen;V cott;Debrecenben;Szarvason;D;MAGYARORSZµG
Melyik nem  zsiai harcmûv‚szeti  g az al bbiak k”zl?;karate;dzsiudzsicu;t‚kvand¢;feng shui;D;SPORT
Milyen miniszteri posztott t”lt”tt be H¢man B lint?;p‚nzgy;vall s- ‚s k”zoktat sgy;klgy;hadgy;B;T™RTNELEM
Melyik irodalmi h‹st j tszotta el filmen a legend s So¢s Imre?;Toldi Mikl¢st;J nos vit‚zt;L£das Matyit;Liliomfit;C;FILM
Miknek az ura szerepel Golding reg‚ny‚nek c¡m‚ben?;a lepk‚k;a legyek;a hegyek;a mez‹k;B;IRODALOM
Melyik sport gban nem nyertnk soha olimpiai arany‚rmet?;diszkoszvet‚s;cselg ncs;sportl”v‚szet;lovassport;D;SPORT
Miknek a gy rt s val v lt h¡ress‚ Hugo Junkers?;panelh zak;repl‹g‚pek;g‹zaut¢k;telefonk”zpontok;B;TECHNIKA
Milyen nemzetis‚gû a Forma-1-es vil gbajnok Jacques Villeneuve?;sv jci;kanadai;francia;belga;B;SPORT
Ki Robert Redford partnere A nagy balh‚ c¡mû filmben?;Charles Bronson;Paul Newman;Henry Fonda;Steve McQueen;B;FILM
Melyik pr¢f‚t t vetett‚k oroszl nok el‚?;Ez‚kielt;Jeremi st;zsai st;D nielt;D;VALLµS
Melyik ‚vben hagyta el Magyarorsz got az utols¢ szovjet katona?;1989;1990;1991;1992;C;T™RTNELEM
Hogyan nevezik a h rmas osztat£ olt rk‚pet?;triumvir tus;triptichon;tripartitum;trikol¢r;B;NYELV
Milyen minden ‚vben megrendezett esem‚nyr‹l nevezetes Pamplona v rosa?;filmfesztiv l;borverseny;bikafuttat s;karnev l;C;ORSZµGOK
Mely ‚vek fordul¢j n zajlott a szt lingr di csata?;1941-1942;1942-1943;1943-1944;1944-1945;B;T™RTNELEM
Melyik l¢szersz m k”ti ”ssze a h mot a h mf val?;istr ng;zabla;hasl¢;marsz¡j;A;µLTALµNOS
Kinek a tisztelet‚re emelt‚k az ¢kori g”r”g”k az ath‚ni Parthenont?;Perikl‚sz;H‚ra;Pallasz Ath‚n‚;Zeusz;C;T™RTNELEM
Hov  ”mlik a Volga?;a Fekete-tengerbe;az Azovi-tengerbe;a Kaszpi-tengerbe;a Feh‚r-tengerbe;C;F™LDRAJZ
Milyen n‚ven alak¡tott egyttest Paul McCartney 1971-ben?;Smokie;Genesis;Wings;Eagles;C;ZENE
Melyik labdar£g¢ klubot v lasztott k meg az ‚vsz zad csapat nak?;a Real Madridot;a Manchester Unitedot;a Bayern Mnchent;a Juventust;A;SPORT
Mikor halt meg Giordano Bruno?;1200-ban;1400-ban;1600-ban;1800-ban;C;T™RTNELEM
Hogy h¡vt k Jacques-Yves Cousteau vil gh¡rû ¢ce nj r¢ haj¢j t?;Calypso;Kirk‚;P‚nelop‚;Nauszikaa;A;µLTALµNOS
Melyik film f‹szerepl‹je volt Shirley MacLaine?;Casablanca;Irma, te ‚des;Szerelmem, Hirosima;R¢mai vak ci¢;B;FILM
Melyik olimpi n szerzett arany‚rmet Kov cs (Kok¢) Istv n?;Sz”ul 1988;Barcelona 1992;Atlanta 1996;Sydney 2000;C;SPORT
Hogy h¡vt k a kelta papokat?;pontifex;haruspex;druida;magicoturmix;C;VALLµS
Ki volt VIII. Henrik udvari fest‹je?;Anthonis van Dyck;ifj. Hans Holbein;Jan van Eyck;Thomas Gainsborough;B;KPZŠMëVSZET
Kik voltak j¢sn‹k az al bbi mitol¢giai l‚nyek k”zl?;h rpi k;f£ri k;szir‚nek;szibill k;D;VALLµS
Minek a koldusa szerepel J¢zsef Attila k”tet‚nek c¡m‚ben?;szerelem;mag ny;sz‚ps‚g;hûs‚g;C;IRODALOM
Ki volt I. Erzs‚bet angol kir lyn‹ ‚desanyja?;Stuart M ria;Boleyn Anna;Vikt¢ria;V‚res M ria;B;T™RTNELEM
Melyik anyagb¢l k‚sz¡tenek taftot?;gyapotb¢l;gyapj£b¢l;sz‹rm‚b‹l;selyemb‹l;D;µLTALµNOS
Melyik f”ldr‚szen tal lhat¢ az Atlasz-hegys‚g?;Afrika;µzsia;Eur¢pa;Ausztr lia;A;F™LDRAJZ
Melyik tenger mossa Gr£zia partjait?;Fekete-tenger;Balti-tenger;Kaszpi-tenger;M rv ny-tenger;A;F™LDRAJZ
Melyik dinasztia kiemelked‹ alakja volt Nagy K roly cs sz r?;Karoling;Meroving;Valois;Bourbon;A;T™RTNELEM
"Melyik dr ma h‹seir‹l sz¢l a ""Rosencrantz ‚s Guildenstern halott"" c¡mû film?";Lear kir ly;Tartuffe;Hamlet;III. Richard;C;FILM
Melyik angol komikus lett h¡res a filmh‹s Pitkin alak¡t¢jak‚nt?;Rowan Atkinson;Michael Palin;Norman Wisdom;Eric Idle;C;FILM
Melyik orsz g eln”ke volt Kim Ir Szen?;K¡na;szak-Korea;Mong¢lia;Vietnam;B;T™RTNELEM
"Kit neveztek az ""”rd”g hegedûs‚nek""?";David Ojsztrahot;Yehudi Menuhint;Giacomo Stradivarit;Niccolo Paganinit;D;OPERA
Melyik Hitchcock-film f‹szerepl‹je Anthony Perkins?;Psycho;Sz‚dl‚s;Madarak;szak-‚szaknyugat;A;FILM
"Ki a szerz‹je a ""H£sv‚ti cikk"" n‚ven emlegetett t”rt‚nelmi dokumentumnak?";Kossuth Lajos;De k Ferenc;N‚meth L szl¢;J szi Oszk r;B;T™RTNELEM
Hogy nevezik valamely anyag s£ly nak ‚s t‚rfogat nak h nyados t?;t”meg;m¢ls£ly;fajs£ly;ellen ll s;C;TUDOMµNY
Melyik eur¢pai sz¡n‚szn‹ lett orsz ga kultur lis minisztere?;Gina Lollobrigida;Melina Mercouri;Sophia Loren;Irene Papas;B;T™RTNELEM
Melyik v ros sz¡nh za a vil gh¡rû Metropolitan Operah z?;Washington;London;New York;Sydney;C;ORSZµGOK
"Kiknek a ""cselekedeteikr‹l"" sz¢l az éjsz”vets‚g egyik k”nyve?";Apostolok;Pr‚dik torok;Kir lyok;B¡r k;A;VALLµS
Milyen eredetû sz¢ a fjord?;angol;finn;holland;norv‚g;D;NYELV
Ki rendezte a Vakvag nyok c¡mû magyar filmet?;Jancs¢ Mikl¢s;T¡m r P‚ter;Bacs¢ P‚ter;Makk K roly;B;FILM
Melyik film £jrafeldolgoz s ban j tszik Kern Andr s ‚s Bajor Imre?;Hippolyt, a lak j;Meseaut¢;Hal los tavasz;Lila  k c;B;FILM
Mi a Divina Commedia magyar c¡me?;T‚ved‚sek v¡gj t‚ka;Isteni sz¡nj t‚k;J t‚k a kast‚lyban;Az ember trag‚di ja;B;IRODALOM
Melyik magyar labdar£g¢ klub klasszis j t‚kosa volt k”zel m sf‚l ‚vtizedig M‚sz”ly K lm n?;FTC;Vasas;Bp. Honv‚d;éjpesti D¢zsa;B;SPORT
Ki ki ltotta ki 1989. okt¢ber 23- n a Magyar K”zt rsas got?;G”ncz µrp d;Szûr”s M ty s;Pozsgay Imre;Szabad Gy”rgy;B;T™RTNELEM
"Az al bbiak k”zl ki nem tartozott az £n. ""nagy pr¢f‚t k"" k”z‚?";Jeremi s;zsai s;M¢zes;D niel;C;VALLµS
Ki ¡rta az ”reg n‚ne ‹zik‚j‚r‹l sz¢l¢ verses mes‚t?;Nemes Nagy µgnes;Fazekas Anna;Zelk Zolt n;Kormos Istv n;B;IRODALOM
Kinek az apja volt Hamilcar Barkas?;Dareiosz;Hammurapi;As¢ka;Hannib l;D;T™RTNELEM
Melyik olasz v ros labdar£g¢ klubcsapata a Lazio?;Mil n¢;Torino;N poly;R¢ma;D;SPORT
If szigete, ahol Dumas h‹se, Edmond Dantes raboskodott, val¢ban l‚tezik. Hol fekszik?;a marseille-i ”b”lben;Korzika k”zel‚ben;Afrika nyugati partjain l;Örorsz g partjain l;A;IRODALOM
Ki j tssza a Mad Max c¡mû film f‹szerep‚t?;Clint Eastwood;Mel Gibson;Sylvester Stallone;Telly Savalas;B;FILM
Az al bbiak k”zl melyik v rosunkban nem tal lhat¢ minaret?;P‚cs;Veszpr‚m;rd;Eger;B;T™RTNELEM
Ki a n‹i f‹szerepl‹je James Cameron Titanic c¡mû filmj‚nek?;Kate Winslet;Gwyneth Paltrow;Angelina Jolie;Winona Ryder;A;FILM
Milyen mad rr¢l ¡rt balettet Sztravinszkij?;j‚gmad r;tûzmad r;f‹nixmad r;viharmad r;B;MëVSZET
Mi a neve az osztr k-magyar hat ron tal lhat¢ hegycs£csnak?;Cs¢kak‹;Holl¢k‹;Örott-k‹;Ist ll¢s-k‹;C;F™LDRAJZ
Honnan szerzik legink bb t pl l‚kukat a kolibrik?;f k odv b¢l;m s madarak f‚szk‚b‹l;vir gok kelyh‚b‹l;mocs r iszapj b¢l;C;BIOLàGIA
Kik szerepelnek egy ismert Balzac-reg‚ny c¡m‚ben?;mormol¢k;suttog¢k;huhog¢k;jajong¢k;C;IRODALOM
Az al bbi n‚pek k”zl kik ‚p¡tettek piramisokat?;a busmanok;a maj k;a vikingek;a hunok;B;T™RTNELEM
Ki a szerz‹je az Anna ”r”k c¡mû versnek?;Balassi B lint;Csokonai Vit‚z Mih ly;Juh sz Gyula;T¢th µrp d;C;IRODALOM
Melyik magyarorsz gi n‚pcsoporthoz k”thet‹ a bus¢j r s?;vendek;sok cok;ruszinok;pal¢cok;B;MAGYARORSZµG
Melyik kitûn‹ rockzen‚sz alap¡totta meg a Skorpi¢ zenekart 1973-ban?;T”r”k µd m;Horv th Charlie;T trai Tibor;Frenreisz K roly;D;ZENE
Melyik filmben j tszik Julia Roberts eskv‹ir‹l elmenekl‹ menyasszonyt?;Olt ri n‹;Szt rom a p rom;Micsoda n‹!;µlljon meg a n szmenet!;A;FILM
Kik d£lt k fel Kijevet a XIII. sz zad derek n?;var‚gek;tat rok;t”r”k”k;al nok;B;T™RTNELEM
Mi volt D vid kir ly eredeti foglalkoz sa a Biblia szerint?;p sztor;keresked‹;hal sz;katona;A;VALLµS
Melyik film f‹szerep‚ben ny£jtott alak¡t s ‚rt kapott Oscar-d¡jat Charlton Heston?;T¡zparancsolat;Spartacus;Ben Hur;Quo vadis?;C;FILM
Melyik n‚p b bsz¡nj t‚k nak alakja Petruska?;orosz;lengyel;szlov k;cseh;A;µLTALµNOS
Melyik nem J¢zsef Attila-vers c¡me az al bbiak k”zl?;Leveg‹t!;A Dun n l;Vil goss got!;K‚sz a lelt r;C;IRODALOM
Melyik sz¢ ¡r sm¢dja helytelen a magyar helyes¡r s szab lyai szerint?;fotocella;fot¢modell;fotoriporter;fotogr fia;C;NYELV
Melyik magyar v rosban tal lhat¢ a D‚ri M£zeum?;Szolnokon;B‚k‚scsab n;Debrecenben;Miskolcon;C;MAGYARORSZµG
Ki a f‹szerepl‹je G rdonyi G‚za A l thatatlan ember c¡mû mûv‚nek?;Kartal;Botond;Z‚ta;Jutos;C;IRODALOM
Melyik isteni sz rmaz s£ g”r”g h‹s v lt halhatatlann  az ‚gbe emelkedve halotti m gly j r¢l?;Eurdik‚;T‚lemakhosz;Kh ron;H‚rakl‚sz;D;VALLµS
Mivel foglalkozik Ascher Tam s?;rendez‹;opera‚nekes;balett-t ncos;fest‹;A;MëVSZET
Melyik magyar j t‚kvezet‹ szerzett labdar£g¢k‚nt olimpiai arany‚rmet?;Palotai K roly;V gner L szl¢;Puhl S ndor;Zsolt Istv n;A;SPORT
Ki ¡rta a Magyar rapsz¢di k c¡mû zongoramûvet?;Liszt Ferenc;Johannes Brahms;Bart¢k B‚la;Dohn nyi Ern‹;A;OPERA
Melyik zen‚s sz¡npadi mû f‹h‹s‚nek m tk ja ™rzse?;Huszka Jen‹: Bob herceg;Kod ly Zolt n: H ry J nos;Erkel Ferenc: D¢zsa Gy”rgy;Kacs¢h Pongr c: J nos vit‚z;B;OPERA
Melyik t”rt‚nelmi alakr¢l ¡rt balettot Aram Hacsaturj n?;Nap¢leon;Spartacus;Miltiad‚sz;Kolumbusz;B;MëVSZET
H ny pont alatt nem szabad meg llni a huszonegyes nevû k rtyaj t‚kban?;15;16;17;18;A;JµTK
Milyen  llatok tartoznak a cs¡kf‚l‚k k”z‚?;halak;madarak;r kok;hll‹k;A;BIOLàGIA
Melyik k‚pz‹mûv‚szeti ir nyzat jellegzetes  br zol si eszk”zei a geometriai form k?;eklekticizmus;fauvizmus;kubizmus;aktvivizmus;C;MëVSZET
Kinek a lemez‚n szerepel a L”v”lde t‚r c¡mû sz m?;Presser G bor;Zor n;Kern Andr s;Geszti P‚ter;C;ZENE
Melyik filmh‹st form lta meg Harrison Ford?;Obi-Wan Kenobi;Indiana Jones;Hercule Poirot;Ben Hur;B;FILM
Melyik orsz g korm nyf‹je volt Vidkun Quisling a II. vil gh bor£ alatt?;Franciaorsz g;Norv‚gia;Belgium;Olaszorsz g;B;T™RTNELEM
Melyik egyttes‚ volt az ™t”dik sebess‚g c¡mû nagylemez?;Hung ria;Bergendy;Neoton Familia;Express;B;ZENE
Melyik a legteljesebben  talakult, legr‚gibb k‹sz‚nfajta?;antracit;lignit;barnak‹sz‚n;feketek‹sz‚n;A;F™LDRAJZ
Ki a f‹szerepl‹je Jean-Luc Godard Kifullad sig c¡mû filmj‚nek?;Alain Delon;Jean-Paul Belmondo;Pierre Richard;Gerard Depardieu;B;FILM
Kije volt a minisztereln”k Tisza K lm nnak a minisztereln”k Tisza Istv n?;apja;fia;unokatestv‚re;testv‚re;B;T™RTNELEM
Melyik h¡res tud¢sr¢l ¡rt dr m t N‚meth L szl¢?;Newton;Galilei;Darwin;Linn‚;B;IRODALOM
Mit csin lnak az olaszok a cannellonival?;megeszik;utaznak rajta;zen‚lnek vele;megissz k;A;NYELV
Melyik orsz g k”zt rsas gi eln”ke volt a mer‚nylet  ldozat ul esett Anvar Szadat?;Sz¡ria;Egyiptom;Szud n;Fl”p-szigetek;B;T™RTNELEM
Mi a c¡me Sophie Marceau els‹ filmj‚nek?;Huhog¢k;H zibuli;D' Artagnan l nya;Macskajaj;B;FILM
Melyik olimpi n lett el‹sz”r olimpiai bajnok a magyar labdar£g¢ v logatott?;1952-es helsinki;1960-as r¢mai;1964-es toki¢i;1968-as mexik¢v rosi;A;SPORT
Melyik v rosban tal lhat¢ a Pergamon M£zeum?;Ath‚n;Berlin;B‚cs;P rizs;B;ORSZµGOK
Melyik k‚miai elem nem szerepel az al bbiak k”zl a sal‚tromsavban?;oxig‚n;kl¢r;nitrog‚n;hidrog‚n;B;TUDOMµNY
Melyik atl‚tikai versenysz m nem szerepelt soha az ¢kori olimpi kon?;t volugr s;gerelyhaj¡t s;magasugr s;diszkoszvet‚s;C;SPORT
Melyik vall s nnepe a purim?;iszl m;kereszt‚ny;buddhista;zsid¢;D;VALLµS
Melyik n‚p egyik ismert k‚pvisel‹je volt V”r”s Erik, a felfedez‹?;sz rd;kelta;viking;frank;C;T™RTNELEM
Ki ¡rt szimfonikus k”ltem‚nyt Mazepp r¢l, a koz k hadvez‚rr‹l?;Rimszkij-Korszakov;Liszt Ferenc;Muszorgszkij;Richard Strauss;B;OPERA
Melyik filmj‚vel v lt vil gh¡rûv‚ Marlene Dietrich?;A k‚k angyal;Sz‹ke V‚nusz;A v d tan£ja;A n‹st‚ny ”rd”g;A;FILM
Milyen ‚p¡tm‚ny a kutrica?;kukoricat rol¢;f‚szer;titkos p linkaf‹zde;¢l;D;NYELV
Melyik megy‚nkben tal lhat¢ a tavasbarlangj r¢l h¡res Tapolca?;Veszpr‚m;Somogy;N¢gr d;Baranya;A;MAGYARORSZµG
Ki ‚p¡tette Dzs¢szer f ra¢ szakkarai l‚pcs‹s piramis t?;Hammur pi;Imhotep;Ehnaton;Nabukodonozor;B;T™RTNELEM
Melyik f”ldr‚szen tal lhat¢ Patag¢nia?;Ausztr lia;Afrika;µzsia;D‚l-Amerika;D;F™LDRAJZ
Hol van a h z Makk K roly h¡res filmj‚nek c¡me szerint?;szilf k alatt;szikl k alatt;dombok alatt;lombok alatt;B;FILM
Melyik nem germ n nyelv az al bbiak k”zl?;fr¡z;jiddis;longobard;vend;D;NYELV
Milyen szakm t tanult Munk csy Mih ly miel‹tt fest‹ lett?;¢r s;asztalos;borb‚ly;jegyz‹;B;MëVSZET
Melyik mai  llam terlet‚n tal lhat¢ Waterloo?;Nagy-Britannia;Belgium;N‚metorsz g;Hollandia;B;F™LDRAJZ
Melyik v rosban nevelkedett fel J‚zus a Biblia szerint?;Jeruzs lem;Betlehem;Jerik¢;N z ret;D;VALLµS
Mi a D‚l-afrikai K”zt rsas g f‹v rosa?;Fokv ros;Pretoria;Johannesburg;Durban;B;ORSZµGOK
"Kit‹l sz rmazik a sz ll¢ige? ""Gondolkodom, tah t vagyok.""";Pascal;Descartes;Montesquieu;Montaigne;B;µLTALµNOS
Melyik zeneszerz‹ ¡rt Leon¢ra c¡mmel h rom nyit nyt?;Rossini;Beethoven;Verdi;Schubert;B;OPERA
Mikor lett a magyar nyelv a k”zigazgat s, t”rv‚nyhoz s ‚s oktat s hivatalos nyelve haz nkban?;Bethlen G bor idej‚n;II. R k¢czi Ferenc kor ban;a reformkorban;az I. vil gh bor£ alatt;C;T™RTNELEM
Mi a foglalkoz sa Sparafucil‚nek Verdi Rigoletto c¡mû oper j ban?;bûv‚sz;b‚rgyilkos;torre dor;f‹inkvizitor;B;OPERA
Melyik ”k”lv¡v¢ nyert h romszor olimpiai bajnoks got nehezs£lyban az al bbiak k”zl?;Joe Frazier;Teofilo Stevenson;George Foreman;Vladimir Klicsko;B;SPORT
Melyik tudom ny gban kapott Nobel-d¡jat Wigner Jen‹?;orvostudom ny;fizika;k”zgazdas gtudom ny;k‚mia;B;TUDOMµNY
Mit  rult a milim ri?;baromfit;tejet;szenet;kalapot;B;NYELV
Melyik labdar£g¢ nyerte el 2000-ben az Aranylabd t?;Zinedine Zidane;Luis Figo;Rivaldo;Andrej Sevcsenko;B;SPORT
Hogyan nevezik IV. Fl”p francia kir lyt?;Mer‚sz Fl”p;Sz‚p Fl”p;Civakod¢ Fl”p;Kopasz Fl”p;B;T™RTNELEM
Melyik v rosban rendezt‚k meg 2000-ben a 11. paralimpiai j t‚kokat?;Londonban;Sydneyben;Toki¢ban;Atlant ban;B;SPORT
Melyik filmrendez‹ volt a legend s Monty Python csoport tagja?;Mel Brooks;Terry Gilliam;Quentin Tarantino;Woody Allen;B;FILM
H ny ‚vig l‚tezett az Osztr k-Magyar Monarchia?;377;207;69;51;D;T™RTNELEM
Milyen  llat Dorka Dargay Attila Az erd‹ kapit nya c¡mû rajzfilmj‚ben?;medvebocs;macska;‹zgida;kiseg‚r;A;FILM
Melyik foly¢ partj n fekszik Bonn, N‚metorsz g kor bbi f‹v rosa?;Rajna;Elba;Majna;Mosel;A;F™LDRAJZ
Melyik tudom ny g nem tartozott bele az ¢kori h‚t szabad mûv‚szetbe?;aritmetika;asztron¢mia;mechanika;geometria;C;T™RTNELEM
Melyik fizikai fogalom SI-m‚rt‚kegys‚ge a newton?;er‹;teljes¡tm‚ny;elektromos t”lt‚s;h‹mennyis‚g;A;TUDOMµNY
Mi volt a c¡me J¢zsef Attila utols¢, ‚let‚ben megjelent k”tet‚nek?;Tan¡t sok;Klv rosi ‚j;Nagyon f j;Leveg‹t!;C;IRODALOM
Melyik orsz got v lasztja kett‚ a Cook-szoros?;Fl”p-szigetek;Malajzia;éj-Z‚land;Indon‚zia;C;F™LDRAJZ
Miknek a t nca szerepel Ponchielli: Gioconda c¡mû oper j ban?;¢r k;di¢t”r‹k;kalapok;szobrok;A;OPERA
Milyen n‹t  br zol Munk csy ismert, 1873-as k‚pe?;kors¢v¡v‹;bord¢ruh s;r‹zsehord¢;gyermek‚t tart¢;C;KPZŠMëVSZET
Hogyan jutok hozz  valamihez, ha egy barter sor n szerzem meg?;p ly zaton;sokoldal£ alku ut n;r”vid lej rat£ k”lcs”nnel;cser‚vel;D;µLTALµNOS
Melyik az a ruhaipari anyag, amelyet fiatal kecske b‹r‚b‹l k‚sz¡tenek?;sevr¢;szat‚n;vel£r;nubuk;A;BIOLàGIA
Mi volt az egri L¡ceum Spekula nevû ‚plete?;kaszin¢;keresked‹h z;csillagvizsg l¢;k”nyvt r;C;µLTALµNOS
Melyik egy finnugor n‚p neve?;szamoj‚d;szingal‚z;alemann;m‚d;A;NYELV
Az al bbiak k”zl ki nem sz m¡t gyalogosnak a KRESZ szerint?;aki ker‚kp rt tol;aki seg‚dmotoros ker‚kp rt tol;aki talicsk t tol;aki  llatokat terel;D;µLTALµNOS
Milyen st¡lusban ‚plt az esztergomi f‹sz‚kesegyh z?;barokk;neorom n;neorenesz nsz;klasszicista;D;PÖTSZET
Milyen n”v‚ny a borbolya?;moha;feny‹f‚le;p fr ny;gombaf‚le;B;BIOLàGIA
Ki j tszotta J nos vit‚zt Kacs¢h Pongr c dalj t‚k nak bemutat¢j n?;S rdy J nos;Fed k S ri;Blaha Lujza;Ujh zi Ede;D;SZÖNHµZ
Kinek a palot ja volt a mitol¢gia szerint a Valhalla?;Morrigan;Krisna;Odin;Ozirisz;C;VALLµS
"Az al bbi ‚telek k”zl melyiket nevezik ""g”mb”cnek""?";a diszn¢sajtot;a m jas hurk t;a kecskesajtot;a rozscip¢t;A;KONYHA
"""Itt a kezem, nem diszn¢l b!"" - sz¢l a mond s. Mit neveztek akkoriban diszn¢l bnak?";fegyvert;sert‚scombot;v ndorbotot;kesztyût;A;NYELV
Mi a c¡me Edvard Munch 1939-es k‚p‚nek, mely egy r‚mlt, k‚ts‚gbeesett alakot  br zol?;A sokk;A sikoly;A megriadt l¢;A r‚mlet arca;B;KPZŠMëVSZET
Kik ir ny¡tott k az E”tv”s L¢r nd Tudom nyegyetem jogel‹dj‚nek sz m¡t¢ egyetemet 1773-ig?;benc‚sek;piarist k;jezsuit k;ferencesek;C;VALLµS
Kinek a sz¡nmûve a K‚t £r szolg ja?;Goldoni;Pirandello;Neil Simon;Moli‚re;A;IRODALOM
Mi a f‚nyer‹ss‚g SI m‚rt‚kegys‚ge?;kandela;lumen;lux;farad;A;TUDOMµNY
Melyik h¡ress‚g csal dja sz rmazik a B‚k‚s megyei Ajt¢s k”zs‚gb‹l?;Albrecht Drer;Amerigo Tot;Tony Curtis;Richard Gere;A;µLTALµNOS
"Kit neveznek a ""hidrog‚nbomba atyj nak""?";Teller Ed‚t;Enrico Fermit;Robert Oppenheimert;Szil rd Le¢t;A;TUDOMµNY
Ki nem j tszotta Batman partnern‹j‚t az al bbi sz¡n‚szn‹k k”zl?;Kim Basinger;Nicole Kidman;Isabella Rossellini;Michelle Pfeiffer;C;FILM
"Hogy ""bec‚zik"" a p rizsiak az Eiffel-tornyot?";az ¢ri s;a f£r¢torony;a zsir f;az ”reg h”lgy;D;µLTALµNOS
Mi a neve a szegedi d¢mnak?;Szent Istv n sz‚kesegyh z;Fogadalmi templom;Szent Gy”rgy-templom;K lv ria-templom;B;VALLµS
Kik voltak a n‚gusok?;k”z‚p-afrikai t”rzs;eti¢p cs sz rok;amerikai rabszolg k;pretoriai polg rjogi harcosok;B;T™RTNELEM
H ny st ci¢t j rt v‚gig J‚zus Krisztus a kereszt£ton?;7;14;10;12;B;VALLµS
Melyik v rosban rendezt‚k az 1956-os melbourne-i olimpia lovasversenyeit?;Stockholm;Sydney;London;Wellington;A;SPORT
Ki volt a sak lfejû isten az egyiptomi mitol¢gi ban?;Ozirisz;Özisz;Anubisz;µmon-R‚;C;VALLµS
Ki ¡rt zongoraversenyt balk‚zre?;Liszt Ferenc;Ravel;Chopin;Rahmanyinov;B;OPERA
Melyik vid‚k fest‹j‚nek nevezik Egry J¢zsefet?;a Balaton;a Hortob gy;Budapest;Szeged;A;KPZŠMëVSZET
"Ki a zeneszerz‹je a ""Magyar t ncok""-nak?";Brahms;Liszt Ferenc;Smetana;Dohn nyi Ern‹;A;OPERA
Ki vitte a magyar z szl¢t az atlantai olimpi n?;Benedek Tibor;Gyulai Zsolt;Kov cs Istv n;Szab¢ Bence;D;SPORT
Melyik magyar labdar£g¢ volt a legt”bbsz”r v logatott?;Fazekas L szl¢;Hidegk£ti N ndor;Albert Fl¢ri n;Bozsik J¢zsef;D;SPORT
Mit v llal, aki v llalta a komas got?;a s¢gors got;a keresztszl‹s‚get;a mostohaszl‹s‚get;a n sznagys got;B;µLTALµNOS
Kik laktak a Tiltott V rosban?;mongol k nok;indiai maharadzs k;k¡nai cs sz rok;tibeti szerzetesek;C;T™RTNELEM
H ny n‚gyzetm‚ter egy hekt r?;50 000;100 000;10 000;1 000;C;TUDOMµNY
Melyik Eur¢pa legkisebb sziget llama?;M lta;Ciprus;Izland;Örorsz g;A;F™LDRAJZ
Hogy h¡vj k azt a haj¢t, melyen Flig Jimmy pinc‚rk‚nt ‚s fût‹k‚nt is tev‚kenykedik?;Rangoon;Radzeer;Honolulu Star;Mi £js g, Wagner £r?;C;IRODALOM
Hol ‚l a tr¢pusi gym”lcs nev‚vel megegyezz‹ nevû mad r, a kivi?;D‚l-Amerik ban;éj-Z‚landon;Afrik ban;Szib‚ri ban;B;BIOLàGIA
Mivel foglalkozik egy balneol¢gus?;nyelv£j¡t ssal;barlangokkal;cetekkel;gy¢gyfrd‹kkel;D;NYELV
Kik voltak az orosz t”rt‚nelemb‹l ismert dekabrist k?;egy kommunista sejt;egy fest‹csoport;romantikus zeneszerz‹k;c rellenes ”sszeeskv‹k;D;T™RTNELEM
Melyik orsz gban j tsz¢dik Puccini Pillang¢kisasszony c¡mû oper ja?;K¡n ban;az Egyeslt µllamokban;Jap nban;Olaszorsz gban;C;OPERA
Melyik ‚vben omlott le a berlini fal?;1989-ben;1990-ben;1988-ban;1991-ben;A;T™RTNELEM
H ny csap ssal s£jtotta az ér Egyiptomot?;sz z;tizenkett‹;t¡z;h‚t;C;VALLµS
Melyik ‚gitestre sz llt le a Surveyor-1?;a Marsra;a Holdra;a V‚nuszra;az I¢ra;B;TUDOMµNY
A csics¢ka melyik r‚sze ehet‹?;a vir gzata;a levele;a gy”k‚rgum¢ja;a magja;C;BIOLàGIA
Hogy h¡vt k Indira Gandhi fi t, aki k‚s‹bb szint‚n mer‚nylet  ldozata lett?;Karamcsand Gandhi;Radzsiv Gandhi;Csaran Szingh;Csandra S‚khar;B;T™RTNELEM
Kinek a l nya volt Marie Antoinette?;XVI. Lajos;I. Frigyes;M ria Ter‚zia;II. J¢zsef;C;T™RTNELEM
"Melyik magyar rock-egyttes sl gerei voltak a ""Sz llj fel magasra!"" ‚s a ""K¢bor angyal""?";Beatrice;Piramis;Kor l;Edda;B;ZENE
Melyik sz”vets‚gi  llamb¢l sz rmazik Bill Clinton amerikai eln”k?;Alabama;Oklahoma;Arkansas;Kentucky;C;µLTALµNOS
Melyik bolyg¢ kutat s ra ind¡tott k el 1962-ben a Mariner-2 ûrszond t?;Ur nusz;Mars;V‚nusz;Szaturnusz;C;TUDOMµNY
Mi a neve az szak-K¡n t¢l a F”ldk”zi-tengerig h£z¢d¢ r‚gi kereskedelmi £tvonalnak?;karav n£t;selyem£t;Nagy S ndor-£t;borosty n£t;B;T™RTNELEM
Melyik v ros volt az inka kult£ra egyik k”zpontja?;Tenochtitlan;Viracocha;Machu Picchu;Quetzalcoatl;C;T™RTNELEM
Az al bbi n‹i nevek k”zl melyik nem n”v‚nyn‚v?;Amarillisz;Erika;X‚nia;Georgina;C;BIOLàGIA
Melyik v rosban tal lhat¢ a vil gh¡rû Uffizi k‚pt r?;Velence;Firenze;Madrid;Barcelona;B;ORSZµGOK
Ki az a francia kir ly, aki szerint P rizs meg‚r egy mis‚t?;Kis Pipin;IV. Henrik;XIV. Lajos;Nagy K roly;B;T™RTNELEM
Az irodalmi feldolgoz sok szerint kivel kerlt szerelmi kapcsolatba a bibliai Salamon kir ly?;Betsz b‚val;Kleop tr val;Szemiramisz kir lyn‹vel;S ba kir lyn‹j‚vel;D;IRODALOM
Melyik orvosi mûszer m‚ri az agy ramokat?;CT - k‚szl‚k;CRT - k‚szl‚k;EEG - k‚szl‚k;EKG - k‚szl‚k;C;BIOLàGIA
Hol lakott Sherlock Holmes a reg‚nyek szerint?;a Time Square-en;a Wall Streeten;a Downing Streeten;a Baker Streeten;D;IRODALOM
A hangszerek melyik csoportj ba tartozik a marimba?;faf£v¢s hangszer;t‹hangszer;penget‹s hangszer;r‚zf£v¢s hangszer;B;OPERA
Az al bbiak k”zl melyik  llat lak¢hely‚t nevezzk kotor‚knak?;a r¢k ‚t;a medv‚‚t;a m¢kus‚t;a farkas‚t;A;BIOLàGIA
Melyik feltal l¢ munkat rsa volt Pusk s Tivadar?;Graham Bell;Thomas Edison;Werner Siemens;Heinrich Hertz;B;TECHNIKA
H ny ‚vente v lasztanak k”zt rsas gi eln”k”t Magyarorsz gon?;h rom;hat;”t;n‚gy;C;T™RTNELEM
"Milyen ""lovag"" lett 1995-ben Margaret Thatcher, Nagy-Britannia volt minisztereln”ke?";a Brit Oroszl n;a Kir lyasszony lovagja;a T‚rdszalagrend lovagja;az angol Borrend lovagja;C;T™RTNELEM
"Milyen ""cirkusz"" volt a c¡me a r di¢ ”tvenes ‚vekben n‚pszerû gyermekmûsor nak?";Bimm-Bamm;Csilicsala;Csinn-Bumm;Csinnadratta;C;µLTALµNOS
Milyen c‚lra dolgozt k ki az Internet alapjait?;kereskedelmi;k”zigazgat si;katonai;sz¢rakoztat¢;C;TECHNIKA
Mit csin lt, aki stencilezett?;d tumozott;b‚lyegzett;al ¡rt;sokszoros¡tott;D;NYELV
Melyik foly¢ partj n fekszik K”ln?;Rajna;Majna;Duna;Weser;A;F™LDRAJZ
Az al bbiak k”zl melyik egy jap n sz¡npadi mûfaj?;kaliban;kabuki;nori;nippon;B;SZÖNHµZ
Hol tal lhat¢ II. Szulejm n szult n dzs mija?;P‚csett;Sikl¢son;Szigetv ron;P‚csv radon;C;MAGYARORSZµG
Az al bbi borfajt k k”zl melyik spanyol eredetû?;port¢i;burgundi;sherry;bord¢i;C;KONYHA
H nyszor im dkozik naponta egy igazhitû muzulm n?;h romszor;h‚tszer;”tsz”r;n‚gyszer;C;VALLµS
Ki magyar zza el a kis hercegnek Saint-Exup‚ry k”nyv‚ben, hogy j¢l csak a sz¡v‚vel l t az ember?;A vir g;A pil¢ta;A k¡gy¢;A r¢ka;D;IRODALOM
Mi a Portug li ban haszn lt v lt¢p‚nz neve?;escudo;centavo;peseta;centimo;B;ORSZµGOK
Melyik orsz gb¢l sz rmazott a Nobel-b‚ked¡jas Ter‚z anya?;Indi b¢l;Lengyelorsz gb¢l;Alb ni b¢l;Olaszorsz gb¢l;C;µLTALµNOS
Hol hasznos¡tj k az  mbr scetekb‹l nyert v lad‚kot?;a konyhamûv‚szetben;a kozmetikai iparban;a hal szatban;a motorolajgy rt sban;B;BIOLàGIA
Mi Szent M rk szimb¢luma a k‚pz‹mûv‚szeti alkot sokon?;bika;sz rnyas ember;oroszl n;sas;C;KPZŠMëVSZET
Ki borult le a nemzet nagys ga el‹tt?;De k Ferenc;Pet‹fi S ndor;Sz‚chenyi Istv n;Kossuth Lajos;D;T™RTNELEM
Melyik v rosban v‚gezte el Christian Barnard professzor az els‹ sikeres emberi sz¡v tltet‚st?;Montrealban;Melbourne-ben;P rizsban;Fokv rosban;D;BIOLàGIA
Hogyan nevezzk az iszl m szent h bor£j t?;szunna;hidzsra;ramad n;dzsih d;D;VALLµS
Az al bbi ‚lelmiszerek k”zl melyik szks‚ges a marin¡roz shoz?;b£zadara;sajt;ecet;tejf”l;C;KONYHA
Hol tal lhat¢ Magyarorsz gon K‚kfest‹ M£zeum?;Smeg;Veszpr‚m;P pa;Zirc;C;MAGYARORSZµG
Ki r¡tette ki a m‚regpoharat az al bbi ismert szem‚lyek k”zl?;Arisztotel‚sz;Sz¢krat‚sz;Plat¢n;Arkhim‚d‚sz;B;IRODALOM
Melyik budapesti sz¡nh zunk mutatta be A padl s c¡mû musicalt?;a V¡gsz¡nh z;a Mad ch Sz¡nh z;a Th lia Sz¡nh z;az Operett Sz¡nh z;A;SZÖNHµZ
Milyen  llat szerepel D nia c¡mer‚ben?;sas;oroszl n;farkas;szarvas;B;ORSZµGOK
Kik vagy mik a bodob csok?;rovarok;mezei vir gok;k”z‚pkori c‚hmesterek;tet‹fed‹k;A;NYELV
Melyik n‚p ‹si hangszere a kantele?;szerb;holland;alb n;finn;D;ORSZµGOK
A Biblia szerint hova kerlt J¢zsef, miut n testv‚rei eladt k?;F”n¡ci ba;Sz¡ri ba;Perzsi ba;Egyiptomba;D;VALLµS
Ki az a h¡res fest‹, aki lev gta a saj t fl‚t?;Gauguin;C‚zanne;Van Gogh;Tolulouse-Lautrec;C;KPZŠMëVSZET
Mi volt Svejknek, a der‚k katon nak a foglalkoz sa?;kocsm ros;t bori lelk‚sz;kutyakeresked‹;post s;C;IRODALOM
Mi az eredeti neve a Beatles legend s dobos nak, Ringo Starrnak?;Richard Wayne Penniman;Richard Starkey;Harry Rodger Webb;Lionel Richie;B;ZENE
Hol l that¢ Magyarorsz gon barokk k‹h¡d?;Egerben;Kalocs n;Szentendr‚n;V cott;D;MAGYARORSZµG
Kir‹l ¡rta Dallos S ndor az Aranyecset c¡mû ‚letrajzi reg‚nyt?;Munk csy Mih lyr¢l;Cs¢k Istv nr¢l;Rippl-R¢nai J¢zsefr‹l;Szinyei Merse P lr¢l;A;IRODALOM
"Mi a c¡me a George Clooney f‹szerepl‚s‚vel k‚szlt filmnek: ""Sivatagi ...""";r¢k k;c p k;tev‚k;vihar;B;FILM
Melyik nincs egy d¡zelmotoros g‚pj rmûben?;karbur tor;dugatty£;differenci lmû;gener tor;A;TECHNIKA
Honnan indult el v‚gzetes £tj ra a Titanic?;New York;Liverpool;Southampton;Brighton;C;µLTALµNOS
Melyik sz¢ ¡r sm¢dja helytelen?;csevely;kev‚ly;mosoly;tavaly;A;NYELV
Milyen eredetû t nc a hula?;lengyel;spanyol;hawaii;g”r”g;C;µLTALµNOS
Melyik orsz g terlet‚n talalhat¢ a Labrador-f‚lsziget?;USA;Argent¡na;Kanada;Mexik¢;C;F™LDRAJZ
Az al bbi sz¡n‚szn‹k k”zl kir‹l neveztek el Budapesten sz¡nh zat?;Ruttkai va;Gobbi Hilda;Dajka Margit;Domj n Edit;A;SZÖNHµZ
Hol tal lhat¢ a Yellowstone Nemzeti Park?;az Andokban;a Szikl s-hegys‚gben;az Atlasz-hegys‚gben;a Pireneusokban;B;F™LDRAJZ
Milyen n‚ven ny¡lt meg 1837-ben Pest els‹ magyar sz¡nh za?;Nemzeti Sz¡nh z;Pesti V¡g Sz¡nh z;Pesti Magyar Sz¡nh z;Pesti Th lia Sz¡nh z;C;SZÖNHµZ
Melyik it liai v ros urai voltak a Mediciek?;R¢ma;Firenze;N poly;Pescara;B;T™RTNELEM
Melyik magyar v rosban harangoznak 11 ¢rakor is?;Szombathelyen;Gy‹rben;Sopronban;K‹szegen;D;MAGYARORSZµG
A felsoroltak k”zl melyik nem t‹hangszer?;triangulum;xilofon;marimba;spin‚t;D;OPERA
Hol ”lt‚k meg Lincoln amerikai eln”k”t?;egy nyitott aut¢ban;egy sz¡nh zban;az utc n;egy nagygyûl‚sen;B;T™RTNELEM
Ki Tit nia a Szentiv n‚ji  lom c¡mû Shakespeare-mûben?;amazonkir lyn‹;ath‚ni ifj£ h”lgy;tnd‚rkir lyn‚;windsori v¡g n‹;C;IRODALOM
"Melyik magyar v rost nevezt‚k ""Bodrog-parti Ath‚n""-nak?";Tokaj;S toralja£jhely;S rospatak;Tolcsva;C;MAGYARORSZµG
Ki vezette a vesztes seregeket 1848 ‹sz‚n a p kozdi csat ban?;Bem;G”rgey;Metternich;Jellasics;D;T™RTNELEM
Melyik eur¢pai felfedez‹ ‚rt el‹sz”r tengeren Indi ba?;Vasco da Gama;Kolumbusz Krist¢f;James Cook;Bartolomeo Diaz;A;T™RTNELEM
Mit vagy kit neveztek r‚gen blblnek?;t”r”k egyh zi ‚nekest;fert‹z‹ betegs‚get;r¢zsafajt t;csalog nyt;D;NYELV
Hogy h¡vt k µbrah m ‚s S ra id‹s korukban szletett gyermek‚t?;Izs k;Izmael;Rebekka;L¢t;A;VALLµS
"Ki hangszerelte Muszorgszkij ""Egy ki ll¡t s k‚pei"" c¡mû zongoradarabj t?";Rahmanyinov;Ravel;Rimszkij-Korszakov;Csajkovszkij;B;OPERA
Milyen mad rr¢l kapta nev‚t a Csillagok h bor£j ban Han Solo ûrhaj¢ja?;kolibri;sas;s¢lyom;albatrosz;C;FILM
Melyik k‚t ûrhaj¢ ”sszekapcsol s val hoztak l‚tre els‹ ¡zben k¡s‚rleti ûr llom st?;Vosztok-3 ‚s Szojuz 2;Apoll¢ ‚s Vosztok-3;Apoll¢ ‚s Pioneer-4;Szojuz-4 ‚s Szojuz-5;D;µLTALµNOS
Melyik orsz gban volt korm nyf‹ Sirimavo Bandaranaike asszony?;Fl”p-szigetek;India;Pakiszt n;Sri Lanka;D;T™RTNELEM
Kinek volt a fia a perzsa kir ly, Xerx‚sz?;Dareiosznak;Daidalosznak;Xenoph¢nnak;Xantipp‚nek;A;T™RTNELEM
Milyen n‚ven v lt ismertt‚ Gautama Sziddhartha?;Visnu;Siva;Brahma;Buddha;D;VALLµS
Ki volt az NSZK kancell rja a berlini fal fel‚p¡t‚sekor 1961-ben?;Willy Brandt;Ludwig Erhard;Helmut Schmidt;Konrad Adenauer;D;T™RTNELEM
Kir‹l kapta nev‚t a budapesti sz¡n‚szm£zeum?;J szai Mari;Bajor Gizi;Blaha Lujza;Gobbi Hilda;B;SZÖNHµZ
Melyik ‚vben adt k  t a N‚pstadiont?;1952-ben;1953-ban;1950-ben;1955-ben;B;SPORT
"Melyik pop‚nekesn‹ album nak c¡me a ""True Colors""?";Carly Simon;Cyndi Lauper;Suzanne Vega;Gloria Estefan;B;ZENE
"Melyik oper ban hallhatjuk a ""Lev‚l ri t""?";Puccini: Manon Lescaut;Puccini: Tosca;Verdi: Rigoletto;Verdi: Traviata;B;OPERA
Hol gyilkolt k meg Erzs‚bet magyar kir lyn‚t 1898-ban?;Genfben;Marseille-ben;Korfun;Kr‚t n;A;T™RTNELEM
"Ki ¡rta a ""Perckering‹""-t?";Liszt Ferenc;Lanner;ifj. Johann Strauss;Chopin;D;OPERA
Milyen p‚nznemet haszn lnak Lichtensteinben?;koron t;frankot;m rk t;schillinget;B;ORSZµGOK
Melyik v rosban j tsz¢dik Puccini Tosca c¡mû oper ja?;P rizsban;R¢m ban;Velenc‚ben;Sevill ban;B;OPERA
Milyen  llattal kzd”tt Anthony Hopkins A vadon foglyai c¡mû filmben?;medv‚vel;pum val;rozsom kkal;pr‚rifarkassal;A;FILM
Melyik mai terleten ‚ltek az ¢korban a d kok?;Toscan ban;Egyiptomban;Erd‚lyben;G”r”gorsz gban;C;T™RTNELEM
Az al bbiak k”zl mit tesznek a buggyantott toj s f‹z‹lev‚be?;olajat;ecetet;cukrot;bab‚rlevelet;B;KONYHA
Ki szerezte a Brandenburgi versenyek zen‚j‚t?;Georg Friedrich Handel;Johann Sebastian Bach;Antonio Vivaldi;Georg Philipp Telemann;B;OPERA
Mi mentette meg a Capitolium v‚d‹inek ‚let‚t 387-ben a gallok t mad sakor?;”z”nv¡zszerû es‹;a szent ludak g gog sa;kisebb f”ldreng‚s;egy visszat‚r‹ l‚gi¢;B;T™RTNELEM
A marha melyik bont si r‚sze a b‚lszin?;a vesepecsenye;a magas h tszin;a feh‚rpecsenye;a g”mb”lyû fels l;A;KONYHA
Melyik eur¢pai v rosban tal lhat¢ a Wawel?;Berlinben;Krakk¢ban;Pr g ban;Pozsonyban;B;ORSZµGOK
Melyik orsz gban szavazhatnak a Likudra?;Cipruson;a D‚l-afrikai K”zt rsas gban;Izraelben;éj-Z‚landon;C;ORSZµGOK
Ki ¡rt balettet Spartacusr¢l, a r¢mai rabszolgafelkel‚s vez‚r‚r‹l?;Sztravinszkij;Hacsaturj n;Sosztakovics;Prokofjev;B;MëVSZET
Melyik bolyg¢ kutat s t v‚gezt‚k az amerikai Viking ûrszond k?;Ur nusz;Jupiter;Mars;V‚nusz;C;TUDOMµNY
A felsoroltak k”zl melyik bolyg¢nak nincs holdja?;Mars;Merkur;Neptunusz;Pl£t¢;B;TUDOMµNY
Ki nem volt tagja az 1992-es barcelonai olimpiai arany‚rmes n‹i kajak n‚gyesnek?;G‚czi Erika;K‹b n Rita;D¢nusz va;Czig ny Kinga;A;SPORT
Melyik orsz g z szl¢ja egysz¡nû z”ld?;Libanon;L¡bia;Lib‚ria;Liechtenstein;B;ORSZµGOK
Kinek a nev‚hez fûz‹dik a Magna Charta Liberatum kiad sa?;H¢d¡t¢ Vilmos;Sz‚p Fl”p;Navarrai Henrik;F”ldn‚lkli J nos;D;T™RTNELEM
Mi volt a ragadv nyneve Normandiai Vilmosnak, a XI. sz zadi angol kir lynak?;Oroszl nsz¡vû;H¢d¡t¢;F”ldn‚lkli;Or niai;B;T™RTNELEM
Hol t”rt ki parasztfelkel‚s Budai Nagy Antal vezet‚s‚vel?;Bud n;B‚k‚sben;Erd‚lyben;Nyugat-Dun nt£lon;C;T™RTNELEM
Melyik bibliai szem‚ly nevezetes k”zel 100 zsolt r r¢l is?;S muel;D vid;Izs k;Ill‚s;B;VALLµS
Melyik szomsz‚dos orsz ggal van a leghosszabb k”z”s hat runk?;Szlov kia;Horv thorsz g;Rom nia;Jugoszl via;A;F™LDRAJZ
Ki d”nt a parlamenti k‚pvisel‹k mentelmi jog nak felfggeszt‚s‚r‹l?;a k”zt rsas gi eln”k;az Orsz ggyl‚s;a minisztereln”k;az Igazs ggyi Miniszt‚rium;B;T™RTNELEM
Mit jelent a kifejez‚s: sub rosa?;titokban;a kerten t£l, a nagyvil gban;r¢zsasz¡nben l tja a vil got;vir gnyelven;A;NYELV
Melyik Magyarorsz g leghosszabb foly¢ja?;R ba;Tisza;Duna;Dr va;B;F™LDRAJZ
Ki volt a K¡nai Kommunista P rt eln”ke a II. vil gh bor£ ut n?;Csang Kaj-sek;Mao Ce-tung;Teng Hsziao-ping;Csao Ce-jang;B;T™RTNELEM
Milyen  llattal v‚gzett elektromos k¡s‚rleteket Luigi Galvani olasz orvos?;b‚k val;eg‚rrel;majommal;kuty val;A;TUDOMµNY
Melyik orsz g labdar£g¢ v logatottja nem jutott be a legjobb n‚gy k”z‚ a 2000. ‚vi Eur¢pa Bajnoks gon?;Hollandia;Portug lia;Olaszorsz g;Spanyolorsz g;D;SPORT
Mi a koz‚pkori izlandi pr¢zai elbesz‚l‚sek neve?;torvald;nibelung;saga;oberon;C;IRODALOM
"Kinek tett ""tisztess‚gtelen aj nlatot"" Robert Redford az azonos c¡mû filmben?";Julia Roberts;Demi Moore;Sharon Stone;Dennis Richards;B;FILM
Melyik  zsiai orsz g eln”ke volt t”bbsz”r Norodom Szihanuk?;Malaysia;Kambodzsa;Vietnam;Indon‚zia;B;T™RTNELEM
Milyen nemzetis‚gû a h¡res sci-fi ¡r¢, Stanislaw Lem?;orosz;lengyel;ukr n;mold v;B;IRODALOM
Az al bbiak k”zl melyik nem v¡gopera?;Mozart: Figaro h zass ga;Rossini: A sevillai borb‚ly;Verdi: Falstaff;Puccini: Boh‚m‚let;D;OPERA
Mennyi a f‚ny terjed‚si sebess‚ge leveg‹ben, l‚gres t‚rben?;300 000 km/h;300 000 km/s;30 000 m/s;150 000 m/s;B;TUDOMµNY
Ki ¡rt orat¢riumot J£d s Makkabeusr¢l?;Handel;J. S. Bach;Vivaldi;Haydn;A;OPERA
Ki j tszotta Batman ellenfel‚t a Batman ‚s Robin c¡mû filmben?;Arnold Schwarzenegger;Sylvester Stallone;Jackie Chan;Jean-Claude van Damme;A;FILM
Melyik a vil g legmagasabban fekv‹ f‹v rosa?;La Paz;Quito;Katmandu;Jerev n;A;ORSZµGOK
Hol hordt k a f‚rfiak a klakkot?;a l bukon;a nyakukban;a fejk”n;a kezk”n;C;µLTALµNOS
Az al bbiak k”zl melyik anyaggal sûr¡tik az ‚telt leg¡roz s sor n?;b£zadar val;toj ss rg j val;kukoricaliszttel;toj sfeh‚rj‚vel;B;KONYHA
Ki nem szerepelt Koltay G bor Istv n, a kir ly c¡mû z‚n‚s filmj‚ben?;De k Bill Gyula;Nagy Fer¢;F”ldes L szl¢;Victor M t‚;C;ZENE
Hol s‚t l, aki fiatal, ritk s erd‹ben j r?;pagonyban;csalitosban;reketty‚sben;angolkertben;A;µLTALµNOS
Hol tal lhat¢ az 1856-os leleteir‹l h¡ress‚ v lt Neander-v”lgy?;Spanyolorsz gban;N‚metorsz gban;Franciaorsz gban;Ausztri ban;B;ORSZµGOK
Mit jelentett eredetileg a miniszter sz¢?;hadvez‚r;sz¢nok;kisbirtokos;szolga;D;NYELV
Melyik orsz g k”zt rsas gi eln”ke volt Coraz¢n Aquino asszony?;Sri Lanka;Banglades;India;Fl”p-szigetek;D;T™RTNELEM
Melyik orsz gban terl el a Nagy-Vikt¢ria-sivatag?;Amerikai Egyeslt µllamok;Ausztr lia;Kanada;D‚l-afrikai K”zt rsas g;B;F™LDRAJZ
Mi Maced¢nia f‹v rosa?;Szarajev¢;Skopje;Pristina;Split;B;ORSZµGOK
Mit m‚r a Beaufort-sk la?;sz‚ler‹ss‚get;f”ldreng‚st;atomsug rz st;h‹m‚rs‚kletet;A;TUDOMµNY
Melyik vitamin hi nya okoz fokozott v‚rz‚shajlamot?;A vitamin;K vitamin;D vitamin;B vitamin;B;BIOLàGIA
Melyik szerzetesrend tulajdon ban van a pannonhalmi ap ts g?;domonkos;benc‚s;p los;ferences;B;MAGYARORSZµG
Milyen funkci¢ja van egy g‚pkocsiban a teleszk¢pnak?;l t sjav¡t¢;leng‚scsillap¡t¢;zemanyag-adagol¢;gy£jt sbe ll¡t¢;B;TECHNIKA
Hogy nevezik a szok sjog ‚s a Kor n alapj n ¡t‚lkez‹ muzulm n b¡r¢t?;dervis;hodzsa;k di;d¡v n;C;VALLµS
Melyik orsz g mai neve Mianmar?;Burma;Ceylon;Laosz;Thaif”ld;A;ORSZµGOK
Melyik n”v‚nnyel tartozik egy csal dba koml¢?;kender; rpa;k”k”rcsin;m k;A;BIOLàGIA
Hol telepedik le T¡m r Mih ly, az arany ember a J¢kai-reg‚ny v‚g‚n?;a Csepel-szigeten;a Moh csi-szigeten;a Senki sziget‚n;a Boldogok sziget‚n;C;IRODALOM
Az al bbiak k”zl melyik nem a babapisk¢ta alapanyaga?;liszt;toj s;tej;cukor;C;KONYHA
H ny olimpi n nem vett r‚szt a magyar csapat?;egyen;kett‹n;h rmon;mindegyiken r‚szt vett;B;SPORT
"Melyik angol futballcsapat beceneve ""az  gy£sok""?";Manchester United;Arsenal;Aston Villa;Liverpool;B;SPORT
Melyik l‚lektani fogalom szerepel Camus ismert reg‚ny‚nek c¡m‚ben?;f sults g;k bulat;k”z”ny;bizalom;C;IRODALOM
Milyen orvoshoz fordul az, aki dermatol¢gushoz megy?;fogorvoshoz;b‹rgy¢gy szhoz;szem‚szhez;n‹gy¢gy szhoz;B;BIOLàGIA
Az al bbiak k”zl melyik orsz g z szlaja nem h romsz¡nû?;Csehorsz g;Luxemburg;Örorsz g;Lengyelorsz g;D;ORSZµGOK
Melyik egyetem professzorak‚nt dolgozott Szent-Gy”rgyi Albert a Nobel-d¡j elnyer‚sekor?;szegedi;budapesti;oxfordi;cambridge-i;A;TUDOMµNY
Melyik medvefajt nevezzk grizzlynek?;a fekete medv‚t;a szrke medv‚t;az ”rv”s medv‚t;a jegesmedv‚t;B;BIOLàGIA
Hol volt az 1998-as t‚li olimpia?;Calgaryban;Lillehammerben;Nagan¢ban;Albertville-ben;C;SPORT
Hol tal lhat¢ Magyarorsz gon a Tessedik S muel M£zeum?;Mez‹k”vesden;Szarvason;S rospatakon;Šriszentp‚teren;B;MAGYARORSZµG
Kiket neveztek r‚gen peregrinusnak?;a kir ly jegyz‹it;a papn”vend‚keket;a v ndordi kokat;a k¢dexm sol¢kat;C;NYELV
Az al bbi zen‚s darabok k”zl melyiknek nem Presser G bor a zeneszerz‹je?;A pr¢ba;Harminc‚ves vagyok;A padl s;Isten p‚nze;D;ZENE
A felsoroltak k”zl melyik megy‚t nem ‚rinti a Tisza?;Szabolcs-Szatm r-Bereg;J sz-Nagykun-Szolnok;Csongr d;B‚k‚s;D;F™LDRAJZ
Mit jelent az im kban gyakran haszn lt malaszt sz¢?; hitat;kegyelem;mened‚k;seg¡ts‚g;B;VALLµS
Kinek a kezdem‚nyez‚s‚re j”tt l‚tre a Bajor Gizi Sz¡n‚szm£zeum?;Major Tam s;Gobbi Hilda;Dajka Margit;P ger Antal;B;SZÖNHµZ
Melyik f‚m r‚gies neve a cin?;antimon;¢lom;r‚z;¢n;D;NYELV
Melyik bibliai n‹alakr¢l ¡rt oper t Richard Strauss?;S ba kir lyn‹je;Judit;Eszter;Salome;D;OPERA
"Melyik mûb‹l sz rmazik az id‚zet? ""Hov  lett‚l, hov  lev‚l oh lelkem ifj£s ga!""";Szeptember v‚g‚n;K”zel¡t‹ t‚l;Let‚szem a lantot;A v‚n cig ny;C;IRODALOM
Milyen alakban  br zolt k az ¢kori egyiptomiak H¢rusz istent?;bagoly;s¢lyom;teh‚n;sak l;B;VALLµS
Ki a b‚rgyilkos c‚lpontja A sak l napja c¡mû filmben?;Winston Churchill;Charles de Gauille;J. F. Kennedy;Mahatma Gandhi;B;FILM
Az al bbiak k”zl melyik a tat rlonc?;mongol t ltos;cserjefajta;k”z‚pkori fej‚k; zsiai l¢fajta;B;NYELV
H ny  lland¢ l‹helyig sz m¡t egy g‚pj rmû szem‚lyg‚pkocsinak a KRESZ szerint?;hat;h‚t;kilenc;t¡z;C;µLTALµNOS
"Ki nem j tszotta a ""k‹sz¡vû ember fi t"" V rkonyi Zolt n 1965-ben bemutatott filmj‚ben?";Tordy G‚za;Bitskey Tibor;M‚cs K roly;Benk‹ P‚ter;D;FILM
Mi a c¡me Pasolini J‚zus ‚let‚r‹l k‚sz¡tett filmj‚nek?;M rk evang‚liuma;Luk cs evang‚liuma;J nos evang‚liuma;M t‚ evang‚liuma;D;FILM
Hol k‚szlt az els‹ r‚mfilm Godzill r¢l?;K¡n ban;Indi ban;Jap nban;Franciaorsz gban;C;FILM
Ki ‚p¡tette a h¡res spanyol kir lyi palot t, az Escorialt?;Arag¢niai Ferdin nd;Kaszt¡liai Izabella;V. K roly;II. Fl”p;D;T™RTNELEM
Melyik egyttes ‚nekelt a 70-es ‚vekben Raszputyinr¢l?;ABBA;Dschingis Khan;Boney M.;Blondie;C;ZENE
Melyik filmb‹l k‚szlt musical D‚s L szl¢ zen‚j‚vel?;K”rhinta;Valahol Eur¢p ban;A tizedes meg a t”bbiek;Talpalattnyi f”ld;B;FILM
Melyik amerikai ûrhaj¢t¡pus vett r‚szt az els‹ nemzetk”zi ûrrepl‚sben?;Gemini;Challenger;Mercury;Apollo;D;TUDOMµNY
"Kit b£cs£ztatnak a k”vetkez‹ szavakkal a vil girodalomban? ""J¢ ‚jt, kir lyfi ?""";Th‚szeuszt;Don Carlost;Hamletet;Oreszt‚szt;C;IRODALOM
A Biblia szerint ki vezette a zsid¢ n‚pet az Ög‚ret f”ldj‚re M¢zes hal la ut n?;J¢zsu‚;µron;D vid;J kob;A;VALLµS
Kinek a reg‚ny‚ben szerepel Philip Marlowe, a detekt¡v?;Erle Stanley Gardner;Edgar Wallace;Dashiel Hammet;Raymond Chandler;D;IRODALOM
Ki rendezte A nagy  br nd c¡mû klasszikus filmet?;Alain Resnais;Jean Renoir;Francois Truffaut;Constantin Costa-Gavras;B;FILM
Milyen versenyen j tsz¢dik A lovakat lel”vik, gye? c¡mû film?;t ncversenyen;l¢versenyen;maratoni fut son;aut¢versenyen;A;FILM
Mi a neve Peer Gynt szerelm‚nek?;Aase;Holle;Solvejg;Britta;C;IRODALOM
Hov  jutott Dante az Isteni sz¡nj t‚k kezd‹sorai szerint?;egy kies t¢partra;egy s”t‚t erd‹be;egy zord sziklafalhoz;egy szûk barlangba;B;IRODALOM
Kit neveztek ki a magyar f‹sereg parancsnok v  1849 m rcius ban?;Kossuth Lajost;M‚sz ros L z rt;G”rgey Art£rt;Bem J¢zsefet;C;T™RTNELEM
Melyik eur¢pai orsz gban ¡t‚lkeznek precedensjog alapj n?;Franciaorsz g;Olaszorsz g;Hollandia;Nagy-Britannia;D;ORSZµGOK
Ki ¡rt oper t Salom‚r¢l?;Verdi;Wagner;Richard Strauss;Rimszkij-Korszakov;C;OPERA
Melyik sz¢ ¡r sm¢dja helytelen?;dimbes-dombos;¡zeg-mozog;ici-pici;gizgazos;C;NYELV
Melyiket nevezt‚k a k”z‚pkorban borl t¢nak?;a borkim‚r‚s ellen‹r‚t;a kapatos lovagokat;a kocsm t;a boroshord¢t;A;NYELV
Melyik birodalom sz‚thull s nak fontos  llom sa volt a verduni szerz‹d‚s 843-ban?;R¢mai Birodalom;Frank Birodalom;Hun Birodalom;Avar Birodalom;B;T™RTNELEM
Mi a N‚metorsz gi Szoci ldemokrata P rt k”zismert r”vid¡t‚se?;SPD;FDP;CDU;NDPD;A;T™RTNELEM
Melyik rockegyttesben kezdte ‚nekesi p lyafut s t µkos?;µmokfut¢k;Bonanza Banzai;Animal Cannibals;Els‹ Emelet;B;ZENE
Milyen miniszteri t rc t t”lt”tt be t”bb ‚ven  t Nagyat di Szab¢ Istv n?;klgy;oktat sgy;f”ldmûvel‚sgy;p‚nzgy;C;T™RTNELEM
Ki volt J nos Zsigmond erd‚lyi fejedelem apja?;I. Ferdin nd;Szapolyai J nos;Werb‹czy Istv n;Martinuzzi Gy”rgy;B;T™RTNELEM
Melyik megy‚nkben l that¢k a smegi v r romjai?;Veszpr‚m;Fej‚r;Kom rom-Esztergom;Gy‹r-Moson-Sopron;A;MAGYARORSZµG
H nyszor nyert a magyar labdar£g¢ v logatott olimpiai bajnoks got?;k‚tszer;h romszor;n‚gyszer;egyszer sem;B;SPORT
Melyik foly¢ folyik keresztl a Grand Canyonon?;Rio Grande;Ohio;Mississippi;Colorado;D;F™LDRAJZ
Melyik nem sv jci v ros az al bbiak k”zl?;Lausanne;Luzern;Leiden;Locarno;C;F™LDRAJZ
Ki a szerz‹je a Legenda a ny£lpaprik sr¢l c¡mû ismert reg‚nynek?;Ters nszky J. Jen‹;Kr£dy Gyula;John Updike;Joseph Heller;A;IRODALOM
Milyen nemzetis‚gû volt Celsius, az  ltalunk is haszn lt h‹m‚rs‚kleti sk la megalkot¢ja?;sv‚d;n‚met;holland;d n;A;TUDOMµNY
Milyen mitol¢giai l‚nyek nev‚t viseli a tengeri tehenek rendje?;valkûr”k;szir‚nek;h‚r k;het‚r k;B;BIOLàGIA
Kinek a reg‚nye alapj n ¡rt Verdi Traviata c¡mû oper j t?;Victor Hugo;ifj. Alexandre Dumas;E. T. A. Hoffmann;Walter Scott;B;OPERA
Milyen nemzetis‚gû volt Edvard Grieg zeneszerz‹?;sv‚d;n‚met;norv‚g;holland;C;OPERA
Ki volt Nero cs sz r h¡res nevel‹je?;Seneca;Cicero;Ovidius;Cato;A;T™RTNELEM
Ki az a magyar sportol¢n‹, aki a II. vil gh bor£ el‹tt ‚s ut n is szerzett olimpiai arany‚rmet?;Keleti µgnes;Gyarmati Olga;K d rn‚ Cs k Ibolya;Elek Ilona;D;SPORT
Melyik afrikai orsz g kor bbi neve volt D‚l-Rhodesia?;Nam¡bia;Burkina Faso;Zimbabwe;Zambia;C;ORSZµGOK
"Melyik egyttes j tszotta ""A kenguru"" c¡mû film c¡mad¢ dal t?";Lokomot¡v GT;Gemini;Fonogr f;M7;C;FILM
Milyen n‚ven lett vil gh¡rû filmszt r Bernard Schwartz?;Humphrey Bogart;Tony Curtis;Woody Allen;Arnold Schwarzenegger;B;FILM
Mi Litv nia f‹v rosa?;Vilnius;Riga;Kaunas;Tallin;A;ORSZµGOK
Milyen k¡gy¢val kzd meg A dzsungel k”nyv‚ben Riki-tiki-t‚vi, a mong£z?;anakond val;pitonnal;viper val;kobr val;D;IRODALOM
A felsoroltak k”zl ki nem volt p‚nzgyminiszter?;Bokros Lajos;Rab r Ferenc;Sur nyi Gy”rgy;Medgyessy P‚ter;C;T™RTNELEM
Kir‹l nevezt‚k  t 1976-ban Saigon v ros t?;Mao Ce-tung;Ho Si Minh;Csang Kaj-sek;Csou En-laj;B;ORSZµGOK
Ki volt a modern izrael  llam els‹ minisztereln”ke?;Ben Gurion;Jich k Rabin;Men hem Begin;Golda Meir;A;T™RTNELEM
Melyik nem tenor szerep az al bbi operah‹s”k k”zl?;Cavaradossi;B nk b n;Sarastro;Radames;C;OPERA
Ki j tszotta a f‹szerepet a D£vad c¡mû magyar filmben?;B sti Lajos;Bessenyei Ferenc;Latinovits Zolt n;Koncz G bor;B;FILM
Az al bbiak k”zl melyik a honfoglal¢ magyars g egyik f‹m‚lt¢s gi c¡me?;keszi;kolos;horka;zolta;C;T™RTNELEM
Milyen nemzetis‚gû a Depeche Mode egyttes?;francia;brit;kanadai;ausztr l;B;ZENE
Mi az ‚rv‚nyes tal lati fellet a p rbajt‹rv¡v sban?;az eg‚sz test;csak a fels‹ test;a fels‹ test ‚s a fej;a fels‹ test ‚s a v‚gtagok;A;SPORT
Melyik egykori gyermeksz¡n‚sz j tszotta az µrv cska c¡mû magyar film f‹szerep‚t?;Geszti P‚ter;Ullmann M¢nika;Czink¢czi Zsuzsa;Kov cs Kriszti n;C;FILM
"Melyik ‚nekesnk dalolta, hogy ""Az‚rt vannak a j¢bar tok ?""?";Korda Gy”rgy;Sz‚csi P l;Aradszky L szl¢;M t‚ P‚ter;D;ZENE
Milyen utaz sr¢l ¡rt dalciklust Franz Schubert?;v‚gzetes;nagy;t‚li;szerencs‚s;C;OPERA
Ki az a magyar felfedez‹, akinek ‚let‚t a k”zelm£ltban egy Oscar-d¡jas film is feldolgozta?;V mb‚ry µrmin;Teleki S muel;Kittenberger K lm n;Alm sy L szl¢;D;FILM
Milyen hangszer mûv‚sze volt a XVI. sz zadban Bakfark B lint?;hegedû;lant;krt;csembal¢;B;OPERA
"Melyik zeneszerz‹ mûve a 16 r‚szb‹l  ll¢ ""Szl v t ncok""?";Csajkovszkij;Smetana;Dvorak;Muszorgszkij;C;OPERA
Hol volt sz¡nh zigazgat¢ Johann Wolfgang von Goethe?;Frankfurt;Weimar;Lipcse;Berlin;B;IRODALOM
Melyik vil gh¡rû atl‚ta nyert n‚gyszer egym s ut n olimpiai bajnoks got diszkoszvet‚sben?;Al Oerter;Clarance Houser;David Weill;Ludvik Danek;A;SPORT
Hogy h¡vj k Antonio Banderast a Desperado c¡mû filmben?;Sabata;El Nino;Mucho Macho;El Mariachi;D;FILM
Melyik magyar kir ly viselt hadat N poly ellen?;II. Andr s;III. B‚la;Nagy Lajos;Zsigmond;C;T™RTNELEM
Melyik n‚met labdar£g¢ volt legt”bbsz”r v logatott?;Gerd Mller;Lothar Matthaus;Franz Beckenbauer;Jrgen Klinsmann;B;SPORT
Ki volt Andrej Rubljov, Tarkovszkij vil gh¡rû filmj‚nek c¡mszerepl‹je?;az els‹ c r;ikonfest‹;hadvez‚r;p tri rka;B;FILM
Ki volt Corvin J nos anyja?;Arag¢niai Beatrix;Podjebr d Katalin;Edelpeck Borb la;Wolfram Ilona;C;T™RTNELEM
Ki ¡rt k¡s‚r‹zen‚t Shakespeare Szentiv n‚ji  lom c¡mû mûv‚hez?;Csajkovszkij;Berlioz;Mendelssohn;Schubert;C;OPERA
Mije nincs egy  llamnak semmik‚ppen az interregnum idej‚n?; llamad¢ss ga;term‚szetes hat ra;f‹v rosa;t”rv‚nyes  llamf‹je;D;T™RTNELEM
Kiknek a k‚pz‚s‚re hozt k l‚tre az E”tv”s Koll‚giumot?;tan rok;orvosok;jog szok;m‚rn”k”k;A;µLTALµNOS
Ki ¡rta Erkel B nk b nj nak sz”veg‚t?;V”r”smarty Mih ly;Egressy B‚ni;Bal zs B‚la;Egressy G bor;B;OPERA
Melyik sz¡nh z igazgat¢ja volt k‚tszer is F‚nyes Szabolcs zeneszerz‹?;Operettsz¡nh z;Operah z;Erkel Sz¡nh z;Mad ch Sz¡nh z;A;SZÖNHµZ
"Milyen ""ember"" szerepel Andrzej Wajda h¡res filmj‚nek c¡m‚ben?";gr nit;agyag;m rv ny;arany;C;FILM
Mely orsz g XX. sz zadi t”rt‚nelm‚ben j tszottak fontos szerepet a falangist k?;Szovjetuni¢;Spanyolorsz g;Ausztria;G”r”gorsz g;B;T™RTNELEM
Ki ig zta le a perui inka birodalmat?;Cort zar;Cortez;Pizarro;Piscator;C;T™RTNELEM
Ki volt Oreszt‚sz testv‚re a g”r”g mitol¢gi ban?;Antigon‚;Oidipusz;lektra;Orpheusz;C;VALLµS
Melyik h‹st j tszotta Omar Sharif David Lean 1965-ben bemutatott filmj‚ben?;Jevgenyij Anyegint;Doktor Zsiv g¢t;Vronszkij gr¢fot;Raszkolnyikovot;B;FILM
Ki Örorsz g v‚d‹szentje?;Szent Patrik;Szent Krist¢f;Szent Jakab;Szent P‚ter;A;ORSZµGOK
Melyik orsz g nem tagja az OPEC-nek?;Irak;Alg‚ria;Venezuela;Braz¡lia;D;ORSZµGOK
Melyik v ros volt a II. vil gh bor£ alatt a francia b b llam sz‚khelye?;Boulogne;Vichy;Montpellier;Lyon;B;T™RTNELEM
Mi volt Csokonai m£zs j nak, Lill nak az eredeti neve?;Sz nt¢ Judit;Losonczy Anna;Brll Ad‚l;Vajda Julianna;D;IRODALOM
Mikor vett‚k fel Magyarorsz got a N‚psz”vets‚gbe?;1922-ben;1928-ban;1946-ban;1882-ben;A;T™RTNELEM
Kit tekintett felel‹snek a korabeli nemess‚g a D¢zsa-f‚le parasztfelkel‚s kirobban s ‚rt?;Habsburg Ferdin ndot;Szapolyai J nost;II. Lajost;Bak¢cz Tam st;D;T™RTNELEM
Melyik tragikus eml‚kû csat t szok s Lech-mezei csat nak is nevezni?;a moh csi csat t;a muhi csat t;a merseburgi csat t;az augsburgi csat t;D;T™RTNELEM
Kiknek a viselete volt a khit¢n?;g”r”g”k;egyiptomiak;k‚sei r¢maiak;hun vez‚rek;A;T™RTNELEM
Mely v ros lett az OPEC (K‹olajexport l¢ Orsz gok Szervezete) sz‚khelye 1965-ben?;Zrich;B‚cs;Rijad;Kair¢;B;ORSZµGOK
Ki volt jelz‹je szerint a reggae-zene koron zatlan kir lya?;Bill Haley;Frank Zappa;Jimi Hendrix;Bob Marley;D;ZENE
Melyik t”rt‚nelmi alak szerelm‚t j tssza Greta Garbo a Walewska gr¢fn‹ c¡mû filmben?;Nelson admir lis;XIV. Lajos;I. Nap¢leon;Nagy P‚ter;C;FILM
Milyen nyelven ¡rta Anna Frank h¡ress‚ v lt napl¢j t?;hollandul;n‚metl;csehl;franci ul;A;IRODALOM
Mi a c¡me Villon legismertebb versgyûjtem‚ny‚nek?;Csavarg¢k k”nyve;Akaszt¢fa-‚nekek;Egy ‚vad a pokolban;Nagy testamentum;D;IRODALOM
Melyik  llat hozhat¢ kapcsolatba Szent M rtonnal?;kutya;l£d;szarvas;galamb;B;VALLµS
Melyik orsz g ipari minisztere volt Che Guevara 1961 ‚s 1965 k”z”tt?;Argent¡na;Kuba;Mexik¢;Chile;B;T™RTNELEM
Melyik h¢napot nevezt‚k r‚gen Szent Jakab hav nak?;febru r; prilis;j£lius;november;C;T™RTNELEM
Mi a tutyi?;nadr g;l bbeli;bajuszk”t‹;sodr¢fa;B;NYELV
Hol j tsz¢dik T¡m r P‚ter Eg‚szs‚ges erotika c¡mû filmje?;anyacsavar-zemben;l dazemben;lik‹rgy rban;kefirgy rban;B;FILM
Hol hordj k a psp”k”k a mitr t?;a derekuk k”rl;a l bukon;a nyakukban;a fejk”n;D;VALLµS
Ki nem l‚pett fel sz¡n‚szk‚nt?;Pet‹fi S ndor;Arany J nos;V”r”smarty Mih ly;Katona J¢zsef;C;IRODALOM
Milyen Nobel-d¡jat kapott Guglielmo Marconi 1909-ben?;irodalmi;b‚ke;fizikai;k‚miai;C;TUDOMµNY
Melyik ‚nekesn‹ eredeti csal dneve Ciccone?;Cher;Enya;Madonna;Suzanne Vega;C;ZENE
Mely korszakra volt jellemz‹ a copf st¡lus?;16. sz zad eleje;17. sz zad eleje;18. sz zad m sodik fele;19. sz zad m sodik fele;C;T™RTNELEM
Melyik Verdi-operah‹s l nya volt Gilda?;Don Carlos;Rigoletto;Nabucco;Otello;B;OPERA
Melyik v rosban ‚s annak k”rny‚k‚n j tsz¢dik Verdi Traviata c¡mû oper ja?;R¢ma;Bordeaux;P rizs;Sevilla;C;OPERA
Ki ¡rta a Forradalmi etd c¡mû zongoradarabot?;Chopin;Schubert;Liszt;Beethoven;A;OPERA
"Melyik egyttes k‚rdezte, hogy: ""N latok laknak-e  llatok?""";Kal ka;100 Folk Celsius;Bojtorj n;Fonogr f;A;ZENE
Melyik bibliai n‹alak mentette meg a perzsa birodalomban el‹ zsid¢kat a kiirt st¢l?;Judit;Zsuzsanna;Eszter;Rebeka;C;VALLµS
Hol tal lhat¢ Magyarorsz gon a M tra M£zeum?;Par don;Egerben;Gy”ngy”s”n;M trafreden;C;MAGYARORSZµG
Ki a t rsrendez‹je A csend vil ga c¡mû, cannes-i Arany P lm val d¡jazott filmnek?;David Attenborough;Gerard Durell;Jacques-Yves Cousteau;Thor Heyerdahl;C;FILM
Mi a foglalkoz sa Pet‹fi h‹s‚nek, a sz‚les tenyerû Fejenagynak?;templomszolga;kocsm ros;kov cs;p‚k;C;IRODALOM
Hogy nevezik a c¡merekkel foglalkoz¢ t”rt‚neti seg‚dtudom nyt?;numizmatika;heraldika;paleogr fia;kronol¢gia;B;NYELV
Ki ¡rta a K‚pzelt riport egy amerikai popfesztiv lr¢l c¡mû musical dalsz”vegeit?;Sztevanovity Dus n;Br¢dy J nos;Adamis Anna;Berem‚nyi G‚za;C;ZENE
Ki ¡rt oper t Igor hercegr‹l?;Borogyin;Muszorgszkij;Csajkovszkij;Glinka;A;OPERA
Kinek a mûve Az ”reg tekintetes c¡mû reg‚ny?;Gozsdu Elek;Br¢dy S ndor;Miksz th K lm n;G rdonyi G‚za;D;IRODALOM
Melyik orsz g dikt tora volt Noriega t bornok?;Mexik¢;Fl”p-szigetek;Nicaragua;Panama;D;T™RTNELEM
"Melyik magyar k”lt‹ ¡rta ”nmag r¢l? ""Vid m ‚s j¢ volt s t n konok, ha b ntott k v‚lt igaz ban.""";Ady Endre;Babits Mih ly;Pet‹fi S ndor;J¢zsef Attila;D;IRODALOM
Mit neveznek ûrb‚lnek?;ûrhaj¢k rakter‚t;csal noz¢k szerv‚t;fekete lyukakat;madarak szerv‚t;B;NYELV
Az al bbiak k”zl melyik lehet rezon‹r?;a kalauz r‚gi neve;sz¡nh zi szerepk”r;p sztorkutya;v mhivatalnok;B;NYELV
Kir‹l mint zt k a Sebhelyes ember c¡mû klasszikus gengszterfilm f‹h‹s‚t?;Bugsy Siegel;Al Capone;Lucky Luciano;Frank Costello;B;FILM
Ki volt a Szovjetuni¢ Kommunista P rtj nak f‹titk ra a csernobili atomkatasztr¢fa idej‚n?;Brezsnyev;Gorbacsov;Andropov;Csernyenko;B;T™RTNELEM
Ki volt az 1848-as Batthy ny-korm ny igazs ggy-minisztere?;Szemere Bertalan;Klauz l G bor;Kossuth Lajos;De k Ferenc;D;T™RTNELEM
Ki volt a Nyugat els‹ f‹szerkeszt‹je?;Hatvany Lajos;Ady Endre;Ignotus;J szi Oszk r;C;IRODALOM
Kit vagy mit neveztek r‚gen cenknek?;olcs¢ ‚rcet;hitv ny embert;‚rt‚ktelen apr¢p‚nzt;feny‹fa;B;NYELV
Milyen  llatok a f‹szerepl‹i Merle µllati elm‚k c¡mû reg‚ny‚nek?;majmok;egerek;kuty k;delfinek;D;IRODALOM
Milyen ‚tel a minestrone?;leves;b r nyslt;fagylalt;pizza;A;KONYHA
Mi a c¡me Jancs¢ Mikl¢s 1999-ben k‚sz¡tett filmj‚nek?;Ap m!? a Batman!;Hern di, a Drakula;Any d!? a sz£nyogok;Kismalac! s a farkasok?;C;FILM
Ki volt az amerikai eln”k, amikor az USA bel‚pett az I. vil gh bor£ba?;Theodore Roosevelt;William Taft;Warren Harding;Woodrow Wilson;D;T™RTNELEM
Hol alakult ki az ikonfest‚szet k”zpontja a X. sz zadban?;Avignonban;Ravenn ban;Biz ncban;Kijevben;C;KPZŠMëVSZET
Hol ‚l jelent‹sebb sz mban Magyarorsz gon a bunyev c n‚pcsoport?;Miskolc k”rny‚k‚n;Sopron k”rny‚k‚n;Baja k”rny‚k‚n;Gyula k”rny‚k‚n;C;MAGYARORSZµG
Mi kaphatott cordon bleu-t?;a legjobb ‚tterem;a leggyorsabb ¢ce nj r¢;a legmagasabb torony;a legtiszt bb sz”k‹k£t;B;µLTALµNOS
"Mikor keletkezett a magyar nyelv ""tan r"" szava?";a XV. sz zadban;a t”r”k h¢dolts g alatt;a finnugor egytt‚l‚skor;a nyelv£j¡t s kor ban;D;NYELV
Melyik csal d szolg lt Zola reg‚nyciklus nak t‚m j ul?;Thibault;Buddenbrook;Sonnenschein;Rougon-Macquart;D;IRODALOM
Mi a Perzsa-”b”l m sik neve?;Om ni-”b”l;Katari-”b”l;Arab-”b”l;Ir ni-”b”l;C;F™LDRAJZ
Ki a Hair c¡mû musical zeneszerz‹je?;Galt McDermot;Leonard Bernstein;Andrew Lloyd Webber;John Kander;A;ZENE
Ki volt a zsid¢k els‹ kir lya?;Saul;Salamon;D vid;S muel;A;VALLµS
Testnk melyik r‚sz‚n tal lhat¢ a csukly s izom?;a karon;a l bon;a fejen;a h ton;D;BIOLàGIA
Kir‹l nevezt‚k el Budapest II. vil gh bor£ ut ni els‹, r‚szben ac‚lszerkezetû Duna-h¡dj t?;Sz‚chenyi Istv nr¢l;II. R k¢czi Ferencr‹l;Kossuth Lajosr¢l;Pet‹fi S ndorr¢l;C;µLTALµNOS
Az al bbiak k”zl ki nem olimpiai arany‚rmes sportol¢?;K rp ti Rudolf;K rp ti Aur‚l;K rp ti K roly;K rp ti Gy”rgy;B;SPORT
Ki kapott Kossuth-d¡jat 2001-ben az al bbi sz¡n‚szn‹k k”zl?;B sti Juli;Eszenyi Enik‹;Udvaros Dorottya;B ns gi Ildik¢;B;SZÖNHµZ
Melyik orsz g nem hat ros Indi val?;Ir n;Pakiszt n;Nep l;K¡na;A;F™LDRAJZ
A felsorolt orsz gok k”zl melyik nem az afrikai f”ldr‚szen tal lhat¢?;Szom lia;Szud n;Szv zif”ld;Suriname;D;F™LDRAJZ
Melyik magyar labdar£g¢ klub legend s csat ra volt Bene Ferenc?;Ferencv ros;Vasas;éjpesti D¢zsa;MTK;C;SPORT
Melyik zeneszerz‹ ‚p¡ttetett sz¡nh zat Bayreuthban?;Wolfgang Amadeus Mozart;Richard Wagner;Ludwig von Beethoven;Johann Sebastian Bach;B;SZÖNHµZ
"""Canoss t j r.""-mondj k a vezekl‹ emberre. Minek vagy kinek a neve volt eredetileg Canossa?";egy p p ‚;egy cs sz r‚;egy k¡nz¢eszk”z‚;egy v r‚;D;T™RTNELEM
Melyik fantasztikus film zen‚j‚t szerezte a Queen egyttes?;Sz rnyas fejvad sz;Flash Gordon;Csillagok h bor£ja;Superman;B;FILM
Milyen nemzetis‚gû volt Volta, az elektromos feszlts‚g m‚rt‚kegys‚g‚nek n‚vad¢ja?;olasz;francia;cseh;d n;A;TUDOMµNY
Melyik uralkod¢h zhoz tartozott az angol polg ri forradalom alatt lefejezett I. K roly?;Plantagenet;Tudor;Stuart;Windsor;C;T™RTNELEM
Melyik v ros nem Veszpr‚m megy‚ben tal lhat¢?;P pa;Tapolca;M¢r;Zirc;C;F™LDRAJZ
Melyik eur¢pai szt r szerepel a M‚g z”ldebb a szomsz‚d n‹je c¡mû v¡gj t‚kban?;Brigitte Bardot;Sophia Loren;Claudia Cardinale;Catherine Deneuve;B;FILM
Mi a neve a Mario ‚s a var zsl¢ c¡mû novell ban szerepl‹ illuzionist nak?;Aschenbach;Tonio Kr”ger;Cipolla;Hans Castorp;C;IRODALOM
Melyik h¡res zeneszerz‹ szletett Si¢fokon?;Liszt Ferenc;Leh r Ferenc;K lm n Imre;Erkel Ferenc;C;OPERA
Mely  llatok nem tartoznak a h rty ssz rny£ak rendj‚be?;darazsak;m‚hek;hangy k;lepk‚k;D;BIOLàGIA
Ki volt a k‚t kzd‹ f‚l a b£r h bor£ban?;angol ‚s francia;angol ‚s d‚l-afrikai holland;n‚met ‚s d‚l-afrikai holland;angol ‚s indiai;B;T™RTNELEM
Ki szerezte a B l a Savoyban c¡mû operett zen‚j‚t?;µbrah m P l;Huszka Jen‹;Jacobi Viktor;Leh r Ferenc;A;OPERA
Ki kalauzolja Dant‚t a Pokol bugyrain  t az Isteni sz¡nj t‚kban?;Ovidius;Catullus;Vergilius;Seneca;C;IRODALOM
Hogy h¡vt k M¢zes b tyj t?;µbel;µron;B l m;Saul;B;VALLµS
Hogy nevezik a keny‚r rosszul slt, ragacsos r‚sz‚t?;hurka;kolb sz;szalonna;m¢csing;C;KONYHA
Kinek a nev‚hez fûz‹dik az ‹sis‚g t”rv‚ny‚nek kibocs t sa?;K roly R¢bert;K”nyves K lm n;Nagy Lajos;M ria Ter‚zia;C;T™RTNELEM
Melyik fantasztikus film zeneszerz‹je Vangelis?;Csillagok h bor£ja;Sz rnyas fejvad sz;Az ”t”dik elem;Balj¢s  rnyak;B;FILM
Ki volt Argosz, akinek nev‚b‹l az  rgus szavunk ered?;egyszemû ¢ri s;sz zszemû sz”rny;az aranygyapj£ ‹rz‹je;az alvil g ‹re;B;VALLµS
Hol tal lhat¢ Borobudur, a vil g legnagyobb buddhista templomegyttese?;India;Indon‚zia;Thaif”ld;Sri Lanka;B;VALLµS
Ki volt J¢zsef apja az àsz”vets‚g szerint?;No‚;J kob;Izs k;M¢zes;B;VALLµS
Ki alap¡totta a Karinthy Sz¡nh zat?;Karinthy Frigyes;Karinthy M rton;Karinthy Ferenc;Karinthy G bor;B;SZÖNHµZ
Kik voltak a k¡nai mandarinok?;hercegi ut¢dok;hivatalnokok;katonatisztek;a d¡szkertek gondoz¢i;B;NYELV
Melyik v rosunkban tal lhat¢ a Csontv ry M£zeum?;Szentendr‚n;P‚csett;Szombathelyen;Gy‹r”tt;B;MAGYARORSZµG
Az al bbiak k”zl melyik lehet a jap n cs sz r megnevez‚se ‚s ruhadarab neve is?;kendo;kimon¢;mik d¢;haiku;C;NYELV
Kik szerepelnek egy Drrenmatt-sz¡nmû c¡m‚ben?;botanikusok;fizikusok;k‚mikusok;ornitol¢gusok;B;SZÖNHµZ
Ki nem komikusk‚nt lett a n‚mafilmek szt rja?;Harold Lloyd;Buster Keaton;Rudolph Valentino;Oliver Hardy;C;FILM
Melyik £sz snemben szerzett n‚gy olimpiai bajnoks got Darnyi Tam s?;gyors£sz sban;pillang¢£sz sban;h t£sz sban;vegyes£sz sban;D;SPORT
Milyen anyagok k”z‚ sorolhat¢ a kem‚ny¡t‹?;zs¡rok;feh‚rj‚k;sz‚nhidr tok;vitaminok;C;BIOLàGIA
Kije volt Nagy Lajosnak Magyarorsz g kir lyn‹je, M ria?;anyja;n‹v‚re;l nya;unokah£ga;C;T™RTNELEM
Melyik  llat egy Rossini  ltal ¡rt duett c¡mad¢ja?;medve;kakukk;szam r;macska;D;OPERA
Hol volt 1991-ben Magyarorsz g, Csehszlov kia ‚s Lengyelorsz g vezet‹inek cs£cstal lkoz¢ja?;Sz‚kesfeh‚rv rott;Budapesten;Visegr don;Esztergomban;C;T™RTNELEM
Milyen igazgat¢k‚nt lett h¡res Beketow M ty s?;sz¡nh z;cirkusz;pezsg‹gy r;aut¢gy r;B;µLTALµNOS
Milyen cs sz r a f‹h‹se Bertolucci Az utols¢ cs sz r c¡mû filmnek?;n‚met-r¢mai;eti¢p;osztr k;k¡nai;D;FILM
Melyik orsz g v logatottja nyerte meg a 2001. ‚vi n‹i kos rlabda Eur¢pa-bajnoks got?;Franciaorsz g;Jugoszl via;Oroszorsz g;Litv nia;A;SPORT
Kir‹l sz¢l Somerset Maugham Az ”rd”g sarkanty£ja c¡mû reg‚nye?;Van Goghr¢l;Gauguinr‹l;Rimbaud-r¢l;Baudelaire-r‹l;B;IRODALOM
Melyik Shakespeare-mûb‹l nem rendezett filmet Franco Zeffirelli?;R¢me¢ ‚s J£lia;Makrancos h”lgy;Hamlet;Lear kir ly;D;FILM
Milyen Pierrot szerepel Jean-Luc Godard vil gh¡rû filmj‚nek c¡m‚ben?;bolond;boh‚m;feh‚r;kock s;A;FILM
Melyik az uralkod¢ vall s a Fl”p-szigeteken?;hindu;iszl m;buddhista;katolikus;D;VALLµS
Melyik v ros egyetem‚nek tan ra volt az eretnekk‚nt meg‚getett Husz J nos?;P rizs;Pr ga;Bologna;Oxford;B;T™RTNELEM
Melyik h¡res magyar t”rt‚nelmi szem‚lyt ¡t‚lt‚k t voll‚t‚ben hal lra?;De k Ferencet;id. Andr ssy Gyul t;E”tv”s J¢zsefet;Irinyi J nost;B;T™RTNELEM
Melyik egy h¡res Hitchcock-film c¡me?;Bej rati ajt¢;H ts¢ ablak;Padl sfelj r¢;Vakablak;B;FILM
Milyen k¡s‚rletek helysz¡ne volt a Bikini-atoll?;amerikai atombomba;francia mad rtani;tengerbiol¢giai;f”ldreng‚s-kutat si;A;TUDOMµNY
Melyik egyttesben j tszott Peter Gabriel ‚s Phil Collins?;Pink Floyd;Yes;Genesis;Dire Straits;C;ZENE
Kinek a megkeresztel‚s‚t  br zolja Bencz£r Gyula ismert festm‚nye?;J‚zus;Szent J nos;Vajk;Szent Gell‚rt;C;MëVSZET
Melyik neves ¡r¢nk l ny nak visszaeml‚kez‚se az Ap m reg‚nye?;N‚meth L szl¢;M¢ricz Zsigmond;Illy‚s Gyula;M¢ra Ferenc;A;IRODALOM
Melyik v rosban mutatt k be Mozart: Don Giovanni c¡mû oper j t?;Velence;B‚cs;Pr ga;Salzburg;C;OPERA
Melyik olimpiai bajnokn‹nk nem atl‚tik ban szerzett arany‚rmet?;Gyarmati Olga;Keleti µgnes;K d rn‚ Cs k Ibolya;N‚meth Ang‚la;B;SPORT
Ki ¡rt egyfelvon sos sz¡nmûvet Dunakanyar c¡men?;Karinthy Ferenc;™rk‚ny Istv n;Ill‚s Endre;Sarkadi Imre;A;IRODALOM
Melyik elveszett  llatr¢l sz¢l J‚zus egyik p‚ldabesz‚de?;szam r;kutya;b r ny;diszn¢;C;VALLµS
"Hogyan sz¢l Francoise Sagan ismert mûv‚nek c¡me? ""Szereti ™n ??""";Mozartot;Schubertet;Bachot;Brahmsot;D;OPERA
Hogyan nevezt‚k a l pos vid‚ken hal sz¢, vad sz¢, madar sz¢ f‚rfiakat?;p k sz;kolomp r;ordon nc;g”l”ncs‚r;A;µLTALµNOS
Az al bbiak k”zl mire haszn lj k a henn t?;haj¢z sra;ragaszt¢gy rt sra;haj- ‚s testfest‚sre;sz‹nyegsz”v‚sre;C;µLTALµNOS
Ki rendezte az olasz neorealista film klasszikus t, a R¢ma ny¡lt v ros c¡mû filmet?;Federico Fellini;Roberto Rossellini;Vittorio De Sica;Michelangelo Antonioni;B;FILM
"Melyik ‚nekesn‹ j tszott ""Az eastwicki boszork nyok"" c¡mû filmben?";Madonna;Whitney Houston;Cher;Suzanne Vega;C;FILM
Mi Nemo kapit ny nev‚nek jelent‚se?;senki;ismeretlen;n‚vtelen;rejt‹zk”d‹;A;IRODALOM
Melyik mai orsz g terlet‚n tal lhat¢ a t”rt‚nelemb‹l ismert Drin poly?;G”r”gorsz g;T”r”korsz g;Olaszorsz g;Jugoszl via;B;T™RTNELEM
Melyik egyttes alap¡t¢ tagja volt Jim Morrison?;Genesis;Pink Floyd;Queen;Doors;D;ZENE
Ki alap¡totta a francia becsletrendet?;XIV. Lajos;Nap¢leon;Lajos Fl”p;IV. (Navarrai) Henrik;B;T™RTNELEM
Melyik szerz‹ ¡rt zenedarabot Az  llatok farsangja c¡mmel?;Prokofjev;Richard Strauss;Rimszkij-Korszakov;Saint-Saens;D;OPERA
Milyen n‚ven v lt h¡ress‚ Beethoven Cisz-moll szon t ja?;Napsug r;Lid‚rcf‚ny;Sz‚lvihar;Holdf‚ny;D;OPERA
Melyik magyar  llamf‚rfit nevezt‚k vasminiszternek?;Kossuth Lajost;Tisza K lm nt;Teleki P lt;Baross G bort;D;T™RTNELEM
Ki hajtotta v‚gre a vil g m sodik ûrutaz s t?;John Glenn;German Tyitov;Alekszej Leonov;Michael Collins;B;TECHNIKA
Ki nyerte meg a 2001. ‚vi amerikai ny¡lt teniszbajnoks g n‹i egyes d”nt‹j‚t?;Jennifer Capriati;Martina Hingis;Lindsay Davenport;Venus Williams;D;SPORT
"Miknek a ""lovagj r¢l"" k‚sz¡tett t”rt‚nelmi filmet Szergej Eizenstein?";j‚gmez‹k;sztyepp‚k;gleccserek;hegycs£csok;A;FILM
Milyen m rt ssal k‚szlnek a bakonyi m¢dra k‚sz¡tett h£sok?;kolb szos;gomb s;z”ldbors¢s;m jas;B;KONYHA
Milyen szerelemr‹l ¡rt balettet Manuel de Falla?;titkos;bûv”s;f j¢;boldog;B;MëVSZET
Melyik v rosunkban l that¢ Szent L szl¢ herm ja?;Budapesten;Sz‚kesfeh‚rv ron;Gy‹rben;Esztergomban;C;MAGYARORSZµG
Melyik telepl‚snk”n ‹rzik a tihanyi ap ts g alap¡t¢level‚nek eredeti p‚ld ny t?;Gy‹r;Pannonhalma;Tihany;Esztergom;B;MAGYARORSZµG
Anglia mely kiv l¢s g t festette meg l nyai k”r‚ben Munk csy Mih ly?;Morus Tam s;Cromwell;Milton;I. Erzs‚bet;C;KPZŠMëVSZET
Melyik orsz g uralkod¢ja volt Fejszal kir ly?;Jord nia;Marokk¢;Sza£d-Ar bia;Eti¢pia;C;T™RTNELEM
Melyik f ra¢ piramisa nem tartozik a g¡zai piramisok k”z‚?;Kheopsz;Mkerinosz;Khephr‚n;Dzs¢szer;D;T™RTNELEM
Mivel v dolt k  rtatlanul Harrison Fordot A sz”kev‚ny c¡mû film f‹h‹sek‚nt?;sikkaszt ssal;gyilkoss ggal;‚kszerrabl ssal;haza rul ssal;B;FILM
Mi¢ta szerepel a n‹i p rbajt‹rv¡v s az olimpi n?;Los Angeles 1984;Barcelona 1992;Atlanta 1996;Sydney 2000;C;SPORT
Milyen nemzetis‚gû volt Niels Bohr Nobel-d¡jas fizikus?;n‚met;sv‚d;angol;d n;D;TUDOMµNY
Melyik f”ldr‚szen tal lhat¢ a Limpopo nevû foly¢?;Afrika;µzsia;D‚l-Amerika;Ausztr lia;A;F™LDRAJZ
Melyik ‚vben rendezt‚k meg az els‹ Forma-1-es aut¢versenyt a Hungaroringen?;1982;1986;1989;1993;B;SPORT
Ki a szerz‹je a Hideg napok c¡mû t”rt‚nelmi kisreg‚nynek?;Esterh zy P‚ter;Kert‚sz Imre;M‚sz”ly Mikl¢s;Cseres Tibor;D;IRODALOM
"Melyik labdar£g¢csapatra volt jellemz‹ a '60-as ‚vekben a betonv‚dekez‚s, a ""catenaccio""?";Fiorentina;Juventus;Internazionale;AC Milan;C;SPORT
Milyen t”ltel‚kkel k‚szlnek a Stef nia-m¢dra k‚sz¡tett h£s‚telek?;p rizsival;sajttal;sonk val;toj ssal;D;KONYHA
Melyik nem t”r”k-magyar eredetû n‚v?;Zolt n;G‚za;™rs;L szl¢;D;NYELV
Ki j tszik megh¡zott, f‚lig sket zsarut a Cop Land c¡mû bûngyi filmben?;Arnold Schwarzenegger;Sylvester Stallone;Bruce Willis;Telly Savalas;B;FILM
Melyik v rosunkban l that¢ a Gizella-k polna?;Veszpr‚mben;Sz‚kesfeh‚rv rott;Gy‹rben;Egerben;A;MAGYARORSZµG
Melyik uralkod¢i c¡m egy k rtyaj t‚k elnevez‚se is?;c r;k n;f ra¢;szult n;C;NYELV
Melyik fest‹ nem it liai az al bbiak k”zl?;Caravaggio;Tiepolo;Mantegna;Murillo;D;KPZŠMëVSZET
Az al bbiak k”zl melyik n”v‚ny?;p sztorgyûrû;p sztort ska;p sztors¡p;p sztorg‚m;B;BIOLàGIA
Mi volt a neve George Stephenson els‹ mozdony nak?;George;Mylord;Rocket;Locomotive;B;TECHNIKA
Kinek a nev‚hez fûz‹dik a Zz-sorozat?;Cs¢k Istv n;Pa l L szl¢;P¢r Bertalan;Sz‹nyi Istv n;A;KPZŠMëVSZET
Mi a neve a j¢ tanul¢nak Karinthy Tan r £r k‚rem c¡mû mûv‚ben?;Wasserkopf;Fr”hlich;Steinmann;Bauer;C;IRODALOM
Mit neveznek a Kecskem‚t k”rny‚ki nyelvj r sban garab¢nak?;egy t‚li pul¢vert;egy fles kosarat;a g¢ly t;a j¢l tanul¢ di kot;B;NYELV
"Mit jelent az im t lez r¢ "" men"" sz¢?";v‚ge;az érhoz;mind”r”kk‚;£gy legyen;D;NYELV
A KRESZ szerint mekkora sebess‚ggel k”zlekedhet a seg‚dmotoros ker‚kp r a ker‚kp r£ton?;legfeljebb 15 km/¢ra;legfeljebb 30 km/¢ra;legfeljebb 20 km/¢ra;legfeljebb 10 km/¢ra;C;µLTALµNOS
Melyik orsz gnak van a legt”bb szomsz‚dja?;Oroszorsz g;K¡na;Szud n;Braz¡lia;A;ORSZµGOK
Az al bbiak k”zl melyik a helytelen ¡r sm¢d?;d¡szsz zad;nagygyûl‚s;kulcscsont;‚szszerû;D;NYELV
A Monty Python-csoport mely tagja kalauzolta az RTL Klub n‚z‹it a vil g k”rl?;Eric Idle;John Cleese;Michael Palin;Terry Gilliam;C;µLTALµNOS
Milyen miniszter volt az id‹sebb ‚s az ifjabb Andr ssy Gyula is?;hadgy;klgy;belgy;p‚nzgy;B;T™RTNELEM
Mi volt Tajvan kor bbi neve?;Burma;Ceylon;Szi m;Formosa;D;ORSZµGOK
Melyik mû ¡r¢j nak tisztelet‚re alkott k meg a pal¢clevest?;Aranykopors¢;Rokonok;Gavall‚rok;Macskaj t‚k;C;IRODALOM
Ki nem kapott egyik alak¡t s ‚rt sem Oscar-d¡jat az al bbi sz¡n‚szn‹k k”zl?;Greta Garbo;Audrey Hepburn;Olivia de Havilland;Bette Davis;A;FILM
Kinek a k‚pe l that¢ a magyar k rtya z”ld als¢j n?;Rudenz Ulrich;Reding Itell;Frst Walter;Harras Rudolf;C;JµTK
Melyik rockzen‚sz kapta 2000-ben a legt”bb Grammy-d¡jat?;Phil Collins;Stevie Wonder;Carlos Santana;Eric Clapton;C;ZENE
"Melyik magyar egyttes nagylemeze volt a ""Zeneg‚p""?";Fonogr f;Gener l;Karthago;Corvina;B;ZENE
Ki fedezte fel a penicilint?;Sir Alexander Fleming;Paul Ehrlich;Howard Temin;Robert Koch;A;BIOLàGIA
A kaka¢ melyik rokon t haszn lj k dit‹ital gy rt s ra?;a gy”mb‚rt;a k¢ladi¢t;a kokacserj‚t;a kinint;B;KONYHA
Ki tervezte az aut¢gy rt sban el‹sz”r alkalmazott fut¢szalagrendszert?;Galamb J¢zsef;Henry Ford;B¡r¢ L szl¢;Louis Renault;A;TECHNIKA
Melyik Walt Disney-rajzfilmhez kompon lt dalokat Elton John?;Pocahontas;Oroszl nkir ly;Herkules;Aladdin;B;FILM
Hogy nevezik a zsid¢ h£sv‚tot?;Peszah;Purim;Jom kippur;macesz;A;VALLµS
Kit vagy kiket v‚delmezett a h‚t mesterl”v‚sz az azonos c¡mû klasszikus westernfilmben?;az amerikai eln”k”t;egy mexik¢i falut;olsz maffioz¢kat;egy apacs t”rzset;B;FILM
Kir‹l kapt k nevket a szovjet Tupoljev t¡pus£ repl‹g‚pek?;egy ‚lmunk s szerel‹r‹l;az els‹ pil¢t r¢l;a tervez‹iroda vezet‹j‚r‹l;a gy r igazgat¢j r¢l;C;TECHNIKA
"Mit jelent magyarul a ""Gaudeamus"", a ballag si ‚nek c¡me?";Keljnk £tra!;V¡gadjunk!;B£cs£zzunk el!;ljnk a m nak!;B;NYELV
Az al bbi musicalek k”zl melyiket kompon lta utolj ra Andrew Lloyd Webber?;Macsk k;Evita;J‚zus Krisztus Szuperszt r;Az Operah z fantomja;D;ZENE
Hol tal lhat¢ a Balaton M£zeum?;Keszthely;Si¢fok;Balatonfred;Fony¢d;A;MAGYARORSZµG
Hogyan ¡rjuk helyesen nagy dr ma¡r¢nk raggal ell tott nev‚t?;Mad cscsal;Mad ccsal;Mad chcsal;Mad ch-csal;C;NYELV
Mi a teljes¡tm‚ny SI m‚rt‚kegys‚ge?;joule;watt;l¢er‹;newton;B;TUDOMµNY
Melyik testr‚sznk csontja a singcsont?;a kopony ‚;az alkar‚;a t”rzs‚;a l bsz r‚;B;BIOLàGIA
Milyen sz¡nû trik¢t visel a szakasz-gy‹ztes a Tour de France ker‚kp rversenyen?;k‚k;lila;piros;s rga;D;SPORT
Mi Firenze foly¢ja?;Arno;Adige;P¢;Reno;A;F™LDRAJZ
"""Isa por ‚s homu vogymuk.""-mondja a Halotti besz‚d. Mit jelentett a XII. sz zadban az ""isa"" sz¢?";lehet;hiszen;csak;bizony;D;NYELV
Melyik  llat lehet kilenc”ves?;tatu;hangy sz;med£za;tekn‹s;A;BIOLàGIA
Melyik h¢napban van a F”ld legk”zelebb a Naphoz?;janu r;m rcius;j£lius;szeptember;A;TUDOMµNY
Mi volt a Rigoletto c¡mû opera alapj ul szolg l¢ sz¡nmû c¡me?;A herceg szerelmes;A bolond le nya;A kir ly mulat;A b‚rgyilkos vallom sa;C;OPERA
Melyik v rosunkban l that¢ a Ferenczy-mûv‚szcsal d m£zeuma?;V cott;Gy‹r”tt;Szentendr‚n;P‚csett;C;MAGYARORSZµG
Melyik megy‚nkben van a Szelidi-t¢?;B‚k‚s megy‚ben;B cs-Kiskun megy‚ben;Baranya megy‚ben;Csongr d megy‚ben;B;F™LDRAJZ
Kit‹l ered a Tûzf”ld elnevez‚se?;Magell nt¢l;Kolumbuszt¢l;Pizarr¢t¢l;Toscanellit‹l;A;T™RTNELEM
Melyik  llattal  ll szoros rokons gban a vidra?;f¢ka;meny‚t;patk ny;hidra;B;BIOLàGIA
"Ki ¡rta a ""Befejezetlen szimf¢ni ""-t?";Brahms;Mendelssohn;Schubert;Schumann;C;OPERA
Melyik  llatnak van cs pr g¢ja?;a szitak”t‹nek;a tarisznyar knak;a pontytetûnek;a p¢knak;D;BIOLàGIA
Hol ‚l a varacskos diszn¢?;faod£kban;f”ld alatti lyukakban;s rb¢l tapasztott vackokban;d£s aljn”v‚nyzetben;B;BIOLàGIA
Ki tal lta fel a h¡rhedt kiv‚gz‹eszk”zt, a guillotine-t?;egy h¢h‚r;egy borb‚ly;egy orvos;egy francia lovag;C;TECHNIKA
Melyik  llat WWF (Vadv‚delmi vil galap¡tv ny) c¡mer llata?;koala;¢ri spanda;oroszl n;kenguru;B;BIOLàGIA
Mikor jelent be egy k rtyaj t‚kos renonszot?;ha megnyerte a j t‚kot;ha emeli a t‚tet;ha szab lytalans g t”rt‚nt;ha viszi az els‹ t‚st;C;JµTK
Mi a r”vid¡t‚se a Nemzetk”zi Munkagyi Szervezetnek?;WHO;WIO;ILO;ITO;C;µLTALµNOS
Melyik v rosban j tsz¢dik a Kabar‚ c¡mû musical?;R¢m ban;P rizsban;B‚csben;Berlinben;D;ZENE
Melyik rockzen‚sz nem volt soha tagja a Locomot¡v GT-nek?;Barta Tam s;Frenreisz K roly;Kar csony J nos;T trai Tibor;D;ZENE
Melyik sz¢ elv laszt sa helytelen?;dzs”r-z‚-szok-nya;bo-dza-bo-kor;fut-ball-ed-z‹;be-ton-dzsun-gel;C;NYELV
Ki a f‹h‹se A vil g nem el‚g c¡mû 1999-ben k‚szlt filmnek?;Sherlock Holmes;Batman;Superman;James Bond;D;FILM
H ny feles‚g‚t v‚geztette ki VIII. Henrik angol kir ly?;nyolcat;hatot;n‚gyet;kett‹t;D;T™RTNELEM
Melyik foly¢ partj n fekszik Kolozsv r?;Kkll‹;Szamos;Fekete-K”r”s;Maros;B;F™LDRAJZ
Hogy h¡vj k a moszatok ‚s a gomb k hasznos egytt‚l‚s‚b‹l l‚trej”v‹ n”v‚nyi telepet?;zuzm¢;p fr ny;moha;alga;A;BIOLàGIA
Az al bbiak k”zl melyik 3/4 temû?;tang¢;polka;menett;k nk n;C;OPERA
Ki a p ciense a Marlon Brando alak¡totta pszichi ternek az 1995-”s romantikus v¡gj t‚kban?;Casanova;Don Quijote;Don Juan deMarco;Lope de Vega;C;FILM
Melyik magyar hegys‚g legmagasabb pontja a Cs¢v nyos?;Mecsek;Cserh t;Bkk;B”rzs”ny;D;F™LDRAJZ
"Kir‹l nevezt‚k el a szigor£ ¡t‚leteket ""dr k¢i ¡t‚letnek""?";egy sp rtai t bornokr¢l;egy r¢mai helytart¢r¢l;egy ath‚ni t”rv‚nyhoz¢r¢l;egy alexandriai tan rr¢l;C;T™RTNELEM
Melyik megy‚nkben van Egerv r nevû k”zs‚g?;J sz-Nagykun-Szolnok;Heves;Zala;Somogy;C;F™LDRAJZ
Melyik egyttes tagja volt Sting?;Kiss;Genesis;Yes;Police;D;ZENE
Kit tekintenek a jazzrock megteremt‹j‚nek?;Miles Davist;Gil Evanst;John McLaughlint;Chick Core t;A;ZENE
"Melyik oper ban hangzik fel a ""M‚reg ria""?";Bellini: Norma;Donizetti: Lammermoori Lucia;Ponchielli: Gioconda;Puccini: Boh‚m‚let;C;OPERA
Ki k”vette k”zvetlenl Szent L szl¢t a magyar tr¢non?;II. Andr s;K roly R¢bert;II. (Vak) B‚la;K”nyves K lm n;D;T™RTNELEM
Mi a r”vid¡t‚se az µltal nos V mtarifa- ‚s Kereskedelmi Egyezm‚nynek?;GCA;TMG;GATT;TAFC;C;µLTALµNOS
Ki kapta az irodalmi Nobel-d¡jat 1999-ben?;Robert Merle;Jose Saramago;Gnter Grass;Bohumil Hrabal;C;IRODALOM
A s”rgy rt s melyik szakasz t nevezik mal t z snak?;a s”r‚leszt‚st;a s”rhût‚st;az  rpacs¡r ztat st;a s”rf‹z‚st;C;µLTALµNOS
Az al bbi filmek k”zl melyikben nem j tszott Latinovits Zolt n?;Az aranyember;Egri csillagok;Egy magyar n bob;A k‹sz¡vû ember fiai;D;FILM
Hol van Zr¡nyi ‚s Frangep n Madar sz Viktor festm‚ny‚n?;Szigetv r falain;a b‚cs£jhelyi b”rt”nben;vadkanvad szaton;a t”r”k t borban;B;KPZŠMëVSZET
Milyen t¡pus£ zen‚t j tszik az Animal Cannibals nevû egyttes?;acid;techno;rap;house;C;ZENE
Melyik v rosunkban  ll a G lyarabok Eml‚koszlopa?;Veszpr‚m;Moh cs;Szigetv r;Debrecen;D;MAGYARORSZµG
Mir‹l kapta nev‚t Az el tkozott part c¡mû Rejt‹-reg‚ny egyik f‹szerepl‹je?;a pofonjair¢l;a mosoly r¢l;bntetett el‹‚let‚r‹l;egy  llati testr‚szr‹l;D;IRODALOM
Az al bbiak k”zl melyik nem nemesg z?;radon;br¢m;argon;h‚lium;B;TUDOMµNY
Kinek a reg‚ny‚b‹l k‚sz¡tette F bri Zolt n Az ”t”dik pecs‚t c¡mû filmet?;Berkesi Andr s;Illy‚s Gyula;S nta Ferenc;F‚ja G‚za;C;IRODALOM
Melyik v rosban alap¡tott k az ENSZ-t?;San Francisc¢ban;Genfben;P rizsban;New Yorkban;A;ORSZµGOK
H ny k‚pvisel‹i hely van a magyar orsz ggyûl‚sben?;357;364;386;405;C;µLTALµNOS
Melyik magyar h¡ress‚g szletett Sz‹demeteren?;Ady Endre;K”lcsey Ferenc;Arany J nos;G rdonyi G‚za;B;IRODALOM
Melyik n‚pcsoportban voltak a l¢f‹k?;a rut‚nekn‚l;a kunokn l;a sz‚kelyekn‚l;a sok cokn l;C;T™RTNELEM
Melyik opera szerepl‹i Donna Anna, Donna Elvira ‚s Don Ottavio?;Don Carlos;Don Giovanni;Don Pasquale;Don Quijote;B;OPERA
Mit jelent a Vosztok ûrhaj¢ neve?;d‚l;v”r”s;csillag;kelet;D;NYELV
Hol tal lhat¢ a Nemzetk”zi Valutaalap (IMF) sz‚khelye?;Brsszel;Genf ;P rizs ;Washington;D;ORSZµGOK
Ki nem nyert olimpiai bajnoks got £sz sban?;Gyarmati Andrea;Egerszegi Krisztina;Sz‹ke Kat¢;Temes Judit;A;SPORT
Federico Fellini melyik filmj‚t nem d¡jazt k a legjobb klf”ldi filmnek j r¢ Oscar-d¡jjal?;Amarcord;Orsz g£ton;Az ‚des ‚let;8 ‚s f‚l;C;FILM
Milyen n‚ven lett sikeres dr ma¡r¢ Szathm ry J¢zsef?;Garay J nos;Csiky Gergely;Kisfaludy K roly;Szigligeti Ede;D;IRODALOM
Ki alkotta meg az elektrol¡zis t”rv‚nyeit?;James Joule;Louis Gay-Lussac;Humphry Davy;Michael Faraday;D;TUDOMµNY
Minek a feltal l s t tulajdon¡tj k P‚rignon francia szerzetesnek?;a burgundi bor;a must r;a pezsg‹;a trappista sajt;C;KONYHA
Kik laktak a Potala palot ban?;a jap n cs sz rok;az egyiptomi f‹papok;a dalai l m k;az inka uralkod¢k;C;T™RTNELEM
"Melyik h¡res sportol¢n‹nk ¡rt k”nyvet ""S¡rni csak a gy‹zteseknek szabad"" c¡mmel?";Egerszegi Krisztina;Elek Ilona;Sz‚kely va;Gyarmati Andrea;C;SPORT
Milyen italr¢l ¡rt kant t t J. S. Bach?;k v‚;tea;bor;s”r;A;OPERA
Melyik sz¡n‚szn‹nk kezdte p lyafut s t gyermeksz¡n‚szk‚nt?;Kar dy Katalin;Gobbi Hilda;Ruttkai va;Tolnay Kl ri;C;SZÖNHµZ
Milyen p linka a rom n eredetû cujka?;szilva;barack;bor¢ka;eper;A;KONYHA
Kinek a vers‚b‹l szletett Beethoven ™r”m¢d ja?;Dante;Schiller;Horatius;Sheiley;B;OPERA
Melyik amerikai eln”k kldte vissza a magyar koron t?;Gerald Ford;Jimmy Carter;George Bush;Ronald Reagan;B;T™RTNELEM
Melyik Pest megye legn‚pesebb v rosa?;V c;Szentendre;rd;Cegl‚d;C;MAGYARORSZµG
Melyik orsz g nem tagja a NATO-nak?;Lengyelorsz g;Izland;Örorsz g;Portug lia;C;µLTALµNOS
Mi volt az eredeti neve Honthy Hann nak, a legend s operettprimadonn nak?;Honti Hajnalka;Horv th Anna;Hgel Hajnalka;Hagler Anna;C;OPERA
Ki ¡rt oper t Jancsi ‚s Juliska t”rt‚net‚b‹l?;Pjotr Iljics Csajkovszkij;Giacomo Meyerbeer;Engelbert Humperdinck;Gioacchino Rossini;C;OPERA
Melyik csata nem k”t‹dik Nagy S ndor nev‚hez?;Gaugam‚la;Szalamisz;Granikosz;Isszosz;B;T™RTNELEM
Mit f‹z”tt a h ziasszony, ha csir got k‚sz¡tett?;t‚szt t;sp rg t;artics¢k t;galambot;B;KONYHA
Ki volt Bill Clinton republik nus ellenl basa az 1996-os v laszt sokon?;Al Gore;Ross Perot;Robert Dole;Michael Dukakis;C;T™RTNELEM
Ki j tszotta Oroszl nsz¡vû Rich rd szerep‚t a Robin Hood, a tolvajok fejedelme c¡mû filmben?;Gregory Peck;Marlon Brando;Sean Connery;Jack Nicholson;C;FILM
Az al bbiak k”zl melyik bolyg¢nak nincsen holdja?;Mars;Jupiter;V‚nusz;Neptunusz;C;TUDOMµNY
Melyik testr‚sznkben tal lhat¢k csapok ‚s p lcik k?;a flben;a fogban;az orrban;a szemben;D;BIOLàGIA
Milyen szerepet j tszott Paul Newman a Butch Cassidy ‚s a Sundance k”ly”k c¡mû westernben?;marhap sztor;rabl¢t;seriffet;b rzongorist t;B;FILM
Mit jelent az improptu?;n‚gykezes zongoraj t‚k;zenei r”gt”nz‚s;viharos zenei el‹ad s;dalok gyûjtem‚nye;B;NYELV
Az al bbiak k”zl melyik elv laszt s helyes?;Sha-kes-pe-are;Sha-ke-spe-a-re;Shake-speare;Shakes-peare;D;NYELV
Melyik legend s egyttesnek volt ‚nekese Horv th Charlie?;Kor l;Gener l;Omega;Piramis;B;ZENE
Melyik k rtyaj t‚kb¢l fejl‹d”tt ki a bridzs?;r”mi;whist;p¢ker;sikan‹z;B;JµTK
Hogyan utaznak a vil g kl”nb”z‹ pontjain az jszaka a F”ld”n c¡mû film h‹sei?;villamoson;vonaton;taxival;metr¢n;C;FILM
Melyik orsz g fekszik a legk”zelebb a D‚li-sarkhoz?;D‚l-afrikai K”zt rsas g;Chile;Argent¡na;éj-Z‚land;B;F™LDRAJZ
Melyik nem feh‚rborsz‹l‹-fajta az al bbiak k”zl?;le nyka;oport¢;rizlingszilv ni;k‚knyelû;B;KONYHA
Milyen ember szerepel Musil h¡res reg‚ny‚nek c¡m‚ben?;arc n‚lkli;m£lt n‚lkli;hit n‚lkli;tulajdons gok n‚lkli;D;IRODALOM
Ki ¡rt orat¢riumot Szent Erzs‚betr‹l?;J. S. Bach;Liszt Ferenc;Brahms;Handel;B;OPERA
Melyik a helyes ¡r sm¢d, ha a forr¢ vizet szolg ltat¢ csapr¢l k”zlnk valamit?;meleg v¡zcsap;melegv¡z-csap;melegv¡zcsap;melegv¡z csap;B;NYELV
Mi a kapcsolat Haj¢s Alfr‚d ‚s a r¢la elnevezett margitszigeti sportuszoda ‚plete k”z”tt?;itt k‚szlt az olimpi ra;‹ tervezte;itt £szott vil gcs£csot;itt volt edz‹;B;µLTALµNOS
"Ki vagy mi volt a ""r¢zsasz¡n p rduc"" az azonos c¡mû filmv¡gj t‚kban?";a felgyel‹ fed‹neve;egy gy‚m nt;egy t ncosn‹ macsk ja;a bûn”z‹ neve;B;FILM
Mi az elektromos vezet‹k‚pess‚g SI-m‚rt‚kegys‚ge?;farad;siemens;henry;coulomb;B;TUDOMµNY
Mi volt M t‚ evang‚lista eredeti foglalkoz sa?;v mszed‹;hal sz;tan¡t¢; cs;A;VALLµS
Ki j tszotta Stanley Kubrick Ragyog s c¡mû filmj‚nek f‹szerep‚t?;Anthony Hopkins;Jack Nicholson;Anthony Perkins;Al Pacino;B;FILM
Ki volt µrp d-h zi Szent Margit apja?;Szent Istv n;IV. B‚la;II. Andr s;Szent L szl¢;B;T™RTNELEM
Mi volt a mai Portug lia terlet‚n fekv‹ r¢mai tartom ny latin neve?;Lut‚cia;Caledonia;Lusitania;Hebrida;C;T™RTNELEM
Melyik dinasztia tagja volt a tragikus sors£ utols¢ c r, II. Mikl¢s?;Alekszandrov;Godunov;Romanov;Ivanov;C;T™RTNELEM
Ki volt az osztr k uralkod¢ 1703-ban, a R k¢czi-szabads gharc kit”r‚sekor?;M ria Ter‚zia;II. J¢zsef;IV. K roly;I. Lip¢t;D;T™RTNELEM
Milyen c‚llal ‚p¡tette egy indiai uralkod¢ a Tadzs Mahalt a 17. sz zadban?;lak¢‚plet c‚lj b¢l;feles‚ge s¡reml‚k‚l;vall si szent‚lynek;katonai er‹dnek;B;T™RTNELEM
Mi a neve a f‹h‹s palot j nak Orson Welles Aranypolg r c¡mû klasszikus filmj‚ben?;Uruk;Tartarosz;Xanadu;T dzs Mahal;C;FILM
Kik ‚p¡tettek masztab kat?;az azt‚kok;az egyiptomiak;a perzs k;a vikingek;B;T™RTNELEM
Mit jelent Gandhi nev‚ben a Mah tma jelz‹?;b”lcs vez‚r;nagy l‚lek;a n‚p atyja;szel¡d f‚ny;B;µLTALµNOS
Melyik sport g kiv l¢s ga volt Varj£ Vilmos?;”k”lv¡v¢;s£lyl”k‚s;s£lyemel‚s;birk¢z s;B;SPORT
Hogy h¡vt k azt a sp rtai kir lyt, aki a Thermoplai-szorost v‚dte a perzs kkal szemben?;Miltiad‚sz;Menelaosz;Laert‚sz;Le¢nidasz;D;T™RTNELEM
Melyik nem Tam si µron reg‚ny‚nek c¡me?;µbel az orsz gban;µbel a rengetegben;µbel a nagyv rosban;µbel Amerik ban;C;IRODALOM
Melyik f‚m m sik neve a horgany?;cink;¢n;szil¡cium;kr¢m;A;TUDOMµNY
Ki j tszotta a f‹h‹st, K rp thy J nost az Egy magyar n bob c¡mû 1966-os filmben?;Sinkovits Imre;Bessenyei Ferenc;Latinovits Zolt n;Darvas Iv n;B;FILM
Melyik Verdi-opera j tsz¢dik Bostonban?;Az  larcosb l;A v‚gzet hatalma;Ernani;Traviata;A;OPERA
Melyik kereszt‚ny nnep idej‚n j tsz¢dik Mascagni Parasztbecslet c¡mû oper ja?;h£sv‚tkor;v¡zkeresztkor;pnk”sdkor;kar csonykor;A;OPERA
Hol j tsz¢dik Ottlik G‚za Iskola a hat ron c¡mû reg‚nye?;egy z rd ban;egy katonaiskol ban;egy oxfordi koll‚giumban;a debreceni l¡ceumban;B;IRODALOM
Kik tal lkoznak M.S. mester Visitatio c¡mû k‚p‚n?;M ty s ‚s Beatrix;M ria ‚s Erzs‚bet;J‚zus ‚s M ria Magdolna;II. Lajos ‚s Szapolyai J nos;B;KPZŠMëVSZET
Melyik legend s indi n t”rzsf‹n”k”t szem‚lyes¡tik meg a Buffalo Bill ‚s az indi nok c¡mû filmben?;Winnetou;V”r”s Felh‹;šl‹ Bika;Osceola;C;FILM
Ki j tszotta a Hatosfogat c¡mû klasszikus western f‹szerep‚t?;Steve Martin;John Wayne;Charles Bronson;Steve McQueen;B;FILM
Mi volt a neve az els‹ magyar filmst£di¢nak?;Hung ria;Ur nia;Hunnia;Pann¢nia;C;FILM
Hol gy‹zt‚k le a r¢maiak v‚gleg Hannib lt?;Mediolanumn l;Cannaen l;Tarentumn l;Z m n l;D;T™RTNELEM
Melyik zeneszerz‹ nem ¡rt soha oper t a felsoroltak k”zl?;Bizet;Bellini;Brahms;Beethoven;C;OPERA
Hol rendezt‚k az els‹ t‚li olimpi t 1924-ben?;Grenoble;St. Moritz;Lake Placid;Chamonix;D;SPORT
Az USA-n k¡vl hol adtak m‚g ki Fggetlens‚gi Nyilatkozatot?;Angli ban;Franciaorsz gban;Finnorsz gban;Magyarorsz gon;D;T™RTNELEM
Melyik t”rt‚nelmi szem‚lyt nevezt‚k kort rsai il Magnificonak?;Lorenzo de' Medicit;II. Viktor Em nuelt;Francesco Petrarc t;Giuseppe Verdit;A;T™RTNELEM
Melyik magyar opera dr mai r‚szlete a Tisza-parti jelenet?;Hunyadi L szl¢;A k‚kszak ll£ herceg v ra;B nk b n;Pom d‚ kir ly £j ruh ja;C;OPERA
Fellini melyik filmj‚ben nem j tszott f‹szerepet Marcello Mastroianni?;Az ‚des ‚let;Ginger ‚s Fred;Orsz g£ton;8 ‚s f‚l;C;FILM
Milyen nyelven ¡r¢dott az éjsz”vets‚g?;g”r”g;arab;latin;h‚ber;A;VALLµS
"Melyik brit egyttes lemezei a ""Romeo and Juliet"" ‚s a ""Sultans Of Swing""?";Genesis;Dire Straits;Yes;Pink Floyd;B;ZENE
Melyik komponista nem ¡rt zen‚t R¢me¢ ‚s J£lia szerelmi t”rt‚net‚re az al bbiak k”zl?;Csajkovszkij;Liszt Ferenc;Berlioz;Prokofjev;B;OPERA
Hol tekinthet‹ meg a Willendorfi V‚nusz?;P rizsban;New Yorkban;Berlinben;B‚csben;D;ORSZµGOK
Ki nem volt a h¡res Bronte-n‹v‚rek egyike?;Charlotte;Anne;Emily;Caroline;D;µLTALµNOS
Melyik filmmel kezd‹d”tt meg a magyar hangosfilm korszaka?;Lila  k c;A meseaut¢;A k‚k b lv ny;Hyppolit, a lak j;C;FILM
Az al bbi filmek k”zl melyiket nem Szab¢ Istv n rendezte?;Apa;µlmodoz sok kora;Szerelmesfilm;Boh¢c a falon;D;FILM
Melyik Shakespeare-h‹s hat rozza el a nyit¢monol¢gj ban, hogy gazember lesz?;Macbeth;Hamlet;III. Richard;Prospero;C;IRODALOM
Milyen b‚kek”t‚ssel z rult a harminc‚ves h bor£?;vasv ri;b‚csi;linzi;vesztf liai;D;T™RTNELEM
Kinek az erekly‚je a Szent Gr l a legenda szerint?;M¢zes;J‚zus;Szent Fl”p;M t‚ evang‚lista;B;VALLµS
Melyik  ll¡t s nem igaz a pelef‚l‚kre?;‚jszakai ‚letet ‚lnek;n‚melyik t‚li  lmot alszik;ragadoz¢k;a farkuk bozontos;C;BIOLàGIA
Ki ¡rta a B£cs£-szimf¢ni t?;Beethoven;Haydn;Schubert;Mendelssohn;B;OPERA
Melyik hangszerhez igazodnak a zen‚szek a zenekar hangol sakor?;fuvola;hegedû;klarin‚t;oboa;D;OPERA
Ki j tszotta Superman ellenfel‚t Richard Donner nagy sikerû filmj‚ben?;Danny De Vito;Jack Nicholson;Gene Hackman;Christopher Walken;C;FILM
Mit csin ltak a k”z‚pkori kolostorok lak¢i a dormit¢riumban?;‚tkeztek;aludtak;k¢dexet m soltak;bntet‚sket t”lt”tt‚k;B;T™RTNELEM
Ki minden id‹k legfiatalabb sakkvil gbajnoka?;Karpov;Szpasszkij;Kaszparov;Fischer;C;SPORT
Melyik  zsiai orsz got tartott k uralmuk alatt a v”r”s khmerek az 1970-es ‚vekben?;Thaif”ld;Kambodzsa;Vietnam;Laosz;B;T™RTNELEM
Melyik vil gh¡rû atl‚ta nyerte meg a t volugr s n‚gy egym st k”vet‹ olimpi n?;Bob Beamon;Viktor Szanyejev;Carl Lewis;Jesse Owens;C;SPORT
Kinek adja P risz Erisz aranyalm j t a mitol¢giai sz‚ps‚gverseny b¡r jak‚nt?;Aphrodit‚nek;Pallasz Ath‚n‚nek;H‚r nak;Hel‚n nak;A;VALLµS
Melyik egyesletben £szott Egerszegi Krisztina?;Bp. Spartacusban;Bp. Honv‚dban;éjpesti D¢zs ban;OTP-Sport Plussz SE-ben;A;SPORT
Melyik v runkban l that¢ a V”r”storony?;a s rospataki v rban;a sikl¢si v rban;az egri v rban;a budai v rban;A;MAGYARORSZµG
"Ki ¡rta a ""A tenger"" c¡mû h rom szimfonikus v zlatot?";Saint-Saens;Debussy;Ravel;Berlioz;B;OPERA
Melyik filmben nem j tszott Marlon Brando?;A v gy villamosa;Oroszl nk”lyk”k;Superman;Batman;D;FILM
Hol tal lhat¢ Magyarorsz gon l mpam£zeum?;M¢r;Tata;Zs mb‚k;Sopron;C;MAGYARORSZµG
Az al bbiak k”zl melyik Verdi-opera nem Shakespeare-dr ma alapj n k‚szlt?;Otello;Macbeth;Don Carlos;Falstaff;C;OPERA
Ki volt az a politikus, aki 1971-ben kiki ltotta Banglades fggetlens‚g‚t?;M¢r rdzsi D‚sz i;Ziaur Rahman;Mahmud Ullah;Mudzsibur Rahman;D;T™RTNELEM
Melyik v rosunkban tekinthet‹ meg a Pal¢c M£zeum?;Salg¢tarj nban;Egerben;Balassagyarmaton;P szt¢n;C;MAGYARORSZµG
Melyik ‚nekes aratta els‹ nagy sz¡n‚szi siker‚t A f‚lelem b‚re c¡mû filmben?;Charles Aznavour;Frank Sinatra;Elvis Presley;Yves Montand;D;FILM
Milyen ‚p¡t‚szeti st¡lusban ‚plt a budapesti Hal szb stya?;neog¢tikus;barokk;neorom n;klasszicista;C;PÖTSZET
Melyik orsz gban uralkodtak t”bb mint hatvan ‚vig a Somoza csal d tagjai?;Nicaragua;Panama;Argent¡na;Uruguay;A;T™RTNELEM
Ki volt az Egyeslt µllamok eln”ke az ™b”l-h bor£ idej‚n?;Ronald Reagan;George Bush;Bill Clinton;Jimmy Carter;B;T™RTNELEM
Melyik f”ldr‚szen honos a mos¢medve?;Afrika;µzsia;Amerika;Ausztr lia;C;BIOLàGIA
Ki volt Lehel vez‚r t rsa az elbukott augsburgi csat ban?;B cs;Baj n;Bulcs£;Ber‚ny;C;T™RTNELEM
"Ki ¡rt szimf¢ni t ""A medve"" illetve ""A ty£k"" mell‚kn‚ven?";Beethoven;Csajkovszkij;Haydn;Brahms;C;OPERA
Ki az egykori Beatles-egyttes legfiatalabb tagja?;Paul McCartney;George Harrison;John Lennon;Ringo Starr;B;ZENE
A KRESZ szerint melyik esetben szabad szem‚lyg‚pkocsival meg llni?;parkol¢¢r n l fizet‚s n‚lkl;bel thatatlan £tkanyarulatban;alag£t kij rat n l;kijel”lt gyalogos- tkel‹helyen;A;µLTALµNOS
H ny filmben szem‚lyes¡tette meg Rocky Balbo t Sylvester Stallone?;egy;h rom;”t;kilenc;C;FILM
Melyik ‚vben alakult meg Izrael?;1948-ban;1954-ben;1949-ben;1946-ban;A;T™RTNELEM
"Melyik oper ban ‚nekli Plumkett a ""s”rdalt""?";Weber: A bûv”s vad sz;Lortzing: A fegyverkov cs;Beethoven: Fidelio;Flotow: M rta;D;OPERA
Ki nem volt az aradi v‚rtanuk egyike?;Dessewffy Arisztid;Schweidel J¢zsef;Dembinszky Henrik;Knezich K roly;C;T™RTNELEM
Ki rendezte a Csontv ry c¡mû filmet?;Jancs¢ Mikl¢s;Husz rik Zolt n;Berem‚nyi G‚za;Szab¢ Istv n;B;FILM
Kik ettek el‹sz”r paradicsomot?;az ink k;a k¡naiak;az indiaiak;a t”r”k”k;A;KONYHA
Ki j tszotta az s akkor a pasas? c¡mû magyar film f‹szerep‚t?;B sti Lajos;Latab r K lm n;Sinkovits Imre;G bor Mikl¢s;C;FILM
Az al bbiak k”zl melyik nem r‚zf£v¢s hangszer?;harsona;trombita;tuba;szaxofon;D;OPERA
Mi volt Vajda J nos m£zs j nak, Gin nak a foglalkoz sa?;gordonkamûv‚sz;cirkuszi mûlovarn‹; pol¢n‹;franciatan rn‹;B;IRODALOM
Milyen nemzetis‚gû volt U Thant, az ENSZ egykori f‹titk ra?;kambodzsai;koreai;burmai;pakiszt ni;C;T™RTNELEM
Kit lesett meg frd‹z‚s k”zben D vid a palot ja tetej‚r‹l a Biblia szerint?;Juditot;Zsuzsann t;R chelt;Betsab‚t;D;VALLµS
Milyen nemzetis‚gû volt a neves operaszerz‹ Giacomo Meyerbeer?;n‚met;olasz;angol;osztr k;A;OPERA
Melyik csillag sz ismerte fel a bolyg¢k mozg s nak t”rv‚nyeit?;Kepler;Galilei;Lowell;Kopernikusz;A;TUDOMµNY
Melyik nagy foly¢nk hat rolja az Orm ns got?;Duna;R ba;Dr va;Mura;C;F™LDRAJZ
Mi a f‚ny ram SI-m‚rt‚kegys‚ge?;candela;lumen;lux;farad;B;TUDOMµNY
Melyik h¡res ¡r¢n‹ eredeti neve Aurore Dupin?;Simone de Beauvoir;George Sand;Selma Lagerl”f;Sylvia Plath;B;IRODALOM
Melyik egyetemen tan¡tott 1508-t¢l Luther M rton?;wartburgi;wittenbergi;heidelbergi;strassburgi;B;T™RTNELEM
Ki volt Nagy-Britannia minisztereln”ke Szt lin 1953-ban bek”vetkezett hal lakor?;Clement Attlee;Sir Winston Churchill;Harold Wilson;Sir Anthony Eden;B;T™RTNELEM
Az al bbi filmek k”zl melyikben j tszott egytt Alain Delon ‚s Jean-Paul Belmondo?;Rocco ‚s fiv‚rei;Borsalino;A szamur j;A ri¢i kaland;B;FILM
Ki j tszotta Mike Nichols Diploma el‹tt c¡mû filmj‚ben az a fiatalembert, akit Mrs. Robinson elcs b¡tott?;Woody Allen;Dustin Hoffman;Robert Redford;Omar Sharif;B;FILM
Mi az a favella?;kezdetleges ev‹eszk”z;modern t rsast nc;mexik¢i ‚tel;visk¢ D‚l-Amerik ban;D;NYELV
Melyik filmj‚t k‚sz¡tette Milos Forman azt k”vet‹en, hogy Csehszlov ki b¢l emigrl lt?;Tûz van, bab m!;Fekete P‚ter;Amadeus;Egy sz”szi szerelme;C;FILM
Melyik amerikai ¡r¢ volt Marilyn Monroe m sodik f‚rje?;Tennesse Williams;Ernest Hemingway;Arthur Miller;Joseph Heller;C;FILM
Melyik v¡v¢nk nem kardv¡v sban szerzett olimpiai arany‚rmet?;P‚zsa Tibor;Fenyvesi Csaba;K rp ti Rudolf;Kabos Endre;B;SPORT
Ki Akhilleusz anyja a g”r”g mitol¢gi ban?;H‚ra;Andromakh‚;Iphig‚nia;Thetisz;D;VALLµS
Ki ellen k”vetett el mer‚nyletet Z ch Felici n?;Nagy Lajos;K roly R¢bert;Zsigmond;II. Andr s;B;T™RTNELEM
Melyik labdar£g¢ lett el‹sz”r aranylabd s?;Alfredo di Stefano;Stanley Matthews;Luis Suarez;Josef Masopust;B;SPORT
Melyik v rosban halt meg Bart¢k B‚la?;New York;Budapest;Boston;Basel;A;OPERA
Melyik v ros szl”tte ‚s sz mûz”tte volt Dante?;Firenze;Padova;Verona;Ravenna;A;IRODALOM
Milyen sporteszk”z a tobog n?;sz n;vitorl s haj¢;agyaggalamb;v¡v¢sisak;A;SPORT
Melyik n‚p  llamalap¡t¢ja I. Mieszko fejedelem?;morva;szerb;lengyel;litv n;C;T™RTNELEM
Melyik megy‚nkben tal lhat¢ Zala k”zs‚g?;Zala megy‚ben;Somogy megy‚ben;Heves megy‚ben;Vas megy‚ben;B;F™LDRAJZ
Melyik feltal l¢ vett r‚szt az Amerikai Fggetlens‚gi Nyilatkozat megfogalmaz s ban?;Robert Fulton;James Watt;Benjamin Franklin;Samuel Morse;C;T™RTNELEM
Hol halt meg Hunyadi M ty s magyar kir ly?;Visegr don;Bud n;B‚csben;Galamb¢con;C;T™RTNELEM
Kir‹l nevezt‚k el a teddybear-t, azaz a teddy mack¢kat?;egy vadnyugati h‹sr‹l;egy  llatv‚d‹r‹l;egy j t‚kgy rosr¢l;egy amerikai eln”kr‹l;D;µLTALµNOS
Mir‹l kapta nev‚t a k”nnyû v”r”sborfajta, a chianti?;egy toscanai doms gr¢l;egy szic¡liai hegyr‹l;egy korzikai s¡ks gr¢l;egy lombardiai foly¢r¢l;A;KONYHA
Melyik rendez‹ k‚sz¡tett filmet a v‚rsz¡v¢ Drakul r¢l?;Francis Coppola;George Lucas;Steven Spielberg;Martin Scorsese;A;FILM
Ki a szerz‹je az ut¢bbi ‚vek egyik legsikeresebb magyar reg‚ny‚nek, a Jadviga p rn j nak?;V mos Mikl¢s;N das P‚ter;Esterh zy P‚ter;Z vada P l;D;IRODALOM
Ki volt az els‹ csan di psp”k?;Bak¢cz Tam s;Vit‚z J nos;Szent Vencel;Szent Gell‚rt;D;T™RTNELEM
Melyik isten tisztelet‚re el‹adott szertart sokb¢l alakult ki az ¢kori g”r”g sz¡nj tsz s?;Dionszosz;Poszeidon;Herm‚sz;H d‚sz;A;T™RTNELEM
Melyik bibliai szem‚llyel hozhat¢ kapcsolatba Putif rn‚?;D vid;J¢zsef;M¢zes;S mson;B;VALLµS
Ki gy£jtotta meg az olimpiai l ngot Sydneyben?;Marion Jones;Cathy Freeman;Susan O'Neill;Ian Thorpe;B;SPORT
Melyik kir lyunk l nya volt µrp d-h zi Szent Erzs‚bet?;II. Andr s;Szent L szl¢;IV. B‚la;Szent Istv n;A;T™RTNELEM
Melyik gym”lcs nem a szilva rokona?;mandula;‹szibarack;meggy;di¢;D;BIOLàGIA
Mozart melyik mûv‚b‹l rendezett filmet Ingmar Bergman?;Sz”ktet‚s a szer jb¢l;Don Giovanni;A var zsfuvola;Figaro h zass ga;C;FILM
Milyen sz rmaz s£ volt a h¡res ¡r¢, Gorge Bernard Shaw?;¡r;sk¢t;walesi;angol;A;IRODALOM
Ki pillantotta meg els‹ eur¢paik‚nt a Csendes-¢ce nt?;Magell n;Balboa;Bartolomeo Diaz;James Cook;B;T™RTNELEM
Milyen j rmû a c¡mszerepl‹je Buster Keaton A gener lis c¡mû filmj‚nek?;g‹zhaj¢;repl‹g‚p;mozdony;tengeralattj r¢;C;FILM
Ki volt az a n‚met cs sz r, aki 1122-ben a wormsi konkord tumban megegyezett a p p val?;III. Henrik;III. Konr d;V. Henrik;II. Frigyes;C;T™RTNELEM
Kik voltak a danaid k a g”r”g mitol¢gi ban?;a sors istenn‹i;f‚rjgyilkos asszonyok;Zeusz t”rv‚nytelen l nyai;tengeri tnd‚rek;B;VALLµS
"Melyik egyttes nagylemezei voltak a ""Vissza a v rosba"" ‚s az ""éton a F”ld fel‚""?";Skorpi¢;Mini;Karthago;LGT;B;ZENE
"Melyik k”lt‹nek  ll¡tott eml‚ket a ""Ki l tott engem?"" c¡mû magyar film?";Ady Endre;Radn¢ti Mikl¢s;J¢zsef Attila;Pet‹fi S ndor;A;FILM
Melyik magyar fest‹ volt b r¢?;M nyoki µd m;Bencz£r Gyula;Ferenczy K roly;Medny nszky L szl¢;D;KPZŠMëVSZET
Mir‹l volt nevezetes a spanyolorsz gi Toledo v rosa?;fegyverk‚sz¡t‹ir‹l;agyagmûveseir‹l;csodatev‹ forr s r¢l;l¢telep‚r‹l;A;ORSZµGOK
Milyen  llat a szipoly?;k rtev‹ bog r;mocs ri bolha;tavaszi sz£nyog;barlangi denev‚r;A;BIOLàGIA
Melyik anyag nem n”v‚nyi eredetû?;gyanta;t”mj‚n;m‚zga;zselatin;D;BIOLàGIA
Hol hunyt el a n‚pszerû komikus, Kabos Gyula?;Los Angeles;New Yorkban;Zrichben;Londonban;B;FILM
Ki Julia Roberts partnere A mexik¢i c¡mû filmben?;Brad Pitt;Antonio Banderas;Tom Cruise;Richard Gere;A;FILM
Mi a c¡me Berem‚nyi G‚za 1988-ban rendezett filmj‚nek?;Atlantisz;Eldor d¢;Valpurgis;Olmposz;B;FILM
Mi a c¡me Charlie Chaplin utols¢ filmj‚nek?;A hongkongi gr¢fn‹;Egy kir ly New Yorkban;Rivaldaf‚ny;Cirkusz;A;FILM
Melyik mesefigur r¢l ¡rt oper t Rossini?;H¢feh‚rke;Piroska;A kis hable ny;Hamupip‹ke;D;OPERA
Hol tal lhat¢ haz nk magass gm‚r‚si alappontja?;Zsad ny;Nadap;Pusztavacs;K‚kestet‹;B;F™LDRAJZ
Melyik oper ban csendl fel Olympia  ri ja?;Puccini: Turandot;Weber: A bûv”s vad sz;Offenbach: Hoffmann mes‚i;Beethoven: Fidelio;C;OPERA
Melyik v rosban rendezik meg minden ‚v janu rj ban az ausztr l nemzetk”zi teniszbajnoks got?;Sydneyben;Melbourne-ben;Canberr ban;Adelaide-ben;B;SPORT
"""Bovaryn‚ ‚n vagyok!"" Ki tette  ll¡t¢lag ezt a kijelent‚st?";Balzac;Stendhal;Zola;Flaubert;D;IRODALOM
Kit neveztek dagadtl b£nak a g”r”g mitol¢gi ban?;Odsszeuszt;Oidipuszt;Akhilleuszt;P nt;B;VALLµS
Melyik operettben szerepel Ad‚l, a szobal ny?;K lm n Imre: A cs rd skir lyn‹;Leh r Ferenc: A mosoly orsz ga;ifj. Johann Strauss: A denev‚r;Huszka Jen‹: Bob herceg;C;OPERA
Az al bbiak k”zl melyik tudom ny gban nem osztanak ki Nobel-d¡jat?;fizika;k‚mia;matematika;orvostudom ny;C;TUDOMµNY
Melyik J¢kai-reg‚nyb‹l nem V rkonyi Zolt n rendezett filmet?;Fekete gy‚m ntok;A k‹sz¡vû ember fiai;Szeg‚ny gazdagok;Egy magyar n bob;C;FILM
A bikaviadalon a matador melyik kell‚k‚t nevezik mul‚t nak?;a v”r”s kend‹j‚t;a ruh j t;a t‹r‚t;a kardj t;A;µLTALµNOS
Milyen p ly n j tszanak a wimbledoni nemzetk”zi teniszbajnoks gon?;salak;mûanyag bor¡t s£;fves;bitumen;C;SPORT
Ki a kedvese Gyulai M rtonnak a n‚pballad ban?;Kund Abig‚l;Dalos Eszti;K d r Kata;Sz‹ke Panni;C;IRODALOM
Az al bbi sportol¢k k”zl melyik nem ”ttus ban nyert olimpiai arany‚rmet?;N‚meth Ferenc;T”r”k Gyula;Martinek J nos;Balcz¢ Andr s;B;SPORT
Milyen sz rmaz s£ a vil gh¡rû opera‚nekes, Pl cido Domingo?;portug l;brazil;spanyol;olasz;C;OPERA
Melyik sz¡nh z egyik alap¡t¢ tagja volt Jord n Tam s sz¡n‚sz?;Radn¢ti Sz¡nh z;Merlin Sz¡nh z;Kom‚dium Sz¡nh z;Katona J¢zsef Sz¡nh z;B;SZÖNHµZ
Melyik r¢mai cs sz r enged‚lyezte a kereszt‚ny vall s szabad gyakorl s t?;Marcus Aurelius;Diocletianus;Vespasianus;Constantinus;D;T™RTNELEM
"Ki hallja a n‹k gondolatait a ""Mi kell a n‹nek?"" c¡mû film f‹szerepl‹jek‚nt?";Mel Gibson;Jack Nicholson;Brad Pitt;Danny DeVito;A;FILM
Melyik mad r r‚gies neve a filom‚la?;galamb;g¢lya;csalog ny;k¢csag;C;NYELV
Melyik olimpi n szerzett bronz‚rmet Kok¢ ”k”lv¡v sban?;Barcelona 1992;Sz”ul 1988;Sydney 2000;Atlanta 1996;A;SPORT
Mit hozott l‚tre Tessedik S muel Szarvason?;vadrezerv tumot;tan¡t¢k‚pz‹ egyetemet;doh nygy rat;mez‹gazdas gi iskol t;D;MAGYARORSZµG
Milyen  llat Csucsundra A dzsungel k”nyv‚ben?;hi‚na;v¡zisikl¢;majom;p‚zsmapatk ny;D;IRODALOM
Melyik sport g nem szerepel a triatlonban?;£sz s;fut s;ker‚kp roz s;l”v‚szet;D;SPORT
Ki rendezte az Emberek a havason c¡mû filmet?;F bri Zolt n;B n Frigyes;R‚v‚sz Gy”rgy;Sz‹ts Istv n;D;FILM
Melyik mad r tartozik a papag jalak£ak k”z‚ az al bbiak k”zl?;k¢csag;kan ri;kakadu;kenderike;C;BIOLàGIA
Melyik labdar£g¢csapat nem nyert m‚g magyar bajnoks got?;Gy‹ri ETO;V c;Videoton;Dunaferr;C;SPORT
Melyikr‹l kapta nev‚t a kardig n?;egy norv‚g sz¡n‚szr‹l;egy angol nemesr‹l;egy sk¢t sz”vetfajt r¢l;egy ¡r birkafajt r¢l;B;NYELV
Ki volt Polph‚mosz?;egyszemû ¢ri s;mil‚toszi filoz¢fus;kr‚tai kir ly;tr¢jai h‹s;A;VALLµS
Kiket neveztek br v¢knak a XVIII. sz zadi It li ban?;arisztokrata tiszteket;a fejedelmek fiait;a b‚rgyilkosokat;a p pa k”veteit;C;T™RTNELEM
Mi volt a F”ldet el‹sz”r k”rbeutaz¢ haj¢ neve?;Pinta;Argo;Victoria;Trinidad;C;T™RTNELEM
Melyik ‚nekes eredeti neve Thomas Woodward?;Ozzy Osborne;Tom Jones;Tom Petty;Tom Waits;B;ZENE
Ki alkotta meg Etelka nevnket?;Dugonics Andr s;J¢kai M¢r;V”r”smarty Mih ly;Arany J nos;A;IRODALOM
Ki kelti ‚letre a filmv sznon Lara Croftot, a vil gh¡rû sz m¡t¢g‚pes j t‚kok h‹sn‹j‚t?;Denise Richards;Angelina Jolie;Jennifer Lopez;Sandra Bullock;B;FILM
Hogyan szletett a mitol¢gia szerint Aphrodit‚?;a tenger habjaib¢l;egy hatty£toj sb¢l;a Nap sugaraib¢l;egy almamagb¢l;A;VALLµS
Milyen ‚p¡t‚szeti st¡lusban ‚plt a budapesti Operah z?;klasszicista;neorenesz nsz;neobarokk;neog¢tikus;B;PÖTSZET
Melyik n”v‚ny rokonai a c‚drusok?;v”r”sfeny‹;kocs nyos t”lgy;bkk;szel¡dgesztenye;A;BIOLàGIA
Melyik Mozart-oper ban szerepel Az j kir lyn‹je?;Figaro h zass ga;Sz”ktet‚s a szer jb¢l;A var zsfuvola;Don Giovanni;C;OPERA
Hol tal lhat¢ egy aut¢ban biluxl mpa?;az indexben;a f‚nysz¢r¢ban;a tolat¢l mp ban;a bels‹ vil g¡t sban;B;TECHNIKA
Milyen nemzetis‚gû a U2 nevû rockzenekar?;¡r;ausztr l;angol;amerikai;A;ZENE
Ki volt a n‚met kancell r az 1972-es mncheni olimpia idej‚n?;Willy Brandt;Konrad Adenauer;Helmut Schmidt;Helmut Kohl;A;T™RTNELEM
Melyik foly¢ partj n fekszik Torino?;Piave;Arno;P¢;Tevere;C;F™LDRAJZ
Mely orsz g terlet‚n szolg ltak a szipolyok?;K¡na;India;Jap n;Egyiptom;B;T™RTNELEM
Melyik v rosban alakult meg a NATO 1949-ben?;Brsszelben;Washingtonban;P rizsban;New Yorkban;B;T™RTNELEM
Mely orsz gb¢l sz rmazott a neves fest‹, Edvard Munch?;Anglia;Sv‚dorsz g;Norv‚gia;Sk¢cia;C;MëVSZET
Melyik v rosban j tsz¢dik Puccini: Turandot c¡mû oper ja?;Pekingben;Sevill ban;P rizsban;Bostonban;A;ZENE
Melyik ‚nekes volt a Scampolo egyttes alap¡t¢ tagja?;R‚v‚sz S ndor;M¢ricz Mih ly;Kom r L szl¢;Szigeti Ferenc;C;ZENE
"Mit jelent George W. Bush amerikai eln”k nev‚ben a ""W""' betû?";Walker;Winston;William;Walter;A;µLTALµNOS
Kir‹l ¡rt anekdot s k”nyvet az olasz humanista, Galeotto Marzio?;Cesare Borgi r¢l;Leonard¢r¢l;Janus Pannoniusr¢l;M ty s kir lyr¢l;D;IRODALOM
Melyik afrikai orsz gban tal lhat¢ a Teleki-vulk n?;Tanz nia;Kenya;Szud n;Nig‚ria;B;F™LDRAJZ
Mi a c¡me William Friedkin klasszikus horrorfilmj‚nek?;S t ntang¢;Az ”rd”gûz‹;A l‚gy;A k”d;B;FILM
Milyen j t‚kot j tszik a lovag a Hal llal Ingmar Bergman A hetedik pecs‚t c¡mû filmj‚ben?;sakkozik;k rty zik;domin¢zik;malmozik;A;FILM
A Biblia szerint h ny ‚ves volt S ra, amikor megszlte Izs kot?;75;90;120;333;B;VALLµS
Melyik v ros kir lya volt Agamemn¢n a g”r”g mitol¢gia szerint?;Sp rta;Mk‚n‚;Plosz;Mtil‚n‚;B;VALLµS
"Melyik mûb‹l sz rmazik a sz ll¢ige? ""Šrlt besz‚d, de van benne rendszer.""";Othello;Oidipusz kir ly;Hamlet;Az ember trag‚di ja;C;IRODALOM
Hov  torkollik a Szent L‹rinc-foly¢?;Atlanti-¢ce n;Mexik¢i-”b”l;Csendes-¢ce n;Karib-tenger;A;F™LDRAJZ
Melyik magyar zeneszerz‹ ¡rt oper t Garcia Lorca V‚rn sz c¡mû dr m j b¢l?;Petrovics Emil;Kod ly Zolt n;Szokolay S ndor;Durk¢ Zsolt;C;OPERA
"Milyen ""randev£"" szerepel Alfred Hitchcock h¡res filmj‚nek c¡m‚ben?";berlini;gyilkos;londoni;v‚gzetes;C;FILM
Melyik h bor£ban j tsz¢dik Oliver Stone A szakasz c¡mû filmje?;™b”l-h bor£;II. vil gh bor£;vietnami h bor£;koreai h bor£;C;FILM
Melyik egy Nepp J¢zsef  ltal rendezett rajzfilm c¡me?;Csipker¢zsi;Hamupip‹;H¢feh‚r;Piros ‚s a farkas;C;FILM
Ki volt J kob testv‚re a Bibli ban?;Izs k;M¢zes;J¢zsef;zsau;D;VALLµS
Hol l that¢ a Thomas Mann-reg‚nyb‹l ismert Buddenbrook-h z?;Hamburgban;Genfben;Lbeckben;Lipcs‚ben;C;IRODALOM
Melyik hangszer virtu¢za T trai Tibor rockzen‚sz?;dob;zongora;szaxofon;git r;D;ZENE
Melyik nagy k”lt‹nk szletett Fels‹iszk zon?;Pilinszky J nos;Nagy L szl¢;Vajda J nos;Illy‚s Gyula;B;IRODALOM
Kinek az ‚let‚r‹l k‚sz¡tett Oscar-d¡jjal jutalmazott filmet Richard Attenborough?;Mahatma Gandhi;Albert Schweitzer;Martin Luther King;Ter‚z anya;A;FILM
Melyik olimpi n szereztnk mind”ssze egy arany‚rmet?;Ath‚n 1896;P rizs 1900;London 1908;Amszterdam 1928;B;SPORT
Ki ¡rt verseket Kacs¢h Pongr c J nos vit‚z c¡mû dalj t‚k hoz?;Sz‚p Ern‹;Heltai Jen‹;Szab¢ L‹rinc;Br¢dy S ndor;B;IRODALOM
