Hol tal lhat¢ a csarnokv¡z?;a p lyaudvaron;a szemben;a tejcsarnokban;barlangfrd‹ben;B;BIOLàGIA
Melyik j rmûr‹l elnevezett egyttes tagja volt Zor n a 60-as ‚vekben?;Villamos;HV;Aut¢busz;Metr¢;D;ZENE
Hogy nevezzk m sk‚ppen a k r¢katon t?;obsitos;treff bubi;b”l”nbika;kormor n;D;BIOLàGIA
Hol stik m r a r ntott b‚k t?;Kov cs‚kn l;Varg ‚kn l;Vir g‚kn l;G¢ly ‚kn l;C;IRODALOM
Hogyan gy‹zte le D vid G¢li tot?;Szkanderben lenyomta;D rd j val eltal lta;Elg ncsolta;Paritty val leter¡tette;D;VALLµS
"Mit csin l a mond s szerint, aki ""ig ba hajtja a fej‚t""?";elv lik;tehenet fej;megn‹sl;ek‚t tesztel;C;NYELV
Az al bbiak k”zl melyik egy stem‚ny neve?;any¢snyelv;n‹iszesz‚ly;pletyka;n‹iszirom;B;KONYHA
Melyik nem a francia k rtya sz¡ne?;pikk;k r¢;t”k;treff;C;JµTK
"""Mennyit ‚r"" az ‚rt‚ktelen  r£?";egy krajc rt;egy fabugyell rist sem;egy leped‹t;egy fabatk t sem;D;µLTALµNOS
Mi t”rt‚nik annak az embernek az  ll val, aki ‚hen marad?;leesik;felkopik;megr ndul;borost s lesz;B;µLTALµNOS
"""Mit csin lj"" a s”rrel a Fonogr f egyttes sl ger‚nek c¡me szerint?";D”ntsd be!;L”kd ide!;Fizesd ki!;Kld le!;B;ZENE
A k”zhiedelem szerint hol puh¡tott k ‹seink a h£st?;nyereg alatt;ker‚k alatt;patk¢ alatt;s¢s k£tban;A;T™RTNELEM
"Milyen ""kamr ban"" dolgoznak a f‚nyk‚p‚szek?";‚les;‚l‚s;s”t‚t;komor;C;µLTALµNOS
Mit ki ltott Arkhim‚d‚sz a frd‹k db¢l kiugorva, mikor r j”tt h¡res t”rv‚ny‚re?;Demokr cia!;Olimpia!;Anarchia!;Heur‚ka!;D;TUDOMµNY
Milyen volt a h¡res magyar kulacs?;kutyasz‹r”s;b‹regeres;csik¢b‹r”s;teh‚nt‹gyes;C;µLTALµNOS
Az al bbiak k”zl melyik nem n”v‚nyn‚v?; fonya;galagonya;tarhonya;burgonya;C;BIOLàGIA
Melyik budapesti hegyen nem lehet s¡elni?;a Ferihegyen;a J nos-hegyen;a H rmashat r-hegyen;a Sz‚chenyi-hegyen;A;µLTALµNOS
A n¢ta szerint milyenre van a r csos kapu festve?;r¢zsasz¡nûre;kock sra;lil ra;z”ldre;D;µLTALµNOS
Mi a foglalkoz sa Figar¢nak Rossini oper j ban?;‚kszer‚sz;borb‚ly;b‚rkocsis;kottam sol¢;B;OPERA
Milyen  llatokat tart, akinek guppijai vannak?;ugr¢egereket;cs”rg‹k¡gy¢kat;d¡szhalakat;teheneket;C;BIOLàGIA
Az al bbiak k”zl melyik egy bors¢fajta?;csattan¢;pattog¢;csicseri;cs csog¢;C;BIOLàGIA
Az al bbiak k”zl melyik volt egy f‚rfik”peny neve?;pand£rles‹;kutyafog¢;malaclop¢;macskahajt¢;C;µLTALµNOS
"Mi a neve a n‚pszerû k rtyaj t‚knak: ""Csapd le ...!""";mami;bari;boci;csacsi;D;JµTK
Mit neveznk kanaszt nak?;a k n sz seg‚dj‚t;f‚rfimodellt;d¡jnyertes kand£rt;k rtyaj t‚kot;D;NYELV
Mit szeret az az ember, akit rongyr z¢nak neveznek?;nagyzolni;t ncolni;mosogatni;port t”r”lni;A;µLTALµNOS
Hogy h¡vj k a p linkaf‹z‚shez erjesztett gym”lcsl‚t?;cifra;cefre;cvikker;cekker;B;KONYHA
Mi a varg nya?;suszterinas;gombafajta;g zl¢mad rfajta;cip‚szszersz m;B;NYELV
Milyen eszk”zr‹l nevezetes G bor µron?;r‚z gy£r¢l;v¡z gy£r¢l;vihar gy£r¢l;guly s gy£r¢l;A;T™RTNELEM
Mire haszn lj k a franciakulcsot?;a Louvre bez r s ra;er‚ny”vek nyit s ra;anyacsavar megh£z s ra;nyelvtanul sra;C;µLTALµNOS
Mi l that¢ T”r”korsz g z szlaj n?;egy f‚lhold;egy f‚l nap;egy f‚l felh‹;egy f‚l vill m;A;ORSZµGOK
Hogyan fejezi ki a mond s, hogy hamarosan nagyobb p‚nz”sszegre tesznk szert?;l¢g a p‚nzes‹ l ba;ben‚z a l‚ az ablakon;ki kor n kel, telt buksz t lel;p‚nz  ll a h zhoz;D;NYELV
Melyik konyhai eszk”z lehet az  gy£ sz¢ el‹tagja?;t”lcs‚r;reszel‹;mozs r;szita;C;KONYHA
"Milyen ""szem"" van a ker‚kp rokon?";sas;macska;vakond;kutya;B;TECHNIKA
"Melyik  llatnak ""‚g a h za ideki"" az ismert gyermekdal szerint?";medve;csiga;kutya;m‚hecske;B;µLTALµNOS
"Melyik ""k poszta"" egy ‚tel elnevez‚se?";csupros;lucskos;mocskos;l”ttyedt;B;KONYHA
Hova k‚ne menni pulykakakast venni az ismert dal szerint?;Badacsonyba;Debrecenbe;K‹b ny ra;pulykafarmra;B;µLTALµNOS
"Milyen d‚ligym”lcs szerepel Bart¢k ""csod latos"" t ncj t‚k nak c¡m‚ben?";fge;ban n;mandarin;k¢kusz;C;OPERA
Hogy nevezzk a gyermekkorban kihull¢ fogakat?;tejfog;v¡zfog;fûr‚szfog;teafog;A;BIOLàGIA
Egy magyar n‚pdal szerint melyik gym”lcs ‚rik, amikor hajlik a vessz‹?;narancs;ban n;dinnye;sz‹l‹;D;µLTALµNOS
"Milyen kerti szersz m ""slhet el"" n‚ha a mond s szerint?";az eke szarva;a kapany‚l;a locsol¢cs‹;a metsz‹oll¢;B;NYELV
Milyen  llatokr¢l ¡rt musicalt Andrew Lloyd Webber?;elef ntokr¢l;medv‚kr‹l;macsk kr¢l;denev‚rekr‹l;C;ZENE
Melyik h zi llat gyermek‚nek nincs se fle, se farka az ismert gyermekdal szerint?;l¢;kecske;teh‚n;b r ny;C;µLTALµNOS
"Hogy sz¢l a mond s: ""Ki mint vet, ...""";£gy kasz l;£gy arat;£gy marad;£gy gerebly‚zik;B;NYELV
Mi a jap n n‹k hagyom nyos viselete?;bikini;harakiri;monokini;kimon¢;D;µLTALµNOS
Mit fog enni mivel a Hyppolit, a lak j f‹h‹se a filmben elhangz¢ h¡res mond s szerint?;t”p”rtyût t”p”rtyûvel;virslit must rral;hagym t hagym val;hamburgert k¢l val;C;FILM
Mi a d‚lib b?;mediterr n n”v‚ny;d‚li gyermekel‹ad s;l‚gk”ri jelens‚g;tr¢pusi lepkekezdem‚ny;C;µLTALµNOS
Mi a k”znapi elnevez‚se a boltozat n‚lkli emberi talpnak?;herny¢talp;medvetalp;s¡talp;l£dtalp;D;BIOLàGIA
Mit kapott, akinek a v s rb¢l aj nd‚kot hoztak?;b£cs£poharat;mad rl tta kal csot;v s rfi t;a v s ros fi t;C;µLTALµNOS
"Mi nem kell a ""j¢ bornak"" a sz¢l s szerint?";c‚g‚r;hord¢;kocsm ros;sz‹l‹;A;µLTALµNOS
Melyik ma szletett  llat  rtatlan a sz¢l s szerint?;pitbull;kisny£l;polip;b r ny;D;µLTALµNOS
"Hova estek az ""istenek"" a nagy sikerû v¡gj t‚k c¡me szerint?";orra;a fenekkre;talpra;a fejkre;D;FILM
Mit keres a k k n az akad‚koskod¢ ember?;egy kisebb vagyont;gum¢t;csom¢t;masnit;C;NYELV
Az al bbiak k”zl melyik ehet‹?;a krokett;a krikett;a kokott;a zsakett;A;KONYHA
Az al bbiak k”zl melyik egy apr¢ termetû mad r neve?;p vaszem;kecskeszem;”k”rszem;ty£kszem;C;BIOLàGIA
"Hogyan sz¢l a mond s? ""Nomen est ?""";show-man;omen;Truman;bitumen;B;NYELV
Mire haszn lj k a hidegv g¢t?;fagylaltk‚sz¡t‚sre;id‹j r s-el‹rejelz‚sre;f‚mv g sra;n darat sra;C;TECHNIKA
"Hogy sz¢l a mond s: ""..., vedd el a l ny t.""";K‚rd meg az anyj t;Kerld az apj t;N‚zd meg az anyj t;Sz mold a p‚nz‚t;C;NYELV
Az al bbiak k”zl melyik n‹i n‚v egy n‚pszerû sorozat c¡me is?;Eufrozina;Esmeralda;Emerencia;Eul lia;B;µLTALµNOS
"Melyik ""di¢"" egy fûszern”v‚ny neve?";szarac‚n;szerecsen;szerelem;szerencse;B;BIOLàGIA
"Hogyan sz¢l a n‚pi mond¢ka? ""Szebb a ..., mint a ...""";ver‚b-t£zok;liba-l£d;p va-pulyka;mama-l nya;C;NYELV
Mi a basszuskulcs?;az er‚ny”v nyit¢ja;jel a kott n;k romkod s;titkos¡r s k¢dja;B;NYELV
"Hogyan folytat¢dik a mond s? ""L ttam ‚n m r ...""";sapk n bojtot;kar¢n varj£t;labd n p”tty”t;zoknin lyukat;B;NYELV
"Mi a h¡res szovjet film c¡me: ""Sz llnak a ...""";varjak;partiz nok;darvak;v”r”s csillagok;C;FILM
Az al bbiak k”zl melyik egy stem‚ny elnevez‚se?;macskabajusz;g¢lyaorr;l£dtalp;l£dl b;D;KONYHA
Minek h¡g a leve a sz¢l s szerint?;a j¢llakott teh‚nnek;az ‚rett gym”lcsnek;olcs¢ h£snak;haszn lt mosogat¢rongynak;C;NYELV
Milyen  llatok a c¡mszerepl‹i Andrew Lloyd Webber vil gh¡rû musicalj‚nel?;macsk k;bolh k;pulyk k;nnk‚k;A;ZENE
Mit kiab l m sokra az aljasul r galmaz¢ ember?;tcsk”t-bogarat;nyuszit-pockot;gy¡kot-hangy t;k¡gy¢t-b‚k t;D;NYELV
"Eg‚sz¡tse ki a k”zmond st! ""Ha f‚nylik Vince, megtelik a ...""";bugyell ris;pocak;puttony;pince;D;NYELV
Mib‹l van a h zik¢ a Jancsi ‚s Juliska c¡mû mes‚ben?;kacsal bb¢l;kolb szb¢l;aranyb¢l;m‚zeskal csb¢l;D;µLTALµNOS
"Milyen ""rak s"" egy stem‚ny?";g lya;m glya;kicsi;nagy;B;KONYHA
Milyen  llatok  ll¢viz‚r‹l ¡rt Csajkovszkij balettzen‚t?;pontyok;b‚k k;hatty£k;kacs k;C;OPERA
"Hogyan folytat¢dik a mond¢ka? ""Ne n‚zz h tra, j”n a ...""";t”r”k;mumus;farkas;fog¢;C;NYELV
"Milyen ""buszt"" h£ztak lovak?";trolibuszt;omnibuszt;bambuszt;grimbuszt;B;µLTALµNOS
Mi t”rt‚nik a sz¢l s szerint azzal, aki nem v‚gzi el a dolg t id‹ben?;”sszesûrûs”dik az agya;utol‚ri a tat r;k”rm‚re ‚g a munka;boldogan ‚l, m¡g meg nem hal;C;NYELV
"Milyen ""v s rr¢l"" ¡rt operettet Jacobi Viktor?";kutya;marha;le ny;vir g;C;OPERA
Kinek a viaszsz rnyai olvadtak fel a Nap k”zel‚ben?;Daidalosz;Ikarosz;Boeingosz;Tupoljevosz;B;VALLµS
Hov  kldik zabot hegyezni a senki  ltal nem sajn lt embert?;Pirip¢csra;Kukutyinba;Hencid ra;Boncid ra;B;µLTALµNOS
Melyik hegycs£cson feneklett meg No‚ b rk ja?;a Sv b-hegyen;a Mount Everesten;az Arar ton;Ferihegyen;C;VALLµS
Mi el‹tt s”p”rj”n mindenki a k”zmond s szerint?;a maga port ja;a szomsz‚d port ja;a seprûbolt;felmos s;A;NYELV
Milyen ‹rmester szerepel a Beatles h¡res lemez‚nek c¡m‚ben?;Paprika;Bors;Fokhagyma;Chili;B;ZENE
Mit csin l a f ba szorult f‚reg a sz¢l s szerint?;perceg;r gcs l;ord¡t;mocorog;C;NYELV
"Hogyan sz¢l a k”zmond s? ""Verg‹dik, mint ...""";az elef nt a porcel nboltban;a partra vetett hal;Misi a moziban;aki diszn¢k k”z‚ keveredett;B;NYELV
Melyik ‚pletn‚v lehet a pincsi el‹tagja?;k£ria;palota;pagoda;kast‚ly;B;NYELV
"Hogyan folytat¢dik a mond s? ""Ahov  l‚p, ott ...""";d”ng a f”ld;fû nem terem;v¡z fakad;meg ll az id‹;B;NYELV
"Milyen ""magos"" lehet egy ty£k?"; rpa;kender;rozs;vet‹;B;NYELV
Hogyan alszik a m‚ly  lomban l‚v‹ amber a sz¢l s szerint?;mint a bagoly;mint a bunda;mint az aludttej;mint a villamos;B;NYELV
Hov  k‚szl a kiskacsa a gyermekdalban?;apj hoz Finnorsz gba;anyj hoz Lengyelorsz gba;n‚nik‚j‚hez Sanghajba;b csik j hoz Alaszk ba;B;IRODALOM
Kit vagy mit ‚rnek hamarabb utol, mint a s nta kuty t?;a kocog¢t;a hazug embert;a villamost;a lajh rt;B;NYELV
Minek nem kell c‚g‚r a mond s szerint?;j¢ c‚gnek;j¢ l¢nak;j¢ bornak;j¢ b‹rnek;C;NYELV
Ki mes‚lte el Az ezeregy‚jszaka mes‚it?;Leila, az arab d‚mon;Benedek Elek;Szimba;Seherez d‚;D;IRODALOM
Melyik torony ‚p¡t‚sekor keletkezett nyelvzavar?;B bel tornya;az Eiffel-torony;a pisai ferde torony;a margitszigeti v¡ztorony;A;µLTALµNOS
Mi a l¢rum?;lovasp¢l¢;l¢ pol¢ szesz;lov szok itala;k rtyaj t‚k;D;NYELV
"Fejezze be a mond st: ""Aki a vir got szereti, rossz ...""";kert‚sz nem lehet;ember nem lehet;kedve nem lehet;embert nem ehet;B;NYELV
Mit ne halassz holnapra a k”zmond s szerint?;amit ma megehetsz;amit ma megtehetsz;amit ma megvehetsz;amit ma meglelhetsz;B;NYELV
Milyen Fr‚dir‹l ‚nekelt az Omega egyttes?;Trombit s;Verklis;šstdobos;Flinstone;A;ZENE
Mi a neve a tigrisnek A dzsungel k”nyv‚ben?;Bagira;Sir K n;Dzsingisz k n;Mohik n;B;IRODALOM
A sz¢l s szerint mit csin lnak a nem k¡v nt k‚r‹vel?;kiseprûzik;kikosarazz k;megvessz‹zik;kiklopfolj k;B;NYELV
Mi‚rt kell a csig nak kij”nnie a gyerekdal szerint?;mert kint melegebb van;mert megj”ttek a rokonok;mert ‚g a h za;mert rossz h zba ment be;C;IRODALOM
Milyen ember az, aki k”rm”nfont?;pedikûr”s;csapod r;ravasz;er‹szakos;C;µLTALµNOS
Hogy h¡vj k azt a kott t, amelyb‹l a karmester vez‚nyel?;tinkt£ra;partit£ra;tort£ra;mat£ra;B;OPERA
Hogy nevezik a magyar k rtya t”k fels‹j‚t?;t”k filk¢;t”kfej;st‹t”k;cst”rt”k;A;JµTK
"Hogyan folytat¢dik a mond s? ""Mindentt j¢, de ...""";m‚g mennyire!;legjobb otthon!;lesz m‚g rosszabb!;nem el‚gg‚!;B;NYELV
Milyen a h ta a k”z”s l¢nak a mond s szerint?;kem‚ny;t£ros;sz‹r”s;bolh s;B;NYELV
"Mit jelent a ""piano"" kifejez‚s?";zenei utas¡t s: halkan;cimbalom;alkoholt nem  rus¡t¢ bolt;Afrik ban honos fafajta;A;NYELV
Ha valakit er‹sen ¢cs rolunk, akkor szidjuk, mint a ...;Bochkort;Borost;bokrot;borzot;C;NYELV
Milyen szak ll£ hercegr‹l ¡rt oper t Bart¢k B‚la?;‹sz;k‚k;r‹t;kecske;B;OPERA
Milyen oroszl nt ne ‚bressznk fel a mond s szerint?;l nch¡di;gy va;alv¢;fogf j¢s;C;NYELV
Hov  dugja a fej‚t, aki nem akar tudom sul venni valamit?;hamuba;homokba;csuklya m”g‚;a h¢na al ;B;NYELV
"Eg‚sz¡tse ki a mond st! "" ... enged, ... szenved.""";okos-butus;okos-szam r;szam r-”szv‚r;er‹s-gyenge;B;NYELV
Milyen m‚rt‚kegys‚gben m‚rik az arany finoms g t?;grammban;kal¢ri ban;l¢er‹ben;kar tban;D;TUDOMµNY
Hogy h¡vj k a H romkir lyokat?;G sp r, Menyh‚rt, Boldizs r;Szerv c, Pongr c, Bonif c;S ndor, J¢zsef, Benedek;M rk, M t‚, Luk cs;A;VALLµS
Mit haszn ltak r‚gen az aut¢sok az aut¢ motorj nak beind¡t s hoz?;kurblit;verklit;vurslit;veknit;A;TECHNIKA
Mit mondunk a b‚ketûr‹ emberre?;tekn‹sp nc‚l£;galamblelkû;b r nysz¡vû;nyusziked‚lyû;B;µLTALµNOS
"Hogyan folytat¢dik a mond s? ""Kis p‚nz, ...""";kis orsz g;kis foci;nagy bunda;nagy zak¢;B;µLTALµNOS
"Fejezze be a sz¢l st: ""A kecske is j¢llakik, ...""";mert megnyalta a s¢t;a gida is g”mb”ly”dik;a k poszta is megmarad;a karal b‚ is elfogy;C;NYELV
"Eg‚sz¡tse ki a mond st! ""Akinek nem inge, ...""";annak bugyog¢ja;ne vegye mag ra;ne varrjon r  gombot;ne hordja el m s‚t;B;NYELV
Mi‚rt k‚ne Debrecenbe menni a gyermekdal szerint?;megn‚zni a vir gfesztiv lt;s‚t lni a Nagyerd‹ben;megn‚zni a Nagytemplomot;pulykakakast venni;D;IRODALOM
"Folytassa a mond st! ""Ki mint veti  gy t, ...""";£gy arat;£gy alussza  lm t;addig ny£jt¢zkodik;olyan a fogadjisten;B;NYELV
"Mit haszn lt az els‹ emberp r ""ruha"" gyan nt a Paradicsomban?";almah‚jat;fgefalevelet;k¡gy¢b‹rt;kacag nyt;B;VALLµS
Melyik  llat lett a c¡mad¢ja ifj. Johann Strauss egyik operettj‚nek?;a pulyka;a csiga;a f¢ka;a denev‚r;D;OPERA
Mi az elektromos feszlts‚g m‚rt‚kegys‚ge?;van;nincs;volt;lesz;C;TUDOMµNY
Hol van a mond s szerint az, akire haragszom?;a markomban;a cs‹r”mben;a begyemben;a zsebemben;C;NYELV
Mit dug a h ziorvos vizsg latkor a fl‚be?;fonendoszk¢pot;horoszk¢pot;kaleidoszk¢pot;teleszk¢pot;A;BIOLàGIA
Mit csin l az, aki nagyszab s£ eszk”z”ket haszn l fel kisszerû c‚lra?;Mamuttal megy egeret fogni.;µgy£val l‹ ver‚bre.;Sodronnyal stoppolja a zoknit.;Gy”nggyel eteti a diszn¢t.;B;NYELV
Miv‚ nem v lik a v‚r a mond s szerint?;v¡zz‚;borr ;fr”ccs‚;aludttejj‚;A;NYELV
"Ki a f‹h‹se a ""La Mancha lovagja"" c¡mû musicalnek?";Robin Hood;J nos vit‚z;Don Quijote;Zorro;C;ZENE
Kir‹l sz¢lt a Sz”r‚nyi-Br¢dy szerz‹p ros els‹ nagy sikerû rock-oper ja?;Pat¢ P lr¢l;Ferenc J¢zsefr‹l;Istv n kir lyr¢l;H ry J nosr¢l;C;ZENE
Mi‚rt megy a kisnyulacska az erd‹be a gyerekdal szerint?;r‚p csk ‚rt;vessz‹csk‚‚rt;r¢k csk ‚rt;fvecsk‚‚rt;B;IRODALOM
"Eg‚sz¡tse ki a k”zmond st! ""..., b£suljon a l¢!""";elfogyott a zab;n‚gy l ba van;nagy a feje;megh¡zott a husz r;C;NYELV
Milyen nyelvnek szok s nevezni az arg¢t?;tolvaj;smasszer;gengszter;‹rz‹-v‚d‹;A;NYELV
Mi ‚r aranyat a mond s szerint?;az aranyes‹;a m jusi es‹;az ¢nos es‹;a p‚nzes‹;B;NYELV
Hogyan tûnik el a nyomtalanul elvesz‹ dolog?; rkon-bokron;sebbel-lobbal;sz‹r‚n-sz l n;fl‚n-fark n;C;NYELV
Milyen a sz¢l s szerint az az ember, akinek kopog a szeme?;‚hes;r”vidl t¢;szemfles;parafenom‚n;A;NYELV
Az al bbiak k”zl melyik egy stem‚ny neve?;bakterf nk;suszterr‚tes;vargab‚les;bakam z;C;KONYHA
Mivel  lmodik az ‚hes diszn¢ a mond s szerint?;korp val;makkal;t ppal;pocsoly val;B;NYELV
Melyik testr‚szr‹l nevezt‚k el az id‹m‚rt‚kes versel‚s legkisebb ritmikai egys‚g‚t?;k‚z;l b;h t;has;B;IRODALOM
"A sz¢l s szerint mi ""savany£"" annak, aki nem tud el‚rni valamit?";a szilva;az uborka;a k poszta;a sz‹l‹;D;NYELV
Hol van a hegedûs a h¡res musical c¡me szerint?;felem s cip‹ben;a hegytet‹n;a h ztet‹n;a p cban;C;ZENE
"Hogyan sz¢l a tr‚f s mond s? ""Veszek neked torony¢r t ...""";torony‹rrel;ing val;l nccal;m sodpercmutat¢val;C;NYELV
Mibe v gja a fejsz‚j‚t a mond s szerint, aki neh‚z feladatba kezd?;fûsz lba;sûrû cserj‚be;nagy f ba;korhadt tusk¢ba;C;NYELV
Milyen embereknek nevezik a k”nnyûb£v rokat?;b lna;b‚ka;c pa;r ja;B;µLTALµNOS
Mit vettem a v s rban f‚lp‚nzzel a n‚pk”lt‚s szerint?;vattacukrot;m‚zeskal csot;ty£kot;f‚l diszn¢t;C;IRODALOM
Milyen  llat a l¢tetû?;k‚r‹dz‹;h‚tpettyes;egyenes sz rny£ rovar;lass£ paripa;C;BIOLàGIA
Melyik vak  llat tal l szemet a mond s szerint?;a l¢;a ty£k;a vakond;a vakeg‚r;B;NYELV
Hogy nevezt‚k a babona szerint csod s tettekre k‚pes di kot?;grabancos;garasos;garabonci s;nagygarat£;C;NYELV
Milyen  llatn‚vvel illetik a husz r figur j t a sakkban?;teh‚n;ty£k;l¢;kutya;C;JµTK
Mit nem  rul a nyilt ember a sz¢l s szerint?;petrezselymet;zs kbamacsk t;pormacsk t;gy‚k‚nyt;B;NYELV
Milyen hib t k”vet el a gyermekversben Mehemed?;megfogja a teh‚n t‹gy‚t;megfogja a teh‚n fark t;rossz t rsas gba keveredik;rossz l¢ra tesz;B;IRODALOM
Ki ”regszik meg hamarabb a mond s szerint?;aki sokat eszik;aki kiv ncsi;aki kor n szletett;aki nem pletyk s;B;NYELV
Melyik orsz gb¢l sz rmazik a szamba nevû t nc?;Izlandb¢l;Indi b¢l;Braz¡li b¢l;Franciaorsz gb¢l;C;ORSZµGOK
Az al bbiak k”zl melyik egy mad rfajta neve?;tavaszap¢;ny rap¢;‹szap¢;t‚lap¢;C;BIOLàGIA
Milyen padba ltett‚k r‚gen a rossz tanul¢kat?;szam r;macska;majom;lajh r;A;µLTALµNOS
Milyen lovat neveznk geb‚nek?;a sov nyat;a d£s sz‹rût;a patkolatlant;a hintalovat;A;µLTALµNOS
Mi vagy ki nincsen t”vis n‚lkl a sz¢l s szerint?;kaktusz;r¢zsa;any¢s;sndiszn¢;B;NYELV
Mi a p ternoszter?;a nagypapa beceneve;papok kerti mulats ga;k”rforg¢ szem‚lyfelvon¢;gy¢ntat¢sz‚k;C;µLTALµNOS
Hol van az igazs g a sz¢l s szerint?;s”rben;t”rv‚nyk”nyvben;borban;a pr¢k torn l;C;NYELV
"Mit mondanak az ‚szrev‚tlenl t voz¢ emberre: ""Eltûnik, mint a ...""";k mfor;k ntor;kont r;kond‚r;A;NYELV
Minek a jav t ette meg az ‚ltes ember a mond s szerint?;szalonn ja;kenyere;v”r”shagym ja;b‚lsz¡nje;B;NYELV
Mi a k”vetkezm‚nye a mond s szerint annak, ha lassan j runk?;k‚s‹bb ‚rnk c‚lba;nem melegednk ki;utol‚r a s nta kutya;tov bb ‚rnk;D;NYELV
Mij‚t teszik ki a nemk¡v natos embernek?;lelk‚t;szûr‚t;sz‹r‚t;l b t;B;NYELV
Ki vagy mi r”gz¡ti repl‚s k”zben a repl‹g‚p mûszaki adatait?;a stewardess;a feh‚r kocka;a fekete doboz;a bûv”s kocka;C;TECHNIKA
Kit‹l vagy mit‹l nem l tja valaki az erd‹t a sz¢l s szerint?;a hegyt‹l;a vad szt¢l;az ‹zt‹l;a f t¢l;D;NYELV
Mi t”rt‚nik a mes‚ben Pinocchi¢val, amikor hazudik?;megn‹ az orra;sûrûn pislog;megny£lik a fle;s nt¡tani kezd;A;IRODALOM
Milyen nevû hercegr‹l ¡rt operettet Huszka Jen‹?;Bill;Bob;Joe;Sam;B;OPERA
"Hol van az ""orvoss g"" a n‚pi b”lcsess‚g szerint?";s¢ban-borsban;s”rben-borban;fûben-f ban;erd‹n-mez‹n;C;NYELV
Ki f rad k‚tszer a mond s szerint?;a rest;a felel‹tlen;a prec¡z;a post s;A;NYELV
Hov  megy a g‹z”s a gyerekdal sz”vege szerint?;vakv g nyra;Kanizs ra;kocsisz¡nbe;t”nkre;B;IRODALOM
Mi teszi a mestert a mond s szerint?;mestervizsga;gyakorlat;inas;rekl m;B;NYELV
Mivel nem m‚rnk id‹t?;homok¢r val;zseb¢r val;nap¢r val;p sztor¢r val;D;µLTALµNOS
"Hogy sz¢l a mond s: ""Karcs£, mint a ...""";szalmasz l;hangsz l;k‹sz l;n dsz l;D;NYELV
"Hogyan folytat¢dik a gyermekvers? ""Csip-csip cs¢ka, ...""";cs£f herny¢cska;vad karmocska;hat man¢cska;vak varj£cska;D;IRODALOM
Minek az eltûn‚s‚t k‚ri sz mon a gyerekdal a cirmos cic n?;gombolyag;tejf”l;vaj;forr¢ k sa;C;IRODALOM
Mi az ”sszefoglal¢ neve a gym”lcs”ket, vir gokat  br zol¢ k‚peknek?;fl¢rapikt£ra;f‚nyk‚p;csend‚let;csittskicc;C;KPZŠMëVSZET
Hol keres csom¢t a mond s szerint, aki akad‚koskodik?;h¢k n;k k n;cs¢k n;s¢sk n;B;NYELV
Milyen p ly r¢l sz llnak fel a repl‹g‚pek?;befut¢;kifut¢;elsz ll¢;mûj‚g;B;TECHNIKA
Kinek a r‚z gy£ja van felvir gozva a n‚pdal szerint?;R¢zsa S ndor;Vak Botty n;Bem ap¢;G bor µron;D;IRODALOM
Mely testr‚sz‚n‚l fogva vezetik a becsapott embert?;fl‚n‚l fogva;orr n l fogva;kisujj n l fogva;haj n l fogva;B;NYELV
"Milyen ""utat"" l thatunk a csillagos ‚gen?";tej;k v‚;bor;v¡z;A;µLTALµNOS
Mi a neve a mes‚b‹l ismert csokol d‚fgg‹, puf¢k mad rnak?;Gombolyag G‚za;Glk¢z Atan z;G”mb”c ™d”n;Gomb¢c Art£r;D;IRODALOM
Hogyan nevezik a fejt”r‹kben egy sorozat valamilyen szempontb¢l kil¢g¢ tagj t?;ty£ktoj s;ver‚btoj s;kakukktoj s;fecsketoj s;C;µLTALµNOS
"Milyen ""fle"" lehet egy k”nyvnek?";bar t;ny£l;szam r;eg‚r;C;µLTALµNOS
Melyik sport gban alkalmaznak c‚lfot¢t?;sakkban;mûkorcsoly ban;toronyugr sban;s¡kfut sban;D;SPORT
A mond s szerint mi van a tork ban annak, akit a s¡r s szorongat?;nudli;derelye;lep‚ny;gomb¢c;D;µLTALµNOS
Milyen k”zleked‚si eszk”z jellemz‹ az it liai Velenc‚re?;gumimatrac;kajak;v¡zibicikli;gondola;D;ORSZµGOK
Milyen gyalogkakukk szerepelt a rajzfilm c¡m‚ben?;maratoni;kengyelfut¢;gyorsl‚ptû;szuperszonikus;B;FILM
"Kinek a kalapj ra esik az es‹ ""karik ra""?";Kossuth Lajos;J¢zsef n dor;Ferenc J¢zsef;II. J¢zsef;A;IRODALOM
A kecskeb‚ka melyik r‚sz‚b‹l k‚sz¡tenek ‚telt?;a melle h£s b¢l;a combj b¢l;a m j b¢l;az £sz¢h rty j b¢l;B;KONYHA
Hogyan szok s nevezni a mes‚kben a r¢k t?;lapuli;sunnyogi;ravaszdi;sompolyi;C;IRODALOM
µd m melyik testr‚sz‚b‹l teremtette az ér v t?;karj b¢l;k”ld”k‚b‹l;kijujj b¢l;oldalbord j b¢l;D;VALLµS
Hogy n szok s nevezni a csintalan, izg‹-mozg¢ gyereket?;molylepke;kerge bocs;ebihal;sajtkukac;D;NYELV
Kinek volt kalandja negyven rabl¢val az ismert mes‚ben?;Lencsi bab nak;Gl bab nak;B”be bab nak;Ali bab nak;D;IRODALOM
Mi hull a f r¢l az ismert magyar n‚pdal szerint?;szilva;dinnye;kolb sz;b‚ka;A;IRODALOM
Hogyan nevezzk a r”vid id‹re mag ra hagyott h zast rsat?;sz‚naremete;pr¢baaszk‚ta;szalma”zvegy;poszt-tin‚dzser;C;NYELV
Mi volt Tekn‹c Ern‹ foglalkoz sa a K‚rem a k”vetkez‹t c¡mû rajzfilmsorozatban?;kld”nc;cs‹rmester;mekkmester;uhul¢gus;A;FILM
Hogy nevezzk asztaliteniszben azt a mozzanatot, amikor a labda az asztal fels‹ sz‚l‚t ‚ri?;met‚lt;derelye;lebbencs;csusza;D;SPORT
Melyik  llat ritka a sz¢l s szerint?;a p”tty”s tigris;a v‚rszomjas csiga;a feh‚r holl¢;a besz‚l‹ papag j;C;NYELV
"A n¢ta szerint ""hol j”ttem a vil gra""?";r¢zsabokorban;szl‹otthonban;foly¢parton;focip ly n;A;IRODALOM
Hogyan reszket a f z¢ vagy ijedt ember a sz¢l s szerint?;mint a ny rfalev‚l;mint a miskolci kacsa;mint a harcsabajusz;mint Marci hevesen;A;NYELV
Mib‹l k‚szlt kir lyfir¢l ¡rt t ncj t‚kot Bart¢k B‚la?;selyemb‹l sz‹tt;pap¡rb¢l hajtogatott;f b¢l faragott;gyurm b¢l form lt;C;OPERA
"Ki a harmadik f‹szerepl‹je a klasszikus westernnek? ""A j¢, a rossz ‚s ?""";a randa;a bamba;a cs£f;az angyal;C;FILM
Ki ti bele mindenbe az orr t?;aki bokszol¢;aki r”vidl t¢;aki sz¢rakozott;aki kotnyeles;D;NYELV
"Mi a c¡me a diszk¢korszak nagy sikerû filmj‚nek? ""Szombat esti ?""";fr sz;l z;t nc;n sz;B;FILM
"Milyen ""kir lyn‹r‹l"" ¡rt operettet K lm n Imre?";b l;cs¢kos;cs rd s;diszk¢;C;OPERA
Hogyan mondjuk m sk‚ppen, ha valakit nem viselt meg nagyon egy esem‚ny?;nem vette a h t ra;nem vette a kez‚be;nem vette a sz¡v‚re;nem vette a sz j ra;C;NYELV
Mi a szabadon fgg‹ l‹helyekkel k”zleked‹ dr¢tk”t‚lp lya neve?;lebeg‹;billeg‹;libeg‹;lobog¢;C;µLTALµNOS
Melyik egy ‚dess‚g elnevez‚se az al bbiak k”zl?;csau-csau;bonbon;dumdum;pompon;B;KONYHA
"Milyen ""Sz¡npad"" egy budapesti sz¡nh z neve?";Horoszk¢p;Mikroszk¢p;Sztereoszk¢p;Monoszk¢p;B;SZÖNHµZ
Milyen heteknek szok s nevezni az eskv‹t k”vet‹ id‹szakot?;szirupos;cukros;m‚zes;m zos;C;µLTALµNOS
Melyik  llatr¢l nevezt‚k el a falt”r‚sre haszn lt ostromeszk”zt?;a bik r¢l;a kosr¢l;a d£vadr¢l;az ”szv‚rr‹l;B;NYELV
Az al bbiak k”zl melyik egy ruhadarab neve?; gy‚kfûz‹; gy‚kk”t‹; gy‚kfûz‹; gy‚ktold¢;B;µLTALµNOS
Melyik egy nemzetk”zi h¡rnevû magyar ‚tel neve?;kond s;kan sz;guly s;juh sz;C;KONYHA
"Mi vagy ki ""sz¢l £jra"" a klasszikus western c¡me szerint?";a winchester;az ”reg seriff;a hatl”vetû;a kis indi n;C;FILM
Mi a londoni rend‹r”k k”zismert beceneve?;jimmy;jackie;bobby;stevie;C;µLTALµNOS
Melyik egy h£sk‚sz¡tm‚ny elnevez‚se az al bbiak k”zl?;kacsatej;marhavaj;diszn¢sajt;l¢t£r¢;C;KONYHA
Mivel t”mi a has t, aki vackort eszik?;tengeri herkentyûvel;n di posz t val;vacak cukorral;vadk”rt‚vel;D;KONYHA
Kiknek a napja  prilis 1-je Magyarorsz gon a hagyom ny szerint?;boh¢cok;bork¢stol¢k;bolondok; pol¢k;C;µLTALµNOS
"Milyen ""t”rzs"" egy stem‚ny neve?";fa;f‹;haj¢;mohik n;A;KONYHA
Ki volt a H¢feh‚rke ‚s a h‚t t”rpe c¡mû Disney-rajzfilm t”rp‚je?;Kandi;Undi;Bandi;Szundi;D;FILM
Melyik egy ‚tel elnevez‚se?;cint ny‚ros;m‚lyt ny‚ros;r‚zt ny‚ros;fat ny‚ros;D;KONYHA
"Eg‚sz¡tse ki a Pet‹fi-mû c¡m‚t! ""A helys‚g ?""";fejsz‚je;balt ja;fokosa;kalap csa;D;IRODALOM
"Eg‚sz¡tse ki  a mond st! ""Tudja, hol szor¡t ?""";az id‹;a der‚ksz¡j;a cip‹;a vasmarok;C;NYELV
Az al bbiak k”zl melyik egy p‚k ru elnevez‚se?;duci;pufi;pici;buci;D;KONYHA
Melyik gym”lcs nem esik messze a f j t¢l a mond s szerint?;a vilmosk”rte;a k¢kuszdi¢;az alma;a kukacos cseresznye;C;NYELV
"Milyen ""b stya"" ‚plt Schulek Frigyes tervei szerint a budai V rhegyen?";vad sz;¡j sz;hal sz;madar sz;C;PÖTSZET
"Melyik ""f nk"" egy stem‚ny neve?";tisztvisel‹;k‚pvisel‹;hadvisel‹;megvisel‹;B;KONYHA
Az al bbiak k”zl melyik egy termesztett doh nyfaj elnevez‚se?; s¢;kasza;kapa;nagyharang;C;BIOLàGIA
Mi sz ll el az ¡r ssal ellent‚tben a mond s szerint?;a tintaszag;az ¡nhvelygyullad s;a sz¢;a lufi;C;µLTALµNOS
Hogy h¡vj k a jelent‚ktelen gyben folytatott pert?;kappanviadal;ty£kper;flemle-vita;bolhaper;B;µLTALµNOS
Mit mond, aki felsl valamiben?;h‚tf‹t;keddet;szerd t;cst”rt”k”t;D;NYELV
Kik alak¡tj k a divatir nyzatokat?;a divats m nok;a ruhaguruk;a n‹szobr szok;a divatdikt torok;D;µLTALµNOS
"Eg‚sz¡tse ki a mond st! ""Helyes a b‹g‚s, ?""";tigris;oroszl n;teh‚n;kakadu;B;NYELV
Az al bbiak k”zl melyiket haszn lj k a bor szok?;cs¢r¢;csen‹;orz¢;lop¢;D;µLTALµNOS
"Milyen ital szerepel Horv th Charlie sz m nak c¡m‚ben: ""J‚g ?""";alkoholmentes s”rrel;dupla k v‚val;szimpla brandyvel;dupla whiskyvel;D;ZENE
Melyik k”zleked‚si eszk”z nev‚nek r”vid¡tett form ja a HV?;Helyi‚rdekû Vas£t;Hossz£ letû Vas£t;Hamar rkez‹ Vas£t;Helyi ‚s v rosk”zi Vas£t;A;µLTALµNOS
Hov  b mul a borj£ a mond s szerint?;az £j v ly£ra;az £j legel‹re;az £j kapura;az £j bik ra;C;NYELV
Az al bbiak k”zl melyik a kukorica egyik n‚pi elnevez‚se?;tavi;tengeri;folyami;pataki;B;NYELV
Hol bûzlik valami a sz ll¢ige szerint?;a vegyszerboltban;a zoknis fi¢kban;a sajtrakt rban;D ni ban;D;NYELV
Melyik egy a spiritiszta sze nszokon folytatott k”zismert tev‚kenys‚g?;sz‚k£sztat s;hokedliugrat s; gyfuttat s;asztalt ncoltat s;D;µLTALµNOS
Milyen kand£r szerepel az ismert mes‚ben?;bocskoros;kalucsnis;bakancsos;csizm s;D;IRODALOM
Ki Castor ikertestv‚re a g”r”g ‚s a r¢mai mitol¢gi ban?;Delux;Cellux;Pollux;Pollen;C;VALLµS
Milyen levonat szerepelt a nyomd szok szaknyelv‚ben?;f‚sû;csipesz;kefe;pumpa;C;NYELV
Mit csin lhatunk a nyom val annak, aki kereket oldott?;forr¢n tarthatjuk;bottal thetjk;gipszbe ”nthetjk;elsepergethetjk;B;NYELV
Kit vagy mit nevez a n‚pnyelv tr‚f san g‚zeng£znak?;a pajkos mong£zb‚bit;a rakonc tlan gyereket;a huncut k”t”z‹n‹v‚rt;a kigyoml lt gazt;B;NYELV
Mi keletkezik sav ‚s b zis k‚miai reakci¢j b¢l?;s¢;bors;szegfûszeg;gy”mb‚r;A;TUDOMµNY
Milyen a h ta a borzong¢ embernek a mond s szerint?;k¡gy¢b‹rben;kutyab‹rben;angyalb‹rben;libab‹rben;D;NYELV
"Milyen ""bety rnak"" nevezik a n‹ket lesz¢l¡t¢, szemtelen f‚rfit?";bitumen;cement;aszfalt;gipsz;C;NYELV
Melyik  llat cs b¡totta el v t, hogy szak¡tson a tiltott fa gym”lcs‚b‹l?;szam r;holl¢;k¡gy¢;teve;C;VALLµS
Melyik testr‚sz‚t ti meg az, akinek meggyûlik a baja valakivel?;lep‚t;bok j t;t‚rd‚t;l bujj t;B;µLTALµNOS
"Hogyan sz¢l a r‚gi felki lt s? ""Eb ura ?!""";bak¢;Mak¢;zak¢;fak¢;D;NYELV
Mit hagy ott, aki hirtelen t vozik?;h zat, haz t;csapot, papot;zabot, babot;tany t, bany t;B;NYELV
Hogyan ismerni meg a m sik embert a mond s szerint?;lakva;j¢llakva;mag nnyomoz¢val; lm ban;A;NYELV
"Hogyan folytat¢dik az ismert gyermekmond¢ka: ""Ecc-pecc ?""?"; tj”hetsz;lelhetsz;kimehetsz;megehetsz;C;IRODALOM
Mib‹l mit csin l, aki elt£loz egy probl‚m t?;bolh b¢l elef ntot;kecsk‚b‹l k poszt t;f b¢l vaskarik t;hangy b¢l mamutot;A;NYELV
Hogyan nevezte a n‚pnyelv az elhanyagolt ”lt”zetû embert?;orrabukott; gr¢lszakadt;l¢r¢lesett;iccel tott;B;NYELV
Melyik egy k”zleked‚si eszk”z elnevez‚se?;cs£sz¢;m sz¢;sikl¢;k£sz¢;C;µLTALµNOS
Az al bbiak k”zl melyikkel nem foglalkozik a botanikus?;fûvel;f val;vadvir ggal;vadmacsk val;D;BIOLàGIA
Milyen betût csin l, aki kerl‹utat t‚ve jut el valahov ?;csizmadia;varga;kov cs;borb‚ly;B;NYELV
Mi t”rt‚nik a nagyon meglep‹d‹ emberrel?;kisz rad az ajka;leesik az  lla;kihullik a haja;v‚rben forog a szeme;B;µLTALµNOS
Milyen nevû hotelr‹l ‚nekelt a Hung ria egyttes 1981-es lemez‚n?;Hotel Menthol;Hotel µnizs;Hotel Gy”mb‚r;Hotel Nug t;A;ZENE
Ki nem H¢feh‚rke h‚t t”rp‚j‚nek az egyike?;Morg¢;Hapci;Szende;T”rper‹s;D;IRODALOM
Milyen lehet egy g‹te az al bbiak k”zl?;b£bos;tarajos;b¢bit s;copfos;B;BIOLàGIA
Mi a derelye m sik elnevez‚se?;s¢gorszeme;szam rfle;bar tfle;malacfarka;C;KONYHA
Milyen  llat Donald, Walt Disney vil gh¡rû rajzfilmh‹se?;kisvakond;polip;kacsa;muslica;C;FILM
Hol nem j¢ lakni a n‚pdal szerint?;kutya¢lban;hat r sz‚l‚n;t rsash zban;erd‹ mellett;D;IRODALOM
Milyen juh sz szerepel az ismert mes‚ben?;vasorr£;ty£keszû;lap tflû;csillagszemû;D;IRODALOM
"Hogyan folytat¢dik az ismert magyar n‚pk”lt‚s: ""Kerekecske, gombocska, itt szalad a ?""?";lovacska;r¢k cska;nyulacska;gy¡kocska;C;IRODALOM
Mely rokonaid j”jjenek ide a mond s szerint?;h£god, b ty d;n‚n‚d,  ngyod;ap d, any d;kuzinod, kom d;C;NYELV
Az al bbiak k”zl melyik egy tr‚f s dorg l s?;macskany vogta;galambb£gta;ebugatta;libag gogta;C;NYELV
Mit k‚sz¡tenek cirokb¢l?;cir¢k t;par¢k t;seprût;kosarat;C;µLTALµNOS
Kir‹l sz¢l Saint-Exup‚ry h¡res mûve?;a kis kir lyfir¢l;a kis hercegr‹l;a kis apr¢dr¢l;a kisv llalkoz¢r¢l;B;IRODALOM
"Eg‚sz¡tse ki a mond st! ""Ember embernek ?""";ig slova;hat”kre;keselyûje;farkasa;D;NYELV
Milyen  llattal tal lkozik a meseh‹s Piroska az erd‹ben?;m¢kussal;farkassal;r¢k val;mormot val;B;IRODALOM
Az al bbiak k”zl melyik egy magyar n‚pt nc?;kocsm s;cseh¢s;fogad¢s;cs rd s;D;µLTALµNOS
"Mi a c¡me Akira Kuroszava vil gh¡rû filmj‚nek: ""A h‚t ?""";pucer j;bonsz j;szamov r;szamur j;D;FILM
"Mik ""laknak"" kl”n a k‚tlaki n”v‚nyeken?";a levelek ‚s a gy”kerek;a porz¢s ‚s a term‹s vir gok;a madarak ‚s a m‚hek;az ”sszeveszett katic k;B;BIOLàGIA
Milyen  llatb¢l szerepel sz zn l t”bb Walt Disney rajzfilmj‚nek c¡m‚ben?;kismalac;b‹reg‚r;kiskutya;kakukkfi¢ka;C;FILM
Az al bbiak k”zl melyiket eszik meg?;nyenyec;kuszkusz;dumdum;limlom;B;KONYHA
Milyen b‹r jelenik meg rajtunk, ha f zunk vagy megijednk?;narancsb‹r;libab‹r;szatty nb‹r;szalonnab‹r;B;BIOLàGIA
"Melyik ""alma"" egy n”v‚ny neve?";gr dics;gr n t;g‚bics;gubacs;B;BIOLàGIA
Mi lesz a r£t kiskacs b¢l Andersen mes‚j‚ben?;pulyka;hatty£;strucc;r£t nagykacsa;B;IRODALOM
Melyik  llatokr¢l nevezt‚k el egy szak llt¡pust?;bagoly;kecske;oroszl n;f¢ka;B;µLTALµNOS
Melyik egy levest‚szta elnevez‚se?;csiperke;csics¢ka;csipetke;csuporka;C;KONYHA
Mit neveznek folyond rnak?;folyami dand rt;a melegv¡z  r t;k£sz¢n”v‚nyt;cip‚szszersz mot;C;NYELV
Mit tanul a kisdi k, akinek az ¡r st oktatj k?;a betûsz nt st;a betûszed‚st;a betûvet‚st;a betû”nt‚st;C;µLTALµNOS
Melyik zenekart vezeti a pr¡m s?;a cig nyzenekart;a macskazenekart;a tûzolt¢zenekart;t nczenekart;A;OPERA
Milyen stem‚nyr‹l ‚nekelt Kiss Manyi?;csokis;habos;t£r¢s;di¢s;B;µLTALµNOS
Ki akarta megstni Jancsit az ismert mes‚ben?;a mostoha;a boszork ny;Juliska;a p‚k;B;IRODALOM
Mij‚t mutatja ki, aki felfedi val¢di rossz tulajdons gait?;az ”kle erej‚t;a karma hossz t;a foga feh‚r‚t;az ep‚je s rg j t;C;NYELV
Mit mond a bagoly a ver‚bnek a k”zmond s szerint?;hogy nagyhang£;hogy nagyfejû;hogy mitugr sz;hogy kis t”pszli;B;NYELV
Milyen tengeralattj r¢ szerepel a Beatles egyttes zen‚j‚re k‚szlt rajzfilm c¡m‚ben?;s rga;lyukas;z”ld;atom;A;ZENE
Mi a c¡me Karinthy ismert irodalmi par¢diagyûjtem‚ny‚nek?;Ezt meg ki ¡rta?;Ögy ¡rtok ti;n pedig ¡gy ¡rok;Ögy irtok ‚n;B;IRODALOM
"Mi v lasztja el a szerelmeseket a mes‚kben? ""µs¢, kapa, ?""";kakassz¢;nagyharang;atyai szigor;az àperenci s tenger;B;µLTALµNOS
Hol k”lt a ruca a n‚pdal szerint?;mez‹ fv‚n;erd‹ m‚ly‚n;k ka t”v‚n;eresz alatt;C;IRODALOM
Melyik egy Vivien Leigh f‹szerepl‚s‚vel k‚szlt legend s film c¡me?;Elmosta az es‹;Els”p”rte a torn d¢;Elf£jta a sz‚l;Betemette a h¢;C;FILM
Melyiket k‚ri, aki t‚szt t k¡v n enni?;k poszt s cekkert;k poszt s cvikkert;k poszt s cvekedlit;k poszt s cukkinit;C;KONYHA
Mit adnak annak, aki bd”sk‚t kap aj nd‚kba?;borzk”lyk”t;juhsajtot;n”v‚nyt;romlott k”lnit;C;NYELV
Milyen  gra verg‹dik az elboldogul¢ ember?;mad rlakta;b‹ven term‹;z”ld;arany;C;µLTALµNOS
Mit dob be a mond s szerint, aki felad valamit?;a t‚tet;a t”rlk”z‹t;a kulcsot;a csatab rdot;B;NYELV
A sz¢l s szerint mire ‚p¡t az, aki bizonytalan dologra alapoz?;v¡zre;vegre;homokra;pap¡rra;C;NYELV
Melyik egy ‚telt¡pus elnevez‚se?;lef£jt;kif£jt;elf£jt;felf£jt;D;KONYHA
Milyen lehet egy bajusz?;kacif ntos;kacki s;bakaf ntos;bag¢les‹;B;µLTALµNOS
Mit k‚rdez H¢feh‚rke mostoh ja a tk”rt‹l?;Hogy n‚z ki az veges?;L tszanak-e a szarkal bak?;Haszn ljak-e alapoz¢t?;Ki a legszebb a vid‚ken?;D;IRODALOM
Mi t”r”tt el a mond s szerint ann l, aki s¡rva fakad?;a r¢zsa t”ve;a m‚cses;a l¢patk¢;a kard ntengely;B;NYELV
Mi a neve a rabsz ll¡t¢ aut¢nak?;pand£rszek‚r;rabomobil;bety rmoped;fogolybat r;B;µLTALµNOS
Melyik egy mez‹gazdas gi betakar¡t si munka?;zabhegyez‚s;r‚paz£z s;dinnyed”f‚s;kukoricat”r‚s;D;µLTALµNOS
Melyik egy sakkl‚p‚s neve?;teveget‚s;l¢ugr s;malacv gta;csigafut s;B;JµTK
Melyik egy £tburkolati jel neve?;nyit¢vonal;csuk¢vonal;z r¢vonal;tûzvonal;C;µLTALµNOS
Milyen pog csa a n‚pmes‚k £traval¢ja?;tejben f‹tt;tepert‹s;sz‚nn‚ ‚gett;hamuban slt;D;IRODALOM
Mit kap, akinek pralin‚t aj nd‚koznak?;illatszert;lik‹rt;‚dess‚get;kit‚st;C;NYELV
Hogyan ‚bresztik fel Csipker¢zsik t a mes‚ben?;muzsik val;cs¢kkal;forr¢ k v‚ illat val;egy v”d”r v¡zzel;B;IRODALOM
Mi a neve a j‚gen kis sz ntalpakon cs£sz¢, botokkal hajtott sz‚knek?;vasmacska;r‚zteh‚n;¢lomny£l;fakutya;D;µLTALµNOS
Meddig issza le mag t a sok alkoholt fogyaszt¢ ember a mond s szerint?;az avarig;a pocsoly ig;a s rga f”ldig;a vakondj ratig;C;NYELV
Milyen konyhai eszk”z szerepel Csajkovszkij vil gh¡rû balettj‚nek c¡m‚ben?;h£sklopfol¢;m kdar l¢;sodr¢fa;di¢t”r‹;D;MëVSZET
Hogyan nevezi a n‚pi sz¢l s a szabad pr‚d ra hagyott holmit?;Buzs ki sz‚n ja;Cs ki szalm ja;De kn‚ v szna;Morzsa kutya vacsor ja;B;NYELV
Hogy nevezik m sk‚pp az egyetemi leckek”nyvet?;k¢dex;index;telex;m trix;B;µLTALµNOS
"Milyen mesebeli ruhadarab ""h‚tm‚rf”ldes""?";gatya;csizma;kalap;bunda;B;µLTALµNOS
Miv‚ tesszk a mond s szerint azt, aki hagyja mag t f‚lrevezetni?;szam rr ;”szv‚rr‚;birk v ;l¢v ;D;NYELV
Ki foglalkozik  llati b‹r”k kik‚sz¡t‚s‚vel?;a szat¢cs;a t¡m r;az ”tv”s;a kozmetikus;B;µLTALµNOS
Melyik egy h¡res magyar ‚tel neve?;vad szl‚;madar szl‚;hal szl‚;kan szl‚;C;KONYHA
Milyen szemû az ‚lesen l t¢ ember?;sas;bab;gomb;ty£k;A;NYELV
Mit dob Kukorica Jancsi Tnd‚rorsz g tav ba?;egy k”vet;egy ¢ri st;egy aranyhalat;egy r¢zs t;D;IRODALOM
Melyik id‹j r si jelens‚gnek l¢ghat a l ba a mond s szerint?;a k”dnek;az es‹nek;a z£zmar nak;a mennyd”rg‚snek;B;NYELV
"Milyen ""der‚knak"" nevezik a nagyon karcs£ n‹i derekat?";sz£nyog;bolha;dar zs;kullancs;C;NYELV
Mit kap az elutas¡tott k‚r‹?;tariszny t;batyut;kosarat;isz kot;C;µLTALµNOS
Mi a neve Csuk s Istv n h¡res s rk ny nak?;Oriza Trizny k;Pompom;L”k”ttke;Ss;D;IRODALOM
Az al bbiak k”zl melyik lehet t‚rdnk egyik csontj nak a neve is?;kugl¢f;bukta;bri¢s;kal cs;D;BIOLàGIA
"Milyen a ""szomsz‚d n‹je"" Jack Lemmon ‚s Walter Matthau filmj‚nek c¡me szerint?";mindig sz‹k‚bb;mindig z”ldebb;mindig teltebb;m‚lyebb dekolt zs£;B;FILM
Ki foglalkozik diszn¢”l‚ssel az al bbiak k”zl?;pint‚r;sint‚r;b”ll‚r;zsell‚r;C;µLTALµNOS
Milyen sltre v r a t‚tlen ember a mond s szerint?;csirk‚re;oldalasra;galambra;b‚kacombra;C;µLTALµNOS
"Mi a c¡me a Bud Spencer f‹szerepl‚s‚vel k‚szlt filmnek: ""n ?""";a sndiszn¢kkal sz£rok;a v¡zilovakkal vagyok;a cetekkel £szom;Terence Hill-lel vagyok;B;FILM
"Folytassa a mond st! ""Akkor l ssam, amikor ?!""";a Duna fenek‚t;a h tam k”zep‚t;az  ngyom t‚rdkal cs t;az isp n poroszl¢j t;B;NYELV
Az al bbiak k”zl melyiket lehet vizsg lni a planet riumban?;holdk¢ros betegeket;naphalakat;‚gitesteket;egysejtûeket;C;TUDOMµNY
Melyik lehet szelindek az al bbiak k”zl?;gesztenye;galamb;kutya;bamba f‚rj;C;NYELV
"Melyik ""h¡r"" egy n”v‚ny neve?";fsti fecskeh¡r;varangyos b‚kah¡r;buta libah¡r;mocs ri g¢lyah¡r;D;BIOLàGIA
"Melyik ""es‹"" egy n”v‚ny neve?";arany;savas;j‚g;¢nos;A;BIOLàGIA
Mi t”rt‚nik a mond s szerint azzal, aki m snak vermet  s?;est‚re elf rad;kisebesedik a tenyere;homok megy a szem‚be;maga esik bele;D;NYELV
Hogyan nevezi a n‚pnyelv a j mbors got sz¡nlel‹ gonosz embert?;farkasb‹rbe b£jt b r ny;b r nyb‹rbe b£jt farkas;ny£lb‹rbe b£jt r¢ka;r¢kab‹rbe b£jt ny£l;B;NYELV
"Melyik testr‚sznket ""m‚rhetjk"" percekben?";v llunkat;ujjainkat;cs¡p‹nket;nyakunkat;B;BIOLàGIA
Hogyan szok s nevezni az elveit ‚rdek szerint v ltoztat¢ embert?;k”p”nyegforgat¢;s ltekerget‹;kab tgombolgat¢;cip‹koptat¢;A;µLTALµNOS
Mi nem lehet senki sem a saj t haz j ban a mond s szerint?;pr¢k tor;pr¢f‚ta;professzor;producer;B;µLTALµNOS
Mit tesz a tûzre a csintalan gyermek a mond s szerint?;nedves gallyat;rossz f t;olcs¢ brikettet;olajos rongyot;B;NYELV
Mit mondunk a szakm j ban r‚g¢ta tev‚kenyked‹ emberre?;r‚gi gyalogos;r‚gi biciklis;r‚gi motoros;r‚gi aut¢s;C;µLTALµNOS
Hogy nevezik a sz¡nh zi karzat legfels‹ helyeit?;fecskef‚szek;kakukkf‚szek;kakasl‹;libadûl‹;C;SZÖNHµZ
Hogyan tûnik el a nyom n‚lkl elkall¢d¢ t rgy a mond s szerint?;sz‹r‚n-sz l n;fl‚n-fark n;‚ren-n don; rkon-bokron;A;NYELV
Hogyan nevezik a sportban azt, amikor a csapatok el‹zetesen meg llapodnak a v‚geredm‚nyben?;fel”lt‹;k”dm”n;suba;bunda;D;µLTALµNOS
Hogy nevezik a s”rfogyaszt st seg¡t‹ ‚teleket?;s”rsz m;s”rkorcsolya;s”rtrojka;s”rcs£szka;B;KONYHA
Melyik egy f‹z‹ed‚ny neve az al bbiak k”zl?;boj r;bojt r;kukta;bukta;C;µLTALµNOS
Mi a csiszol¢pap¡r m sik elnevez‚se?;ringli;snidling;krigli;smirgli;D;µLTALµNOS
Melyik n”v‚ny nev‚t viseli haz nk egyik hegys‚ge?;bors;bkk;birs;csersz”m”rce;B;NYELV
"Milyen ""h£s"" egy ny rson st”tt ‚tel neve?";rabl¢h£s;tolvajh£s;bety rh£s;pand£rh£s;A;KONYHA
Hova megy, aki te trumba k‚szl?;kocsm ba;sz¡nh zba;teah zba;t nciskol ba;B;NYELV
Melyik  llat esik mindig a talp ra a k”zhiedelem szerint?;gorilla;macska;sz zl b£;k¡gy¢;B;µLTALµNOS
Mit csin l a g‚pkocsi motorja, amikor t£lzott terhel‚s miatt hirtelen meg ll?;kifullad;elfullad;lefullad;megfullad;C;TECHNIKA
Mit vett mag ra az a f‚rfi, aki katonai egyenruh ba b£jt?;krinolint;kombin‚t;kond‚rt;mund‚rt;D;µLTALµNOS
Melyik v¡zi llat nev‚t viseli a fl kls‹ r‚sze?;polip;med£za;kagyl¢;c pa;C;BIOLàGIA
"Eg‚sz¡tse ki a gyerekverset! ""Egy kis malac, r”f-r”f-r”f, ?""";trombit lgat: t”f-t”f-t”f;dagony zgat: Cupp-cupp-cupp;vacsor zgat: Nyam-nyam-nyam;folyton vis¡t: U¡-u¡-u¡;A;IRODALOM
Hogyan fejezi ki a mond s, hogy megv ltoztak a k”rlm‚nyek?;M s nap st az ‚gen.;M s szelek f£jnak.;M s vill mok d”r”gnek.;M s es‹ csepereg.;B;NYELV
Mi a neve Kanga kicsiny‚nek a Micimack¢ban?;Zsebib”be;Zsebibubu;Zsebib‚bi;Zsebibaba;D;IRODALOM
Ki menti meg Pirosk t ‚s a nagymam t a mes‚ben?;a kir lyfi;a vad sz;a csillagszemû juh sz;a h rom kismalac;B;IRODALOM
Mi kell a j¢ munk hoz a mond s szerint?;ihlet;id‹;”t‚ves terv;b‚remel‚s;B;NYELV
Mit terem a trelem a mond s szerint?;rezed t;gerber t;nefelejcset;r¢zs t;D;NYELV
"Hogyan folytat¢dik a mond s? ""Sz‚gyen a fut s, de ?""";gyorsabb a s‚t n l;hasznos;eg‚szs‚ges;okos megold s;B;NYELV
"Hogyan sz¢l Arkhim‚d‚sz sz ll¢ig‚je? ""Ne zavard ?!""";k”reimet;rombuszaimat;h romsz”geimet;paralelepipedonjaimat;A;TUDOMµNY
"Milyen ""repl‚s"" egy sport g neve?";boszork ny;tnd‚r;s rk ny;kobold;C;SPORT
Melyik egy t‚szta‚tel neve?;fst”s;szenes;tzes;l ngos;D;KONYHA
"Melyik ""burgonya"" egy ‚tel elnevez‚se?";sz‚na;szalma;bog ncs;boglya;B;NYELV
Melyik egy ‚p¡tm‚ny elnevez‚se az al bbiak k”zl?;harangfl;harangnyelv;harangk‚z;harangl b;D;PÖTSZET
Hov  tart Piroska a mes‚ben?;az iskol ba;a kal cs rushoz;a nagymam j hoz;a vad szhoz;C;IRODALOM
Mi a l‚lekveszt‹?;k rtya;p linka;kis cs¢nak;a pszichi ter kanap‚ja;C;NYELV
Milyen ‚vszakjuk van a v‚nasszonyoknak a sz¢kapcsolat szerint?;tele;tavasza;nyara;‹sze;C;NYELV
"Milyen ""pecsenye"" egy h£s‚tel neve?";b‚la;icus;nusi;laci;D;KONYHA
"Melyik ""meteorol¢giai kifejez‚s"" illik egy Rejt‹-reg‚ny c¡mszerepl‹n‹j‚re?";v”r”s torn d¢;fekete passz t;barna sirokk¢;sz‹ke ciklon;D;IRODALOM
Milyen n‚ven szok s illetni a sorozatosan gyetlen embert?;balfajd;jobbt£zok;balf c n;jobbfrj;C;NYELV
Melyik elj r ssal sûr¡tik az ‚telt az al bbiak k”zl?;hadar ssal;habarccsal;habar ssal;hacuk val;C;KONYHA
Az al bbiak k”zl melyik egy konyhai eszk”z neve?;t”kfed‹;t”kgyalu;t”kkobak;t”kr spoly;B;NYELV
Mit hord ”ssze az ”sszevissza besz‚l‹ ember?;hetet-havat;tcsk”t-sz”csk‚t;kecsk‚t-macsk t;sz‚n t-szalm t;A;NYELV
Mit ne tegyen a mond s szerint az, aki nem dolgozik?;ne is igy‚k;ne is egy‚k;ne is aludj‚k;ne is mulass‚k;B;NYELV
Ki bocs totta ki a Magna Chart t?;I. Oroszl nsz¡vû Rich rd;I. F”ldn‚lkli J nos;II. Magn‚lkli J nos;IV. Oroszl nszag£ Rich rd;B;T™RTNELEM
Mikkel ‚keskedik a mond s szerint, aki m s gondolatait saj tjak‚nt tnteti fel?;idegen szalagokkal;idegen tollakkal;idegen selymekkel;idegen brillekkel;B;NYELV
"Milyen testr‚szre ""esett"" a neh‚z helyzetben gyorsan j¢ megold st tal l¢ ember?";talpra;orra;t‚rdre;fen‚kre;A;NYELV
Milyen egys‚gben m‚rik a szemveg lencs‚j‚nek er‹ss‚g‚t?;luxban;dioptri ban;fokban;araszban;B;TUDOMµNY
Milyen l‚ny a r‚mfilmekb‹l ismert Drakula?;farkasember;p¢kember;es‹ember;v mp¡r;D;FILM
Kik vagy mik hallgatnak Anthony Hopkins Oscar-d¡jas horrorfilmj‚nek c¡m‚ben?;a s rk nyok;a b r nyok;a halak;a pszichi terek;B;FILM
Hogy nevezik a n‹i orvostanhallgat¢t?;naiva;komika;tragika;medika;D;NYELV
Milyen  llat nev‚t viseli az apr¢, feh‚res gomolyagokb¢l  ll¢ ritk s felh‹?;komondor;jegesmedve;ang¢rany£l;b r ny;D;NYELV
"Milyen ""tej"" egy tejk‚sz¡tm‚ny neve?";j tszott;evett;ivott;aludt;D;KONYHA
Melyik egy tr‚f san indulatos n‚pi kifejez‚s az al bbiak k”zl?;Daloljon neki a vet‚si varj£!;Vigye el a k nya!;Pottyantsa le a galamb!;L‚pjen a l b ra a strucc!;B;NYELV
"Hogyan fejezi ki a mond s valaminek a kedvez‹tlen von sait? ""Nem fen‚kig ?""";tejsz¡n;kef¡r;tejfel;t£r¢;C;NYELV
Az al bbi ruhadarabok k”zl melyiket k‚sz¡tette a szûcs?;facip‹t;sz‹rmebund t;szalmakalapot;v szoninget;B;µLTALµNOS
Hogy nevezik a filmek szerencs‚s v‚gkifejlet‚t?;happy day;happy end;sunny end;weekend;B;µLTALµNOS
Mi nem z”r”g a mond s szerint, ha nem f£jja a sz‚l?;eresz;haraszt;rol¢;csontv z;B;NYELV
Milyen eszk”zh”z er‹s¡tik a lovak istr ngj t?;s mf hoz;h mf hoz;kof hoz;satraf hoz;B;µLTALµNOS
"Milyen ""t‚szta"" egy levesbet‚t elnevez‚se?";gy¡k;k¡gy¢;b‚ka;csiga;D;KONYHA
"Milyen ""csal d"" szerepel Pal sthy Gy”rgy nagysikerû ifj£s gi filmj‚nek c¡m‚ben?";hebehurgya;teszetosza;szeleburdi;ugribugri;C;FILM
Hogy nevezik az ember legh ts¢ nagy”rl‹ fog t, mely rendszerint utolj ra n‹ ki?;irigys‚gfog;b”lcsess‚gfog;hazugs gfog;m‚regfog;B;BIOLàGIA
Az al bbiak k”zl melyik egy Horv th Charlie-sl ger c¡me?;Sz¢dav¡z bubor‚kokkal;Tejesk v‚ k‚t cukorral;Alkoholmentes s”r habbal;J‚g dupla whiskyvel;D;ZENE
Milyen R¢zsik r¢l ¡rt balettet Csajkovszkij?;pamut;gyapj£;b rsony;csipke;D;MëVSZET
Ki m‚rgezi meg H¢feh‚rk‚t a mes‚ben?;a kir lyfi;a mostoha;Kuka;a f‹szak cs;B;IRODALOM
Kit neveznk pancsernek?;lubickol¢ gyermeket;puncsk‚sz¡t‹ mixert;folyton panaszkod¢ embert;k‚tbalkezes szem‚lyt;D;NYELV
"Mi a neve a n‚pszerû gyerekj t‚knak: ""Adj, kir ly, ?!""";koron t;katon t;kintorn t;kalod t;B;µLTALµNOS
Hogy nevezik a nyersolajat sz ll¡t¢ tart lyhaj¢kat?;cethaj¢;anyahaj¢;tankhaj¢;torped¢haj¢;C;µLTALµNOS
Mi volt a neve a legsikeresebb, ”sszesen 54 gy‹zelmet aratott magyar versenyl¢nak?;Dr g m;Gy”ngy”m;Kincsem;Rubintom;C;µLTALµNOS
Hogyan szok s nevezni m sk‚pp a brost?;gramofontû;melltû;varr¢tû;biztos¡t¢tû;B;µLTALµNOS
"Meddig ""megy"" az indulatos vita a mond s szerint?";balta‚lig;k‚shegyig;kapany‚lig;cs£zlisz rig;B;NYELV
Hogyan nevezik a n‹i egyenjog£s g‚rt kzd‹ szem‚lyt?;filatelista;futurista;fatalista;feminista;D;µLTALµNOS
Hogy nevezik a kezd‹ aut¢vezet‹t?;naspolya;datolya;mazsola;man¢cska;C;µLTALµNOS
"Milyen ""b‹rnek"" nevezik a katonai egyenruh t?";s rk ny;angyal;kutya;l¢;B;NYELV
A sz‹l‹ mely r‚sz‚nek neve egyezik meg Marx legismertebb mûv‚nek c¡m‚vel?;kacs;frt;inda;t‹ke;D;µLTALµNOS
Az al bbiak k”zl melyik egy sz‹l‹fajta neve?;menyecske;le nyka;asszonyka;fi£cska;B;BIOLàGIA
Hogyan szok s nevezni az ‚retlen, felel‹tlen gyereket?;pincsi;foxi;tacsk¢;pitbull;C;µLTALµNOS
Mi j”n meg ev‚s k”zben a mond s szerint?;v ratlan vend‚g;ihlet;‚tv gy;gyomorg”rcs;C;NYELV
Milyen tenger szerepel gyakran a magyar n‚pmes‚kben?;Burkus;àperenci s;Mad rl tta;H‚tm‚rf”ldes;B;IRODALOM
Milyen kismalac szokott t£rni a mes‚kben?;trombita orr£;kurta fark£;pocsoly ban frd‹;korpa k”z‚ keveredett;B;IRODALOM
"Milyen ""vad sz"" l that¢ a magyar k rtya t”k fels‹j‚n?";st”pszli;stopli;stszi;koca;C;JµTK
"Hogyan folytat¢dik a mond s? ""Minden j¢, ha ?""";j¢l kezd‹dik;j¢ a v‚ge;j¢kor van v‚ge;j¢ a n‚zetts‚ge;B;NYELV
Melyik sport gr¢l kapta nev‚t a k”ny”k egyik betegs‚ge?;tenisz;boksz;golf;sakk;A;BIOLàGIA
Milyen hatalomnak szok s nevezni egy t rsadalmi rend hivatalos fegyveres szerv‚t?;v ll;fej;sz¡v;kar;D;µLTALµNOS
Milyen Miska volt a c¡mszerepl‹je a nagy sikerû magyar zen‚s filmnek?;M gnes;M¢k s;M gn s;F kly s;C;FILM
Mivel j tssz k a bili rdot?;d rd val;kurblival;dakszlival;d k¢val;D;JµTK
Hogy nevezik az olcs¢ hat sokra t”rekv‹, rossz sz¡n‚szt?;pipacs;ipiapacs;pamacs;ripacs;D;SZÖNHµZ
Melyik egy p‚kstem‚ny neve az al bbiak k”zl?;r”ffencs;puffancs;roppancs;pukkancs;B;KONYHA
Hogyan szok s nevezni a felesleges harmadik szem‚lyt egy szerelmesp r t rsas g ban?;pocok;csacsi;elef nt;kacsa;C;µLTALµNOS
Minek a r”vid¡t‚se a DNS?;denatur ltszesz;dinosaurus;darwinizmus;dezoxiribonukleinsav;D;NYELV
Milyen k”rlm‚nyek k”z”tt fekete minden teh‚n a mond s szerint?; ramsznetkor;alag£t k”zep‚n;s”t‚tben;teljes napfogyatkoz skor;C;NYELV
Mit csin l, aki tov bb nehez¡t egy feszlt helyzetet?;f t visz az erd‹be;olajat ”nt a tûzre;vizet locsol a tengerbe;cukrot sz¢r a m‚zre;B;NYELV
Mije van a munk nak a mond s szerint?;l‚gi¢ja;band‚riuma;dand rja;kommand¢ja;C;NYELV
Melyik halfajta nev‚vel illetik a sov ny embert?;ponty;csuka;hering;keszeg;D;NYELV
Mivel hintett‚k be Karth g¢ romjait a r¢maiak a legenda szerint?;s¢val;borssal;bazsalikommal;oreg n¢val;A;T™RTNELEM
Milyen ember a potrohos a n‚pnyelv szerint?;irigy;pocakos;ostoba;kopaszod¢;B;NYELV
Melyik meteorol¢giai kifejez‚s nev‚t viseli egy v rt¡pus vagy v rr‚sz?;z por;felleg;szell‹;d‚r;B;NYELV
Mit tesznek az emberrel, amikor detoxik lj k?;m‚regtelen¡tik;tov bbk‚pzik;lefokozz k;besorozz k;A;NYELV
Melyik sz¢ jel”l egy fûr‚szt¡pust?;masni;szalag;csokor;zsin¢r;B;µLTALµNOS
Mi van a mond s szerint a szemtelen, tiszteletlen ember k‚p‚n?;piros pattan s;hamisk s r nc;vastag b‹r;friss sebhely;C;NYELV
Mi a terpentin?;lak sd¡sz;‚les kanyar;gyermekbetegs‚g;old¢- ‚s tiszt¡t¢szer;D;µLTALµNOS
Mit  ll¡tanak fel szabadr£g sn l a labda ‚s a kapu k”z‚?;sorfalat;rabicfalat;tûzfalat;spanyolfalat;A;SPORT
"Melyik ""m‚z"" egy ‚dess‚g neve?";tat r;t”r”k;kuruc;labanc;B;KONYHA
Mit csin lnak az okarin val?;megissz k;megf£jj k;learatj k;elk”ltik;B;NYELV
Melyik fûszerr‹l tartja a mond s, hogy kicsi, de er‹s?;bors;k”m‚nymag;lesty n;kakukkfû;A;NYELV
Eltûnik, mint a k mfor - tartja a mond s. De mi a k mfor?;tr¢pusi rovar;klf”ldi p‚nznem;krist lyos vegylet;alf”ldi bety r;C;NYELV
Milyen  llatot k”t a kar¢hoz a konok ember a mond s szerint?;lovat;kecsk‚t;ebet;bik t;C;NYELV
Hov  kapaszkodott fel az ‚rdemtelenl magas poz¡ci¢ba jutott r tarti ember a mond s szerint?;fut¢bab kar¢j ra;kast‚ly eresz‚re;villanyp¢zn ra;uborkaf ra;D;NYELV
Mivel eszik a sokat ‚s j¢ ‚tv ggyal t pl lkoz¢ ember a mond s szerint?;likas bend‹vel;nagy kan llal;arany vell val;p‚klap ttal;B;NYELV
Hogyan nevezi a n‚pnyelv a semmirekell‹, dologtalanul lebzsel‹ szem‚lyt?;p ckavar¢;l‚hût‹;agyv¡zforral¢;nedvsz¡v¢;B;µLTALµNOS
Hogy nevezik az ”k”lv¡v¢ m‚rk‹z‚sek k”telekkel elkerek¡tett n‚gyzet alak£ dobog¢j t?;apr¡t¢;sz r¡t¢;szor¡t¢;has¡t¢;C;SPORT
Hogy nevezik azt, aki el‹sz”r j tszik valamilyen szerencsej t‚kot?;tiszta k‚z;szûz k‚z;bal k‚z;irok‚z;B;µLTALµNOS
Kik a c¡mszerepl‹i Agatha Christie h¡res reg‚ny‚nek?;”t pici k¡nai;t¡z kicsi n‚ger;h£sz t”rpe busman;sz z apr¢ patag¢n;B;IRODALOM
Mit csin l a mond s szerint a m sik emberrel az, aki k”vetel‹z‚sre biztatja?;lovat ad al ;bakot tart neki;felkurblizza az ”ntudat t;al d£colja a sz nd‚kait;A;NYELV
Melyik egy Verne-reg‚ny c¡me?;N‚gy‚vi nyaral s;H rom‚vi sznid‹;K‚t‚vi vak ci¢;F‚l‚vi szabads g;C;IRODALOM
Melyik egy hossz£ cs‹rû mad r neve az al bbiak k”zl?;szalonka;budo rka;gardr¢bka;p holyka;A;BIOLàGIA
Mije j¢ annak a mond s szerint, aki idej‚ben megsejti a bek”vetkez‹ esem‚nyeket?;flcimp ja;l bikr ja;orra;ty£kszeme;C;µLTALµNOS
Melyik egy sz‚kely t nc elnevez‚se?;¢ld”nget‹;csûrd”ng”l‹;szûrgombol¢;g¢r‚bont¢;B;µLTALµNOS
Mi ut n ‚des a pihen‚s a mond s szerint?;eb‚d;kert‚szked‚s;munka;semmittev‚s;C;NYELV
Milyen ad¢ az  fa?; prilisban felemelt; llamilag fizetett; ltal nos forgalmi; llami felhalmoz¢;C;µLTALµNOS
Milyen ¢r nak nevezik a szerelmesek meghitt egyttl‚t‚t?;kond s;juh sz;guly s;p sztor;D;µLTALµNOS
Hogyan nevezt‚k a f‚rjes asszonyok  ltal hordott n‚pi fejviseletet?;fejs l;kontyal val¢;f‹k”t‹;haj-cih‹;C;µLTALµNOS
Melyik egy ‚tel neve?;mafla;bamba;m l‚;mulya;C;KONYHA
"Melyik ""torta"" egy stem‚ny neve?";f£v¢s;t‹s;dobos;kobzos;C;KONYHA
Melyik egy tornagyakorlatra hasonl¡t¢ gyermekj t‚k neve?;krumplih moz s;rizssz mol s;s¢t”r‚s;borsszippant s;C;µLTALµNOS
Mit csin l, aki r¢dlizik?;siel;sz nk¢zik;korcsoly zik;‚nekel;B;NYELV
Mi a c¡me az RTL Klub n‚pszerû sorozat nak?;Krapekok;F¢szerek;Pasik;Manusok;C;µLTALµNOS
"Mi a c¡me V rkonyi Zolt n M ndy Iv n mûve alapj n k‚szlt filmj‚nek: ""Csutak ‚s a ?""";k‚k gebe;z”ld teve;szrke l¢;pepita or ngut n;C;FILM
Melyik a tr‚ningruha m sik elnevez‚se?;boci;pipi;mack¢;pejk¢;C;µLTALµNOS
Milyen ital az asz£?;gin;rum;bor;aszaltszilva-l‚;C;KONYHA
Mivel mûk”dtek a r‚gi utcai telefonok?;tantr val;tant llal;tantusszal;tantalosszal;C;µLTALµNOS
"Hogy sz¢l a mond s: ""Karcs£, mint a ?""";szalmasz l;hangsz l;k‹sz l;n dsz l;D;NYELV
"Milyen ""keny‚r"" egy toj ssal k‚sz¡tett ‚tel neve?";sub s;kucsm s;bund s;bekecses;C;KONYHA
Mi az UFO  ltal nosan haszn lt neve?;repl‹ kond‚r;repl‹ szamov r;repl‹ m‚lyt ny‚r;repl‹ cs‚szealj;D;NYELV
"Milyen ""zseb"" tal lhat¢ egy f‚rfikab ton?";szivar;tub k;doh ny;feneketlen;A;µLTALµNOS
"Mik a ""l nyok"" a Cs rd skir lyn‹ c¡mû operett sl gere szerint?";amazonok;angyalok;angolok;ap c k;B;OPERA
Mivel sz lltak le az ûrhaj¢sok a Holdra?;holdtutajjal;holdb rk val;holdkomppal;holdusz llyal;C;TUDOMµNY
Melyik egy hig¡tott m‚zb‹l erjesztett szeszesital neve?;dar zskonyak;m‚hs”r;kapt rbor;full nkp linka;B;KONYHA
"Melyik ""cukor"" egy ‚dess‚g neve?";birka;medve;marha;szam r;B;KONYHA
Hogy h¡vj k a p linkaf‹z‚shez erjesztett gym”lcsl‚t?;cifra;cefre;cvikker;cekker;B;KONYHA
Hogyan fejezi ki a mond s, hogy elfogtak valakit?;Lecsaptak a sub j ra;Elkapt k a frakkj t;Kitett‚k a szûr‚b‹l;Megfogt k mente ment‚n;B;NYELV
Hol  ll¡tj k fel a barik dokat?;birka¢lakban;frd‹szob kban;utc kon;borpinc‚kben;C;µLTALµNOS
Melyik sz¢ jel”l egy kab tfajt t?;hurrik n;t jfun;ork n;torn d¢;C;µLTALµNOS
Melyik egy ‚telt¡pus elnevez‚se?;megcsin lt;becsin lt;kicsin lt;lecsin lt;B;KONYHA
Hogy nevezik a borok min‹s‚g‚t ‚rz‚kszerveivel vizsg l¢ szak‚rt‹t?;borkop¢;borissza;borsepr‹;bork¢stol¢;D;µLTALµNOS
Melyik a cip‹ felh£z s t megk”nny¡t‹ eszk”z?;cip‹villa;cip‹k‚s;cip‹oll¢;cip‹kan l;D;µLTALµNOS
"Melyik j rmû volt r‚gen ""ekh¢s""?";g‹zhaj¢;szek‚r;mozdony;l‚ghaj¢;B;TECHNIKA
Melyik egy sert‚sh£sfajta elnevez‚se?;puffad¢;duzzad¢;dagad¢;puffog¢;C;KONYHA
Melyikre k¡v ncsi, aki derbit n‚z?;l¢versenyre;ag rfuttat sra;kakasviadalra;sk¢t dudaversenyre;A;µLTALµNOS
Hogy nevezik a v‹leg‚ny n‹sl‚s el‹tti, bar taival tartott mulats g t?;le nyv s r;leg‚nyb£cs£;any¢sv r¢;bikaviadal;B;µLTALµNOS
Krumpli is, szoknya is lehet ilyen.;rakott;felf£jt;r ntott;ab lt;A;µLTALµNOS
Melyik egy birsalm b¢l k‚sz¡tett kocsony s ‚dess‚g?;birsalmavaj;birsalmat£r¢;birsalmasajt;felf£jt;C;KONYHA
Melyik egy h£s‚tel elnevez‚se?;p nc‚los;rost‚lyos;buzog nyos;sisakos;B;KONYHA
Mit csin l  lland¢an az, aki folyton nassol?;v s rol;eszeget;‚nekel;torn zik;B;µLTALµNOS
Mit v s rolt, aki szvettert vett mag nak?;vad szkuty t;ruh t;vitorl s haj¢t;g‚pkocsit;B;µLTALµNOS
"""Mennyit ‚r"" az ‚rt‚ktelen  ru?";egy krajc rt;egy fabugyell rist sem;egy leped‹t;egy fabatk t sem;D;µLTALµNOS
"Milyen ""pecsenye"" a r”vidkaraj egyik r‚sze?";r k;szûz;oroszl n;v¡z”nt‹;B;KONYHA
"Mi a c¡me Makk K roly filmv¡gj t‚k nak: ""Mese a 12 ?""";kicsi n‚gerr‹l;tal latr¢l;sztahanovist r¢l;bors ”kr”csk‚r‹l;B;FILM
Mit csin l a di k, amikor dolgozat¡r shoz meg nem engedett seg‚deszk”zt haszn l?;cs£zlizik;revolverezik;pusk zik;paritty zik;C;µLTALµNOS
Milyen foglalkoz st ûz‹ szem‚ly lehet m‚rlegk‚pes?;fot¢modell;z”lds‚ges;k”nyvel‹;sum¢ birk¢z¢;C;µLTALµNOS
Melyik sz¢ jel”l egy sapkat¡pust?;juci;mici;tercsi;fercsi;B;µLTALµNOS
"Mit nem csin lunk ""sose"" Koltai R¢bert filmj‚nek c¡me szerint?";halunk meg;lovizunk;l‚pnk f‚lre;szamb zunk;A;FILM
Mi l¢g ki a mond s szerint a feltûn‹en gyan£s helyzetekben?;”k”rszarv;medvemancs;csigacs p;l¢l b;D;µLTALµNOS
Hogy nevezt‚k a b lok n‹i f‹v‚dn”k‚t?;b lnagyi;b lanya;b ltnd‚r;b lkir lyn‚;B;µLTALµNOS
Milyen jelz‹t haszn lunk a lop sra hajlamos szem‚lyekre?;ragacsmancs£;csirizesmark£;enyveskezû;m gnestenyerû;C;µLTALµNOS
Mit csin ltak a penn val?;¡rtak vele;lovagoltak rajta;v¡vtak vele;fogukhoz vert‚k;A;µLTALµNOS
Milyen szobrok d¡szitik a budapesti L nch¡d h¡df‹it?;lovak;v¡zilovak;sasok;oroszl nok;D;µLTALµNOS
"Milyen ""v¡zzel"" locsolnak h£sv‚tkor?";kaktusz;r¢zsa;nefelejcs;mim¢za;B;µLTALµNOS
Mi nem lesz kuty b¢l a mond s szerint?;csl”k;oldalas;szalonna;ken‹m jas;C;µLTALµNOS
Hogyan folytat¢dik ifj. Johann Strauss ismert operettj‚nek c¡me. Egy ‚j ??;eskv‹ ut n;‚s m s semmi;Velenc‚ben;a Velencei-t¢n l;C;OPERA
Hol  ll, aki a tan ri emelv‚nyen  ll?;kalod n;katedr n;katapulton;katlanban;B;µLTALµNOS
"Mit ""t”rnek az orra al "" annak, akit bosszantanak?";kukoric t;kenyeret;borsot;p lc t;C;µLTALµNOS
Kik nem f‚rnek meg egy cs rd ban a mond s szerint?;”t tlk”s;n‚gy tambur s;h rom harmonik s;k‚t dud s;D;µLTALµNOS
Milyen tr‚f s elnevez‚ssel illeti a n‚pnyelv a szokatlanul magas embert?;felh‹karcol¢;‚gimeszel‹;toronyp”ccint‹;medveb£bol¢;B;NYELV
Meddig tanul a j¢ pap a mond s szerint?;gyertyacsonkig;holtig;hajnalhasad sig;vizsg kig;B;NYELV
Melyik a cipz r m sik elnevez‚se?;vill mz r;t‚p‹z r;hevederz r;intimz r;A;µLTALµNOS
Mihez nem ‚rt a hajd£ az ismert k”zmond s szerint?;kopjafarag shoz;harang”nt‚shez;l¢abrakoltat shoz;sonkafst”l‚shez;B;NYELV
Milyen idejk van bankk”lcs”n”knek?;roham;iram;futam;ficam;C;µLTALµNOS
Kinek  ll a vil g a mond s szerint?;flesnek;kezesnek;szemesnek;ty£kszemesnek;C;NYELV
Hogyan nevezik a komolytalan, nevets‚ges elj r sokat, esem‚nyeket?;macskadr ma;kutyakom‚dia;g¢lyaopera;b‚kaoperett;B;µLTALµNOS
Hogyan fejezi ki a tr‚f s mond s, hogy valami mag t¢l ‚rtet‹d‹?;Tiszta, mint a malac l ba;Vil gos, mint a vakablak;Zavaros, mint a tavalyi bor;Torz, mint a velencei tk”r;B;µLTALµNOS
"Melyik ""met‚lt"" egy levest‚szta neve?";zsin¢r;madzag;c‚rna;dr¢t;C;KONYHA
Hogyan fejezi ki a mond s, hogy valakinek nagyon h¡zelegnek?;mintha ill¢olajjal d”rzs”ln‚k;mintha zsirral massz¡rozn k;mintha h jjal kenegetn‚k;mintha p rn val d”g”ny”zn‚k;C;NYELV
Melyik egy p‚kstem‚ny elnevez‚se?;szakadtzsemle;lezserlinzer;topisbukta;rongyoskifli;D;KONYHA
"Milyen ""cirkusz"" volt egy v s ri mutatv ny elnevez‚se?";s¢ska;bolha;sz£nyog;kukac;B;µLTALµNOS
Mit csin l, aki pipiskedik?;ty£kokat etet;toj sokat k”lt;k‚nyeskedik;kendermagot v logat;C;NYELV
Melyiknek van konyhai, h£sv g¢ v ltozata is?;pallos;b rd;szekerce;jatag n;B;KONYHA
Hogy nevezt‚k a mûv‚szetekbe belekotnyelesked‹, tud l‚kos n‹ket?;z”ldfûz‹;k‚kharisnya;lilakombin‚;pirosbugyell ris;B;µLTALµNOS
Hogy nevezik a nagy‚tkû, fal nk embert?;haspocok;hasrenget‹;hasp¢k;hashajt¢;C;µLTALµNOS
Mit csin l a mond s szerint, aki hallott vagy tanult sz”veget monoton ism‚telget?;kakukkol;pacsirt l;flemil‚z;szajk¢z;D;µLTALµNOS
Mit nem l t az elvakult ember a mond s szerint?;m kt¢l a r‚test;t”vist‹l a r¢zs t;zabt¢l a lovat;f t¢l az erd‹t;D;NYELV
Milyen f t haszn lnak a vas£ti s¡nek al t maszt s ra ‚s r”gz¡t‚s‚re?;s mf t;h mf t;talpf t;satraf t;C;µLTALµNOS
Hol ‚l meg a mond s szerint az ‚lelmes ember?;medvebarlangban is;farkasveremben is;j‚g h t n is;h zs rtos asszony mellett is;C;NYELV
Hogyan fejezi ki a mond s azt, hogy valaki elsz m¡totta mag t?;Rossz agarat futtatott;Rossz ny£lra l‹tt;Rossz l¢ra tett;Rossz medv‚t moleszt lt;C;NYELV
Hogy nevezik m sk‚pp az iv¢cimbor t?;borb ty¢;s”rs¢gor;szesztestv‚r;fr”ccs”cs;C;µLTALµNOS
Melyik rovarr¢l neveztek el egy £sz snemet?;sz”cske;hangya;pillang¢;dar zs;C;SPORT
Hogyan nevezik a fls‚rt‹, hamis zen‚t?;kutyazene;malaczene;macskazene;birkazene;C;µLTALµNOS
Hogyan sz¢rja a p‚nzt a felel‹tlenl k”ltekez‹ ember a mond s szerint?;bal k‚zzel;jobb k‚zzel;kesztyûs k‚zzel;k‚t k‚zzel;D;µLTALµNOS
Melyik sz¢t haszn lj k a kereskedelemben sajtok jel”l‚s‚re?;”mlesztett;romlasztott;lyukasztott;buggyantott;A;KONYHA
Kik a f‹szerepl‹i a V‚szhelyzet c¡mû sorozatnak?;aut¢versenyz‹k;rend‹r”k;orvosok;kommand¢sok;C;FILM
Mi t”rt‚nik azzal a mond s szerint, aki a Tisza viz‚t issza?;visszav gyik;d‚lib bot l t;nem lesz szomjas;kisz‹kl;A;NYELV
Melyik egy k‚tszem‚lyes j t‚k neve?;bakt‚rium;bacilus;am‹ba;alga;C;JµTK
Melyik sz¢ jel”lt egy csizmafajt t?;pr¡m s;r m s;r mp s;rakonc s;B;NYELV
Mi a m sik neve a k‚tszem‚lyes  gynak?;porosz gy;sp rtai gy;francia gy;sv‚d gy;C;µLTALµNOS
Melyik egy kiflivel ‚s virslivel k‚sz¡tett ‚tel neve?;bulldog;d n dog;hot dog;pitbull;C;KONYHA
Ki kzd meg a bik val a bikaviadalon?;konkviszt tor;torre dor;inkviz¡tor;termin tor;B;µLTALµNOS
"Mi a mûv‚szneve napjaink n‚pszerû bûv‚sz‚nek, aki "" thatolt"" a K¡nai Nagy Falon is?";Tom Sawyer;David Copperfield;Twist Oliver;Maugli;B;µLTALµNOS
A h z melyik r‚sz‚r‹l kapta nev‚t a sz jreg fels‹ boltozata?;tet‹;pince;k‚m‚ny;padl s;D;BIOLàGIA
Mit csin l a mond s szerint az, aki £gy pr¢b lkozik, hogy m‚g nem l tja a helyes megold st?;pinc‚ben botork l;s”t‚tben tapogat¢zik;l mp s n‚lkl barlang szik;f kly tlan motoz;B;NYELV
Melyik volt a neve Thor Heyerdahl egyik legend s exped¡ci¢j nak?;Riki-Tiki-T‚vi;Kon-Tiki;King Kong;Ku-Kori;B;µLTALµNOS
Melyik baromfi nev‚t viseli a pusk k elst‹ szerkezet‚nek rug¢s eleme?;liba;pulyka;kakas;gy”ngyty£k;C;µLTALµNOS
Milyen mes‚nek nevezik az  tl tsz¢ hazugs got?;b ba;dajka;au-pair;baby-sitter;B;µLTALµNOS
Mit  snak el a b‚kl‹ indi nok a mond s szerint?;v‚res nyerget;harci tolld¡szt;csatab rdot;skalpol¢ t‹rt;C;NYELV
Milyen Edward kir ly A walesi b rdok c¡mû versben?;kese;fak¢;gebe;s nta;B;IRODALOM
Melyik a gy¢gyn”v‚nyek kivonat val fûszerezett szeszes italok elnevez‚se?;epe‚des;gyomorkeserû;m jsavany£;g‚gemar¢;B;µLTALµNOS
Melyik egy n‚pszerû v s ri  rus¡t¢hely neve?;j¢skaposta;s ndors tor;”rzsef‹zde;lacikonyha;D;µLTALµNOS
Mij‚t nem mozd¡tja az az ember, aki £gy tesz, mintha semmit se hallott volna?;szeme csip j t;orc ja szepl‹it;fle botj t;foga feh‚rj‚t;C;µLTALµNOS
Milyen mama szerepel az ismert Brecht-darab c¡m‚ben?;K¡v ncsi;Kur zsi;Stel zsi;Bal zsy;B;IRODALOM
Hogyan nevezik kedveskedve a bntet‚st ‚rdeml‹ gyerekeket?;r¢zsaszirom;m kvir g;pipacsporz¢;barackbibe;B;µLTALµNOS
Mit csin l a k‚telked‹ ember a mond s szerint?;pist skodik;tam skodik;p‚terkedik;sanyiskodik;B;µLTALµNOS
Melyik  llat ismert fajai a j vor-, g¡m- ‚s r‚n-?;tekn‹s;pingvin;bolha;szarvas;D;BIOLàGIA
H ny ‚jszak n  t mes‚lt Seherez d‚ a mesegyûjtem‚ny c¡me szerint?;998;999;1000;1001;D;IRODALOM
Hogyan fejezi ki a mond s, hogy valaki hozz nk tartozik?;a mi medv‚nk bocsa;a mi tehennk borja;a mi ty£kunk csib‚je;a mi kuty nk k”lyke;D;NYELV
Melyik egy m‚rgez‹ gombafaj neve?;sz£nyogirt¢ gal¢ca;l‚gy”l‹ gal¢ca;pillang¢puszt¡t¢ gal¢ca;gy¡kgyilkol¢ gal¢ca;B;BIOLàGIA
Milyen malacnak nevezik a lak sban is tartott kis  llatot?;folyami;tengeri;tavi;csatornai;B;BIOLàGIA
Hogy nevezik az gyetlen vad szt?; rt nyvad sz;kocavad sz;kappanvad sz;rvad sz;B;NYELV
Mije sincs a dolgok  ll s r¢l a mond s szerint a tudatlan embernek?;fstje;g‹ze;bubor‚kja;p r ja;B;µLTALµNOS
Hogyan nevezi a tolvajnyelv a p nc‚lszekr‚nyt?;boci;cica;paci;mack¢;D;NYELV
Mib‹l k‚szlt a kiskakas f‚lkrajc rja az ismert mes‚ben?;ezstb‹l;aranyb¢l;platin b¢l;gy‚m ntb¢l;D;IRODALOM
Hogyan nevezik tr‚f san, amikor az ember valamelyik testr‚sze elzsibbad?;elb‚k sodik;elkuty sodik;elmack¢sodik;elmacsk sodik;D;NYELV
Milyen a szil rd jellemû ember?;tenyeres;talpas;agyas;gerinces;D;NYELV
Hogyan fejezi ki a mond s, ha nem a megfelel‹ emberre b¡zunk egy feladatot?;nyuszira a r‚p t;macira a m‚zet;m¢kusra a mogyor¢t;kecsk‚re a k poszt t;D;NYELV
Milyen fiatalemberre mondj k azt, hogy langal‚ta?;eszes;pattan sos;lass£;magas;D;µLTALµNOS
Minek nem tud  rtani a nagyon szel¡d ember a mond s szerint?;dar zsnak;p¢knak;l‚gynek;katicabog rnak;C;NYELV
Mi gy‹z diszn¢t az ismert mond s szerint?;sok kond s;sok b”ll‚r;sok l£d;sok kismalac;C;NYELV
Min‚l volt nagyobb az  ltalam megfogott sz£nyog a versike szerint?;egy kredencn‚l;egy l¢n l;egy hegyn‚l;egy h zn l;B;NYELV
"Mivel ""b‚lelt"" a l‚ha, resfejû szem‚ly a mond s szerint?";sz‚n val;sz‚llel;sz‚nnel;sz‹rrel;B;NYELV
Hogyan nevezi Katona J¢zsef Biberachot a B nk b nban?;l zong¢ trapper;l‚zeng‹ ritter;h‹z”ng‹ k¢kler;grc”l‹ farmer;B;IRODALOM
Hogyan nevezt‚k az arcon divatb¢l viselt pici p”tty”t?;sz‚ps‚gtapasz;b jmatrica;kellempacni;f‚rjfog¢ flastrom;A;µLTALµNOS
Milyen komikusnak nevezik az operettek vid m figur j t?;r ncos;dalos;t ncos;n¢t s;C;µLTALµNOS
Hogy nevezik a m snaposs ggal j r¢ rossz k”z‚rzetet?;kutyabaj;macskajaj;g”d‚nyhajh;garatjuj;B;µLTALµNOS
Mit mondunk a sletlens‚geket ism‚telget‹ emberre?;lil kat mondogat;z”ldeket besz‚l;pirosakat pletyk l;habsz¡nût hablatyol;B;µLTALµNOS
"Milyen ""jancsi"" a magyar b bj t‚kok h¡res figur ja?";rig¢;paprika;ringl¢;padlizs n;B;MëVSZET
Melyik ruha neve egyezik meg egy ismert magyar rajzfilmkutya nev‚vel?;tanga;bikini;frakk;kombin‚;C;FILM
"Melyik harc szati eszk”z ""sket"" a k”zmond s szerint?";musk‚ta; gy£;f”ld-f”ld rak‚ta;bajonett;B;µLTALµNOS
Hol cscslnk le a s‚ta ut n az ismert magyar mond¢ka szerint?;egy z”ld r‚ten;egy sz‚p hegyen;egy nagy sz‚kben;egy kis dombon;D;NYELV
Milyen gym”lcs a szilva?;b‹rh‚jas;sz‹rh‚jas;csonth‚jas;fah‚jas;C;BIOLàGIA
Melyik r‚gi k”zleked‚si eszk”z egy Pet‹fi-vers c¡me is?;nyolckuty s sz n;n‚gy”kr”s szek‚r;k‚tlovas bricska;egyszamaras kord‚;B;IRODALOM
Melyik egy h£sipari k‚sz¡tm‚ny neve?;k”lni;p rizsi;r¢mai;vars¢i;B;KONYHA
Milyen j rmû volt a konflis?;lovas kocsi;”kr”s szek‚r;gyaloghint¢;g‹zaut¢;A;µLTALµNOS
Melyik egy stem‚ny neve is?;ny£lgerinc;‹zgerinc;b r nygerinc;hegygerinc;B;KONYHA
"Milyen ""k”r”mnek"" nevezik az id‚z‹jelet?";oroszl n;kutya;macska;vakond;C;µLTALµNOS
Mit csin l a henceg‹ ember?;”tvenkedik;hatvankodik;hetvenkedik;nyolcvankodik;C;NYELV
Ki nevet igaz n a mond s szerint?;aki hangosan nevet;ak vis¡tva nevet;aki mag ban nevet;aki utolj ra nevet;D;NYELV
"Hogyan folytat¢dik a mond s? ""Annyit ‚rt hozz , mint?""";l¢ a sz mtanhoz;csiga a betûvet‚shez;ty£k az  b‚c‚hez;cica az algebr hoz;C;NYELV
Milyen a piaci l‚gy a k”zmond s szerint?;k”v‚r;szemtelen;hangos;j¢llakott;B;NYELV
Min l t  t a ravaszkod st felismer‹ ember a mond s szerint?;a s”t‚t¡tett vegen;a vastag arcb‹r”n;a sz£nyogh l¢n;a szit n;D;NYELV
Mib‹l vannak az idegei a nagyon nyugodt term‚szetû embernek a mond s szerint?;cip‹pertlib‹l;ac‚lsodronyb¢l;k”t‚lb‹l;damilb¢l;C;µLTALµNOS
Hogyan nevezik az ‚rz‚ketlen, k”z”mb”s  br zat£ embert?;betonfej;pl‚hpofa;bazaltarc;b dogbura;B;NYELV
Mihez hasonl¡tja a sz¢l s a teljesen eg‚szs‚ges embert?;snh”z;geszteny‚hez;pillang¢hoz;makkhoz;D;NYELV
Mi indul Rideg S ndor reg‚ny‚nek c¡m‚ben?;a banz j;a bakterh z;a mandula;a verseny;B;FILM
Hogyan v gtatott a Tisza Pet‹fi verse szerint?;mint a megvadult bika;mint a forg¢sz‚l;mint az ‹rlt, ki let‚pte l nc t;mint a menekl‹, kit kerget a tat r;C;IRODALOM
"Melyik futballist t nevezik ""Fekete gy”ngyszem""-nek?";Thuramot;Pel‚t;Eusebi¢t;Andy Cole-t;B;SPORT
Az al bbi szavak k”zl melyiket ¡rtuk helytelenl?;s¢haj;talaj;fogoj;zsivaj;C;NYELV
Mi a neve a h¡m szam rnak?;kan;m‚n;n‹;cs‹d”r;D;BIOLàGIA
Az al bbiak k”zl melyik nem marhah£s?;b‚lsz¡n;dagad¢;rost‚lyos;fels l;B;KONYHA
Melyik orsz got nevezt‚k a N¡lus aj nd‚k nak?;Assz¡ri t;Egyiptomot;K¡n t;Mezopot mi t;B;T™RTNELEM
Mi‚rt szor¡tja meg ujjunkat egy £jszl”tt csecsem‹?;¡gy k‚r enni;a fog¢reflex miatt;szor¡t ‚rtnk;hogy figyeljnk r ;B;BIOLàGIA
Az egyik magyar n‚pmes‚ben ‚gig ‚r a paszuly. Milyen n”v‚ny ez a val¢s gban?;jegenye;bab;gaz;bors¢;B;BIOLàGIA
"Az al bbi ""tejterm‚kek"" k”zl melyik n”v‚nyn‚v?";bikatej;k ntort£r¢;bikavaj;papsajt;D;BIOLàGIA
Hogy nevezik az ajt¢keret fels‹, v¡zszintes f j t?;homlokfa;sz¢fa;szem”ld”kfa;kapufa;C;µLTALµNOS
Kik hordt k a p rt t?;a feles‚gek;a hajadonok;az ”zvegyek;a menyecsk‚k;B;µLTALµNOS
Melyik  llat neve egyezik meg egy nyakban hordott n‹i ruhadarab nev‚vel?;nandu;boa;alpaka;naja;B;µLTALµNOS
A Beatles-egyttes melyik tagja viselt szemveget?;John Lennon;Paul McCartney;George Harrison;Ringo Starr;A;ZENE
Milyen f‚nyk‚pez‚si elj r s sor n k‚szl el a f‚nyk‚p egy-k‚t perc alatt?;polarogr fia;polaroid;tomogr fia;polder;B;TECHNIKA
Honnan ered az akupunkt£ra mint gy¢gym¢d?;K¡n b¢l;Indi b¢l;Jap nb¢l;Egyiptomb¢l;A;BIOLàGIA
Mire haszn lj k a keleti n‚pek a kaft nt?;l¢szersz mk‚nt;fejfed‹k‚nt;v¡zipipak‚nt;kab tk‚nt;D;NYELV
Melyik testr‚sznk k”zel¡ti meg az els‹ ‚let‚v v‚g‚re v‚gleges nagys g t?;szemnk;kis l bujjunk;fogunk; d mcsutk nk;A;BIOLàGIA
Kik vagy mik l that¢k a magyar k rtya n‚gy  sz n?;‚gt jak;hadvez‚rek;‚vszakok;kir lyok;C;JµTK
Hej, melyik foly¢ fel‹l f£j a sz‚l a n‚pdal szerint?;Dun r¢l;Tisz r¢l;Szamosr¢l;Marosr¢l;A;µLTALµNOS
Melyik t nc neve egyezik meg egy n‹i ruha nev‚vel?;tang¢;mazurka;boler¢;rumba;C;NYELV
Milyen d¡t‹italt k‚sz¡tenek gym”lcsb‹l ‚s tejb‹l?;kokt‚lt;turmixot;cs j t;krampampulit;B;KONYHA
"Eg‚sz¡tse ki a sz¢l st: ""Aki ... k”z‚ keveredik, megeszik a diszn¢k.""";korpa;mosl‚k;k sa;konkoly;A;NYELV
"Milyen ""h”lgy"" ifjabb Alexander Dumas mûv‚nek c¡mszerepl‹je?";k”k”rcsines;kam‚li s;kamill s;k me s;B;IRODALOM
Melyik orsz g  llameln”ke Fidel Castro?;Mexik¢;Jamaica;Kuba;Panama;C;T™RTNELEM
Mit jeleznek okt nsz mokkal?;l¢versenyek helyez‚seit;az ac‚l terhelhet‹s‚g‚t;a benzin min‹s‚g‚t;hangterjedelmet;C;µLTALµNOS
Kije volt Rocinant‚nek don Quijote?;lova;gazd ja;szolg l¢ja;szerelme;B;IRODALOM
Milyen ‚telt neveztek el a Fekete gy‚m ntok ¡r¢j r¢l?;ty£kh£slevest;marhah£slevest;bablevest;a feketelevest;C;IRODALOM
Melyik v s ri sz¢rakoz¢helyr‹l kapta c¡m‚t F bri Zolt n klasszikus filmje?;C‚ll”v”lde;Hull mvas£t;K”rhinta;Vurstli;C;FILM
A r‚gi csal dokn l a garded m szinte csal dtagnak sz m¡t. Ki volt ‹?;a kotnyeles szomsz‚d;az udvarl¢ fess g rdatiszt;a h”lgykis‚r‹;a hûs‚ges eb;C;µLTALµNOS
Az al bbiak k”zl melyik egy sakkfigura elnevez‚se?;kuruc;labanc;husz r;hajd£;C;JµTK
"Milyen ""aut¢"" szerepel a legend s 1934-es magyar film c¡m‚ben?";csoda;kurblis;mese;tizenn‚gy kar tos;C;FILM
Mely testr‚sznknek lehet ut¢tagja a halak pet‚je, az ikra?;fl;kar;l b;der‚k;C;BIOLàGIA
Mi volt az eredeti foglalkoz sa Ronald Reagannek?;fest‹;szobr sz;sz¡n‚sz;zen‚sz;C;T™RTNELEM
Milyen sz¡nû dr gak‹ a rubin?;k‚k;v”r”s;s rga;sz¡ntelen;B;µLTALµNOS
Hova jut be egy sz¡nh zban az, akit beengednek a kulissz k m”g‚?;a bf‚ m”g‚;a d¡szlet m”g‚;a zsin¢rpadl sra;a zenekari  rokba;B;µLTALµNOS
Milyen tulajdons ggal szokt k jellemezni a nyulat?;ritka;szapora;eszes;ravasz;B;µLTALµNOS
Melyik orsz g Kanada egyetlen szomsz‚dja?;Braz¡lia;Mexik¢;Oroszorsz g;Amerikai Egyeslt µllamok;D;F™LDRAJZ
Melyik f‚rfinevnkb‹l sz rmazik egy d¡szes kab tfajta elnevez‚se?;Attila;Levente;Botond;Huba;A;µLTALµNOS
Melyik kir lyunkr¢l ¡rt rock-oper t a Sz”r‚nyi-Br¢dy szerz‹p ros 1983-ban?;Szent L szl¢r¢l;Szent Istv nr¢l;K”nyves K lm nr¢l;M ty s kir lyr¢l;B;ZENE
Melyik tengerbe torkollik a Duna?;az Adriai-tengerbe;a F”ldk”zi-tengerbe;a Fekete-tengerbe;a M rv ny-tengerbe;C;F™LDRAJZ
Melyik szervnket gy¢gy¡tja a kardiol¢gus?;sz¡vnket;szemnket;fogunkat;td‹nket;A;BIOLàGIA
Mit k‚sz¡tenek a szilv b¢l, ha szilv¢riumot f‹znek bel‹le?;lekv rt;levest;p link t;bef‹ttet;C;KONYHA
Melyik f‹v rosr¢l kapta nev‚t egy n‚pszerû, pan¡rozott h£s‚tel?;B‚cs;London;Berlin;Vars¢;A;KONYHA
Mire haszn lj k a v lyogot?;veggy rt sra;ruhak‚sz¡t‚sre;‚p¡tkez‚sre;fût‚sre;C;TECHNIKA
Hogy nevezik a k rty sok az oszt s ut n fennmarad¢ paklit?;talon;maccs;full;talj n;A;JµTK
Az al bbiak k”zl melyik nem halfajta?;viza;tok;harcsa;varsa;D;BIOLàGIA
H ny lapb¢l  ll egy csomag magyar k rtya?;”tvenkett‹;huszonegy;harminckett‹;huszonnyolc;C;JµTK
Hogy nevezik a v”lgyet, vagy szakad‚kot  t¡vel‹ hidat?;viador;viadukt;pontusz;apszis;B;µLTALµNOS
Melyik h¡res v ros b”rt”ne volt a Tower?;Los Angeles;London;Washington;Velence;B;ORSZµGOK
Mit ‚rtettek r‚gen egy ember orsz gl sa alatt?;orsz gj r st;uralkod st;okoskod st;t‚rk‚pk‚sz¡t‚st;B;NYELV
Melyik hidunk ‚p¡t‚s‚t vezette Clark µd m?;Margit h¡d;L nch¡d;Erzs‚bet h¡d;Szabads g h¡d;B;TECHNIKA
Ki volt Antonius szerelme?;Agrippina;Kleop tra;Salome;Ant¢nia;B;IRODALOM
Hol tal lhat¢ a h¡res francia egyetem, a Sorbonne?;P rizsban;Nizz ban;R¢m ban;Lyonban;A;ORSZµGOK
Mit csin lnak az indi nok a mokasz¡nnal?;vad sznak vele;j rnak benne;meglovagolj k;elsz¡vj k;B;NYELV
Mit j r be a messze vid‚keket bebarangol¢ ember?;Kisalf”ldet-Nagyalf”ldet;Toln t-Barany t;Mak¢t-Jeruzs lemet;Hencid t-Boncid t;B;µLTALµNOS
"Melyik  llat jelz‹je a ""kacag¢""?";hi‚na;koala;cerk¢fmajom;lajh r;A;BIOLàGIA
Min utazhatunk kajtben lve?;vonaton;haj¢n;repl‹n;metr¢n;B;µLTALµNOS
Kik fuvol znak a B¢bita c¡mû We”res S ndor-versben?;a New York-i filharm¢nikusok;het‚r k;konzervat¢riumi di kok;b‚ka-hadak;D;IRODALOM
Ki vagy mi a papaja?;afrikai get‹mad r;tr¢pusi gym”lcs;£j-z‚landi t”rzs;tibeti szerzetes;B;NYELV
Melyik anyag nem szks‚ges a beton el‹ ll¡t s hoz?;homok;s¢der;szurok;cement;C;TECHNIKA
Hol rendezik meg minden ‚v j£lius ban az Anna-b lt?;Balatonalm diban;Balatonfreden;Tihanyban;Badacsonyban;B;µLTALµNOS
Milyen vir gzatban fejl‹dik a tûlevelû n”v‚nyek magjai?;tobozban;dobozban;gub¢ban;bogasban;A;BIOLàGIA
Hov  mennek a harangok nagyp‚nteken?;Baselba;a mennybe;R¢m ba;Genfbe;C;µLTALµNOS
Mi a szam rkeny‚r?;p‚kinas els‹ st‚se;takarm nykever‚k;menzakoszt;gyomn”v‚ny;D;NYELV
Milyen a sz¢l s szerint Kolumbusz toj sa?;kicsi;n‚gysz”gletes;z p;egyszerû;D;µLTALµNOS
Milyen int‚zm‚nyben tev‚kenykednek a br¢kerek?;a parlamentben;a tûzolt¢s gon;a t‹zsd‚n;a b¡r¢s gon;C;µLTALµNOS
Melyik  llatr¢l kapta nev‚t egy fûszern”v‚ny?;s¢lyom;sak l;denev‚r;kakukk;D;NYELV
Hol ‚rte v‚gzetes aut¢baleset Lady Dian t?;Londonban;New Yorkban;P rizsban;Monte-Carl¢ban;C;µLTALµNOS
Hogy nevezt‚k r‚gen a mozdonyokat?;g‹zelef nt;ac‚lbika;vasparipa;s¡noroszl n;C;µLTALµNOS
Hogy nevezt‚k Margaret Thatcher volt brit minisztereln”k”t?;Vas”k”l;Vasbord j£ szent;Vaskancell r;Vaslady;D;T™RTNELEM
Melyik a F”ld legn‚pesebb  llama?;India;Indon‚zia;Oroszorsz g;K¡na;D;ORSZµGOK
Hogy sz¢l az a Casablanc ban elhangz¢ mondat, amelyet Woody Allen egyik filmj‚nek c¡m‚l v lasztott?;J tszd £jra, Ken!;F‹zd £jra, Sam!;J tszd £jra, Sam!;Ossz £jra, Sam!;C;FILM
"Milyen ""”zvegy"" szerepel Leh r Ferenc nagy sikerû operettj‚nek c¡m‚ben?";kikap¢s;v¡g;szalma;sz‚na;B;OPERA
Milyen  llatr¢l k‚sz¡tett nagy sikerû horrorfilmet Steven Spielberg?;keselyûr‹l;b ln r¢l;c p r¢l;sir lyr¢l;C;FILM
Milyen hossz£s g-m‚rt‚kegys‚get haszn lnak a csillag szatban?;kil¢m‚tert;m‚rf”ldet;araszt;f‚ny‚vet;D;TUDOMµNY
Hogyan nevezik k”zismert sz¢val az elnyom¢ hatalommal szemben  ll¢ felkel‹t?;gepida;gerilla;gorilla;guzlica;B;NYELV
Mik t madhatj k meg a sz m¡t¢g‚pes programokat ‚s adatokat?;bakt‚riumok;bacilusok;v¡rusok;fal¢sejtek;C;µLTALµNOS
Melyik csal d ‚let‚t mutatja be a Bar tok k”zt c¡mû sorozat?;Ber‚nyi;Szab¢;Tak cs;Thibault;A;µLTALµNOS
Melyik tenger partj n fekszik Barcelona?;Fekete-tenger;Adriai-tenger;Balti-tenger;F”ldk”zi-tenger;D;F™LDRAJZ
"""Spongy t r !"" - sz¢l a mond s. Mit neveztek r‚gen spongy nak?";a k”d”t;a selyemleplet;a szivacsot;a keszken‹t;C;NYELV
Melyik sport gban lehet k”t‚nyt adni?;labdar£g sban;r”plabd ban;fallabd ban;¡j szatban;A;SPORT
Ki nem Dumas h rom test‹r‚nek egyike?;Athos;Porthos;Aramis;Cyrano;D;IRODALOM
Mivel jelzik az asz£borok min‹s‚g‚t?;hord¢sz mmal;frtsz mmal;pr‚ssz mmal;puttonysz mmal;D;KONYHA
Melyik amerikai szervezet r”vid¡t‚se a CIA?;tûzolt¢s g;erk”lcsrend‚szet;titkosszolg lat;hadgyminiszt‚rium;C;ORSZµGOK
Mi volt a neve a f”ldesurak azon jog nak, hogy hal los ¡t‚letet hozhattak ‚s hajthattak v‚gre?;kar¢t”rv‚ny;h¢h‚rbulla;bak¢cikkely;pallosjog;D;T™RTNELEM
H ny Celsius-fokon forr a v¡z?;120 øC-on;100 øC-on;80 øC-on;1000 øC-on;B;TUDOMµNY
"Hogy sz¢l Verne reg‚ny‚nek a c¡me? ""Grant kapit ny ...""";gyermekkora;szak lla;gyermekei;fal ba;C;IRODALOM
Ki volt a XIX. sz zadi t”rt‚nelemb‹l ismert Sobri J¢ska?;pr¡m s;v ndorsz¡n‚sz;bety r;m rciusi ifj£;C;T™RTNELEM
Az al bbiak k”zl melyik nem egy rizzsel k‚sz¡tett ‚tel neve?;rizott¢;rizibizi;rizskoch;rizsma;D;KONYHA
"Melyik ""f‚szek"" egy stem‚ny neve?";fecske;kakukk;dar zs;varj£;C;KONYHA
Milyen gr¢fn‹r‹l ¡rt nagy sikerû operettet K lm n Imre?;Marica;Katica;Terike;Borika;A;OPERA
Kik hordt k a t¢g t?;gall rabszolg k;r¢mai polg rok;sum‚r papok;k¡nai mandarinok;B;T™RTNELEM
"Milyen ""falatnak"" nevezik a slt vagy f‹tt baromfi far t?";p£pos;psp”k;zs¡ros;finom;B;KONYHA
Milyen ‚tel kapta nev‚t P lpuszt r¢l?;t£r¢;hal szl‚;sajt;kefir;C;KONYHA
Milyen volt a mes‚ben Vackor, a k”ly”kmack¢?;csek‚ly ‚rtelmû;selypes;pisze;sz¢sz ty r;C;IRODALOM
Melyik v rosunkban tal lhat¢ atomer‹mû?;Duna£jv rosban;àzdon;Pakson;Sz zhalombatt n;C;MAGYARORSZµG
Milyen hangszeren j tszott Louis Armstrong?;trombonon;szaxofonon;pozanon;trombit n;D;ZENE
Hogyan nevezt‚k a k”z‚pkorban a c‚hen k¡vli k‚zmûveseket?;zugiparosok;k‚tbalk‚z-mûvesek;kont rok;maszekok;C;T™RTNELEM
Ha egy v llalkoz s deficites, akkor minden k‚ts‚get kiz r¢an ...;nyeres‚ges;vesztes‚ges;t”rv‚nytelen;megeszi a nagyhal;B;NYELV
Ki Tom Sawyer bar tja Mark Twain reg‚ny‚ben?;Harry Potter;Adrian Mole;Huckleberry Finn;a koldus ‚s a kir lyfi;C;IRODALOM
Melyik v ros jelk‚pe a h¡res ¢ratorony, a Big Ben?;Melbourne;New York;Stockholm;London;D;ORSZµGOK
Hogyan rakja le a k‚st-vill t, aki jelezni akarja, hogy befejezte az ‚tkez‚st?;az abroszra fektetve;a t ny‚r perem‚re t masztva;a t ny‚ron keresztbe;a t ny‚ron p rhuzamosan;D;µLTALµNOS
"Mi a c¡me Goldie Hawn nagy sikerû v¡gj t‚k nak: ""àvakodj ...""";a k”rt‚t‹l;a t”rp‚t‹l;a gondnokt¢l;a gondokt¢l;B;FILM
Ki volt a legend s Szab¢ n‚ni hangja a r di¢ Szab¢ csal d c¡mû mûsorban?;Dajka Margit;Koml¢s Juci;V radi H‚di;Gobbi Hilda;D;µLTALµNOS
Hogyan nevezik a sakkban a d”ntetlen egyik form j t?;matt;patt;sekk;krach;B;JµTK
"Milyen ""automat t"" ‚p¡tett Kempelen Farkas?";automata f‚nyk‚pez‹g‚pet;sakkautomat t;k v‚automat t;automata k rtyaj t‚kost;B;TUDOMµNY
"Melyik mad r ""b¡zza"" fi¢k i kik”lt‚s‚t m s madarakra?";s rgarig¢;sereg‚ly;galamb;kakukk;D;BIOLàGIA
Milyen mad r tal lhat¢ Hunyadi M ty s csal di c¡mer‚ben?;bagoly;holl¢;varj£;s¢lyom;B;T™RTNELEM
Mit ad a k rtyaj t‚kosoknak a kibic?;£j leoszt st;j¢ lapokat;k‚retlen tan csokat;zsetonokat;C;µLTALµNOS
Mi akad lyozza meg a p lyaudvarokon a vas£ti kocsik lejut s t a v g nyr¢l?;v g nybika;vagonr;v g nybak;mozdonykos;C;µLTALµNOS
Melyik r gcs l¢r¢l kapta nev‚t a sz m¡t¢g‚p egyik tartoz‚ka?;h”rcs”g;eg‚r;pocok;rge;B;µLTALµNOS
Az al bbiak k”zl melyik egy k rtyaj t‚k neve?;p”rk”l‚s;h moz s;zs¡roz s;dinsztel‚s;C;JµTK
A n‚pdal szerint mivel van kirakva a sz nt¢i h¡res utca?;g zcs”vekkel;cimbalommal;csillagokkal;kab tgombbal;B;IRODALOM
Mivel v lt h¡ress‚ a brit komikus, Rowan Atkinson?;Mr. Pea;Mr. Carrot;Mr. Tomato;Mr. Bean;D;µLTALµNOS
Mi a Nagy Medve csillagk‚p egy r‚sz‚nek n‚pies elnevez‚se?;Tej£t;Esthajnalcsillag;G”nc”lszek‚r;Medvebocs;C;NYELV
Mit neveznek papramorg¢nak?;a p link t;a hamis kuty t;a d”d”ll‚t;a lusta k ntort;A;NYELV
Hogyan nevezzk a b‚k k l rva llapot t?;alga;ebihal;pondr¢;csibor;B;BIOLàGIA
Melyik kutyafajt t haszn lj k vad szatokon?;a pumit;a vizsl t;a komondort;a bobtailt;B;µLTALµNOS
Hogy nevezt‚k a sz¡nh zi el‹ad s szneteiben el‹adott jelenetet?;jutalomj t‚k;k”zj t‚k;macskaj t‚k;vend‚gj t‚k;B;SZÖNHµZ
"Milyen "" gy£"" a katonai mozg¢konyha?";p”rk”lt;guly s;tok ny;hurka;B;NYELV
Hogyan alszanak a denev‚rek?;repl‚s k”zben;fejjel lefel‚; llva;m s f‚szk‚be b£jva;B;BIOLàGIA
H ny ¢r b¢l  ll egy h‚t?;168;170;144;150;A;µLTALµNOS
Mi N¢ra foglalkoz sa a Bar tok k”zt c¡mû sorozatban?;gyv‚d;‚p¡t‚svezet‹;pultos;fogorvos;A;µLTALµNOS
Melyik v ros nevezetess‚ge a Colosseum?;R¢ma;P rizs;B‚cs;Firenze;A;ORSZµGOK
Az al bbiak k”zl melyik h£sb¢l k‚szl az éjh zy Ed‚r‹l elnevezett leves?;ty£k;marha;sert‚s;birka;A;KONYHA
"""Fabatk t sem ‚r.""- mondjuk az ‚rt‚ktelen dologra. Mit neveztek r‚gen batk nak?";gabonamagot;inggombot;apr¢p‚nzt;par nyi ‚l‹sk”d‹t;C;NYELV
"Mi a c¡me Bruce Willis nagy sikerû akci¢filmj‚nek: ""Dr g n ...!""";vedd a fegyvered;s£gd a titkokat;v lallj szerepet;add az ‚leted;D;FILM
Hol dolgozik a krupi‚?;sz¡nh zban;j‚t‚kkaszin¢ban;m£zeumban;l¢versenyp ly n;B;µLTALµNOS
Kinek kell els‹k‚nt bel‚pnie egy ‚tterembe hagyom nyosan az illem szerint?;a legid‹sebb n‹nek;a legfiatalabb n‹nek;a f‚rfinak;a kisgyermeknek;C;µLTALµNOS
Az al bbiak k”zl melyik nem n”v‚nyn‚v?;t tika;kancs¢ka;artics¢ka;kacs¢ka;D;BIOLàGIA
Az al bbi k rtyaj t‚kok k”zl melyiket lehet egyedl j tszani?;kanaszta;m ri s;paszi nsz;r”mi;C;JµTK
Az al bbiak k”zl melyik lehet h”lgy megnevez‚se ‚s t blaj t‚k neve is?;donna;d ma;d¡va;diabol¢;B;JµTK
Hogyan nevezt‚k az zletek bej rata f”l‚ kifggesztett c‚gt bl t?;c‚hlap;fggv‚ny;c‚g‚r;l¢g¢;C;µLTALµNOS
"Milyen ""tan r £r"" a c¡mszerepl‹je Koltai R¢bert filmj‚nek?";bamba; mb r;hab r;szamb s;B;FILM
"Mi a neve a rajzfilmh‹s Kukori ""ty£kj nak""?";Pelyheske;Kopasznyak;Kotl¢ska;Kotkoda;D;FILM
Mit neveznek indi nernek?;vadb”l‚nyt;b‚kepip t;stem‚nyt;s tort¡pust;C;NYELV
Melyik szomsz‚dos n‚pet nevezzk s¢goroknak?;a szlov kokat;a rom nokat;a szerbeket;az osztr kokat;D;ORSZµGOK
"Ki a zeneszerz‹je a ""J‚zus Krisztus szuperszt r"" c¡mû rock-oper nak?";Leonard Bernstein;Presser G bor;Galt McDermott;Andrew Lloyd Webber;D;ZENE
Mit hallgat a sket ember a sz raz t¢ partj n a gyermekdalban?;tcs”kciripel‚st;v¡zcsobog st;kuruttyol st;walkmant;C;IRODALOM
Milyen h‚t f ja volt az elnevez‚s szerint a magyar kisnemeseknek?;fge;alma;szil;szilva;D;µLTALµNOS
Az al bbiak k”zl melyik a t tika m sik elnevez‚se?;tigrispilla;pumapamacs;hi‚nal b;oroszl nsz j;D;BIOLàGIA
Hogy nevezik a h zass gk”t‚s hatvanadik ‚vfordul¢j t?;rubintlakodalom;gy‚m ntlakodalom;vaslakodalom;platinaeskv‹;B;µLTALµNOS
Hol  ll a kilenclyuk£ h¡d?;Szegeden;Bugacpuszt n;Tokajban;a Hortob gyon;D;MAGYARORSZµG
Mi a New Yorkban puszt¡t¢ ¢ri smajom neve a klasszikus filmben?;Hong Kong;Godzilla;Me Kong;King Kong;D;FILM
Kit v lasztott a k”znemess‚g kir lly  a Duna jeg‚n a hiedelem szerint?;Habsburg M ty st;Hunyadi M ty st;Habsburg Ferdin ndot;Hunyadi J nost;B;T™RTNELEM
Kiknek az egyenruh ja a lib‚ria?;lak jok;pinc‚rek;lov szok;pil¢t k;A;µLTALµNOS
Milyen ¡zû ban nr¢l ‚nekelt a Metr¢ egyttes?;menta;k v‚;csokol d‚;citrom;D;ZENE
Milyen n‹i frizura a homlokba f‚slt, r”vidre v gott fi£s hajviselet?;d ma;pumi;puli;bubi;D;µLTALµNOS
Milyen  llatokkal fekszik a mond s szerint a kor n nyugov¢ra t‚r‹ ember?;a baglyokkal;a denev‚rekkel;a ty£kokkal;a diszn¢kkal;C;NYELV
Mi f‚nyesebb a l ncn l Pet‹fi ismert verse szerint?;a hant;az akarat;a kard;a malaszt;C;IRODALOM
"Mi a francia v¡gj t‚k c¡me: ""F‚l‚nk vagyok, de ...""";ld”znek a n‹k;j rok ter pi ra;h¢d¡tani akarok;l¢d¡tani akarok;C;FILM
Miket varrt egy varga?;kab tokat;asztalter¡t‹ket;fgg”ny”ket;l bbeliket;D;µLTALµNOS
Mi a tambura?;‚desvizi hal;perzsa n‚pcsoport;hangszer; zsiai vadl¢;C;NYELV
Melyik n‹i n‚vvel fejezhetjk ki egy adott terlet n”v‚nyvil g t?;Leon¢ra;Anaszt zia;Fl¢ra;Emerencia;C;BIOLàGIA
Milyen fagylaltr¢l kapta c¡m‚t Kern Andr s els‹ rendez‹k‚nt jegyzett mozifilmje?;Tiramisu;Tarantella;Sztracsatella;Capuccino;C;FILM
Milyen sz¡nû volt Barbarossa Frigyes n‚met cs sz r szak lla?;sz‹ke;fekete;r‹t;r¢zsasz¡n;C;T™RTNELEM
Mi a d¡zelmotorok zemanyaga?;benzin;benzol;g zolaj;met n;C;TECHNIKA
"Melyik v rost nevezik a ""lag£n k v ros nak""?";Velenc‚t;Rio de Janeir¢t;N polyt;Hamburgot;A;ORSZµGOK
Mit ¡rt a tan r a di k ellen‹rz‹j‚be, ha az rosszul felelt?;szekund t;szekund nst;szekat£r t;szekundert;A;µLTALµNOS
H ny korongb¢l  ll egy malom az azonos nevû j t‚kban?;kett‹b‹l;n‚gyb‹l;h romb¢l;h‚tb‹l;C;JµTK
Melyik Egyiptom ‚letad¢ foly¢ja?;Jord n;Eufr tesz;Gangesz;N¡lus;D;F™LDRAJZ
Mi Attila hun fejedelem ragadv nyneve?;l¢ev‹ barb r;sztyeppei hi‚na;k‚nk”ves istennyila;Isten ostora;D;T™RTNELEM
Mit neveznek sasliknak?;sasf‚szket;vad szfegyvert;ny rsonslt h£s‚telt;t vcs”vet;C;NYELV
Egy h z melyik r‚sz‚ben j tsz¢dik Presser G bor 1987-ben bemutatott musicalje?;a pinc‚ben;a gar zsban;a padl son;a l‚pcs‹h zban;C;ZENE
Mivel foglalkozik La Fontaine A tcs”k ‚s a hangya c¡mû mes‚j‚ben a tcs”k?;gyûjt”get;sajtot lop;hegedl;ugrabugr l;C;IRODALOM
Az al bbiak k”zl melyik van kitinb‹l?;a hadihaj¢k p nc‚lja;a lovagok p nc‚lja;az ¡zeltl b£ak p nc‚lja;a sz‚fek p nc‚lja;C;µLTALµNOS
Milyen l zr¢l sz¢l Charlie Chaplin h¡res filmje?;izoml zr¢l;v lt¢l zr¢l;aranyl zr¢l;zsebl zr¢l;C;FILM
Melyik testr‚sze vagy szerve nagyobb az  tlagosn l Cyrano de Bergeracnak?;fle;l ba;m ja;orra;D;IRODALOM
Milyen var zserejû hangszerr‹l ¡rt Mozart oper t?;krt;fagott;trombita;fuvola;D;OPERA
Ki vagy mi a t”rt‚nelmi filmekb‹l ‚s reg‚nyekb‹l ismert bajonett?;b r¢n‹;sz£r¢fegyver;bajor menyecske;francia m rt s;B;NYELV
Hogy h¡vj k a t”rped¡szf k kialak¡t s nak kertmûv‚szet‚t?;bonsai;banz j;harakiri;fudzsijama;A;µLTALµNOS
Milyen tal lm ny fûz‹dik Samuel Colt nev‚hez?;egy t vcs”ves puska;egy  gy£;egy revolver;egy vad szk‚s;C;TECHNIKA
Az al bbiak k”zl melyik sz¢ jel”li a t‹zsd‚t?;csarnok;plaza;b”rze; trium;C;µLTALµNOS
Milyen fa level‚vel takarta el mag t µd m ‚s va a Paradicsomban?;almafa;fgefa;k”rtefa;t”lgyfa;B;VALLµS
Hogy nevezik egy sz¡ndarabban az  rtatlan fiatal l ny szerepk”r‚t?;buffo;komika;naiva;femme fatale;C;SZÖNHµZ
Milyen italokb¢l k‚szl a fr”ccs?;bor ‚s sz¢da;rum ‚s k¢la;vodka ‚s narancs;s”r ‚s p linka;A;KONYHA
Ki szerepel az Arany-ballada c¡m‚ben?;Kur zsi-mama;µgnes asszony;T¢th Mari;Kat¢ n‚ni;B;IRODALOM
Mit csin l egy kintorn s?;kerti munk t v‚gez;zeneszersz mon j tszik;k¡nosan feszeng;a szabadban sportol;B;NYELV
"Milyen nevû h”lgyt‹l b£cs£zik Aradszky L szl¢ ismert sl ger‚ben: ""Isten v‚led ‚des ?""?";Pirosk m;Ir‚nk‚m;Zsuzsik m;Gizik‚m;A;ZENE
Mi ‚r aranyat a mond s szerint?;decemberi fagy;m jusi es‹;j£liusi k nikula;szeptemberi szell‹;B;NYELV
Melyik  llat nevezetes arr¢l, hogy alkalmank‚nt a homokba dugja a fej‚t?;t‹k‚s r‚ce;strucc;k¢csag;sereg‚ly;B;BIOLàGIA
Mire kapott r  M¢ricz Zsigmond vers‚ben a k‚t iciripiciri kis ”k”r?;iciripiciri kis m kra;iciripiciri kis t”kre;iciripiciri kis s”rre;iciripiciri kis teh‚nre;B;IRODALOM
Mi a neve Sherlock Holmes  lland¢ t rs nak?;dr. Doolittle;dr. Watson;dr. Bub¢;dr. Alban;B;IRODALOM
Milyen  tok a rossz szomsz‚ds g a k”zmond s szerint?;tat r;t”r”k;labanc;kun;B;NYELV
Milyen c‚lt szolg l jelenleg a Louvre, a francia kir lyok egykori palot ja?;k¢rh z;m£zeum;b¡r¢s g;eln”ki rezidencia;B;ORSZµGOK
Mi a trojka?;szib‚riai kutyafajta;penget‹s hangszer;h rmas lovasfogat;tr¢jai kisgyerek;C;NYELV
Melyik ‚gitest okozza az  rap ly jelens‚get?;a Hold;a Mars;a Jupiter;a V‚nusz;A;TUDOMµNY
Kiket vagy miket szok s amazonoknak nevezni?;egy denev‚rfajt;a brazil ‹slakosokat;a harcias n‹ket;egy almafajt t;C;NYELV
Milyen kancs¢ a n‚pies f‚rfialakot  br zol¢ kancs¢?;Miska;Laci;Feri;™d”n;A;µLTALµNOS
Milyen anyagb¢l k‚szl a furn‚rlemez?;vegb‹l;f b¢l;vasb¢l;pamutb¢l;B;TECHNIKA
Milyen ‚tel a J¢zsef Attila vers‚ben is szerepl‹ kugler?;libacomb;‚dess‚g;m rt s;leves;B;IRODALOM
Mit csin l a horg sz, amikor ‚lelem v¡zbe sz¢r s val csalogatja a halakat?;beetet;j¢llakat;h¡zlal;bev g;A;µLTALµNOS
"Milyen mint j£ a ""babos kend‹""?";cs¡kos;pettyes;kock s;vir gos;B;µLTALµNOS
Melyik testr‚sz nev‚t viseli a k”nyvek bor¡t¢lapj nak bels‹ oldala?;orr;fl;talp;h t;B;µLTALµNOS
Hol ‚p¡tett‚k fel 1961-ben a hidegh bor£ jelk‚p‚nek sz m¡t¢ falat?;Moszkv ban;Berlinben;Washingtonban;Pekingben;B;T™RTNELEM
Milyen ‚tel a lebbencs?;t‚sztaf‚le;sajtf‚le;savany£s g;hal‚tel;A;KONYHA
Milyen rendk¡vli ruhadarab szerepel Miksz th egyik mûv‚nek c¡m‚ben?;csodat‚v‹ suba;besz‚l‹ k”nt”s;‚nekl‹ szûr;makacs bekecs;B;IRODALOM
Melyik n”v‚nyt nem ehet‹ levelei‚rt termesztik?;paraj;patisszon;s¢ska;sal ta;B;BIOLàGIA
Melyik testr‚szt  polj k a pedikûr”z‚s sor n?;a kezet;az arcot;a nyakat;a l bat;D;µLTALµNOS
Az al bbiak k”zl melyik st‚s‚hez haszn lnak kov szt?;csirkecomb;keny‚r;szalmaburgonya;rabl¢h£s;B;KONYHA
Mit csin ltak el‹deink a musk‚t val?;a kalapjuk mell‚ tûzt‚k;megitt k;l‹ttek vele;sz£rtak vele;C;NYELV
Melyik orsz g aut¢gy rt s nak £tt”r‹je volt Armand Peugeot?;Franciaorsz g;Sv jc;Sv‚dorsz g;N‚metorsz g;A;ORSZµGOK
Milyen mad r szerepel Milne Micimack¢j ban?;Kakukk;Bagoly;V”cs”k;Keselyû;B;IRODALOM
Hov  vezet minden £t a mond s szerint?;R¢m ba;Moszkv ba;Washingtonba;Tibetbe;A;NYELV
Mi a obszidi n?;pornogr f film;csillag szati t vcs‹;kem‚ny vulk ni k‹zet;ehetetlen d‚ligym”lcs;C;NYELV
Hogyan nevezik az ‚szak-amerikai vadlovakat?;gn£;okapi;muszt ng;impala;C;BIOLàGIA
Ki volt az els‹ magyar kir ly?;Szent L szl¢;M ty s;Szent Istv n;K roly R¢bert;C;T™RTNELEM
"Folytassa a r‚gi mod st! ""p testben ?""";alig ‚lek;‚p l‚lek;sz‚p l‚lek;hallgat a l‚lek;B;NYELV
Az al bbi ‚lelmiszerek k”zl melyik n‚lkl nem k‚szlhet omlett?;hagyma;sajt;toj s;uborka;C;KONYHA
Milyen pitypangnak h¡vj k a gyermekl ncfvet?;pipogya;patyolat;pongyola;papucs;C;BIOLàGIA
"Mi a h¡res budapesti ‚plet neve: ""Gl Baba ?""";turb nja;trb‚je;kaft nja;blblje;B;MAGYARORSZµG
Milyen egylet szerepel A P l utcai fi£k c¡mû reg‚ny‚ben?;gittegylet;gipszegylet;l”v‚szegylet;v‚degylet;A;IRODALOM
Kinek a megment‚se szerepel Steven Spielberg filmj‚nek c¡m‚ben?;Stirlitz ‹rnagy;Bors ‹rmester;Ryan k”zleg‚ny;Kutuzov marsall;C;FILM
Mi a szab lyok r‚gies elnevez‚se?;regula;strigula;fityula;fabula;A;NYELV
"Hogyan sz¢l a mond s? ""T”bb nap, mint ?""";fizet‚s;kolb sz;plajb sz;lencse;B;NYELV
Milyen  llat szerepel a gy¢gyszert rak c‚g‚r‚ben?;p va;k¡gy¢;galamb;macska;B;µLTALµNOS
Melyik f‚rfin‚v szerepel egy k”rtefajta nev‚ben?;Viktor;™d”n;Vilmos;Imre;C;BIOLàGIA
Kik harcolnak egym ssal a Szigeti veszedelem c¡mû mûben?;magyarok ‚s n‚metek;g”r”g”k ‚s perzs k;magyarok ‚s t”r”k”k;punok ‚s r¢maiak;C;IRODALOM
Melyik nem a francia k rtyalap lapj nak magyar elnevez‚se?;bubi;d ma;donna;kir ly;C;JµTK
Melyik  llatr¢l nevezt‚k el a szrkleti vaks got?;r¢ka;farkas;szarvas;p rduc;B;NYELV
Az al bbi j rmûvek k”zl melyik v‚g llom sa van a budai V rhegyen?;fogaskerekû;f”ldalatti;sikl¢;libeg‹;C;µLTALµNOS
Milyen  llat nem szerepel Walt Disney A dzsungel k”nyve c¡mû rajzfilmj‚ben?;¢ri sk¡gy¢;feketep rduc;zsir f;majom;C;FILM
Mit vagy kit neveznek borosty nnak?;borkedvel‹ ”regurat;fut¢n”v‚nyt;a fagylaltt”lcs‚r osty j t;boros ty£kp”rk”ltet;B;NYELV
Ki volt Hunyadi M ty s magyar kir ly ‚desanyja?;Zr¡nyi Ilona;Szil gyi Erzs‚bet;Brunszvik Ter‚z;Mer niai Gertr£d;B;T™RTNELEM
Milyen  llata volt B l mnak, a mezopot miai j¢snak?;tev‚je;bolh ja;kuty ja;szamara;D;VALLµS
Az al bbiak k”zl melyiket nevezt‚k bugyell risnak?;r”vid bugyog¢t;p‚nzt rc t;bugylibicsk t;buggyos batyut;B;NYELV
"Eg‚sz¡tse ki a mond st! ""?, a karav n halad.""";a macska ny vog;a tcs”k ciripel;a malac r”f”g;a kutya ugat;D;NYELV
Kit ver meg L£das Matyi h romszor?;a vasorr£ b b t;a gyevi b¡r¢t;Nils Holgerssont;D”br”git;D;IRODALOM
"""Szorul a kapca"" - tartja a mond s. Melyik testr‚sznk”n szorul?";keznk”n;l bunkon;fejnk”n;derekunkon;B;µLTALµNOS
Milyen konyhai eszk”z a v jdling?;mosogat¢t l;fakan l;gy£r¢t bla;t‚sztaszaggat¢;A;µLTALµNOS
Minek alapj n k‚sz¡ttethetjk el horoszk¢punkat?;tests£lyunk;szlet‚si id‹nk;l bm‚retnk;szleink kora;B;µLTALµNOS
Milyen murir¢l sz¢l M¢ricz Zsigmond ismert reg‚nye?;£j‚vi;dzsentri;£ri;kereszt£ri;C;IRODALOM
Milyen  llathoz szok s hasonl¡tani egy csal d rossz £tra t‚vedt tagj t?;feh‚r holl¢;fekete b r ny;szrke galamb;fekete macska;B;NYELV
Mit m‚rtek r‚gen csom¢ban a tenger‚szek?;a haj¢ sebess‚g‚t;a f‹vitorla sz‚less‚g‚t;a sz razf”ld t vols g t;a haj¢ hossz t;A;µLTALµNOS
Milyen nap ‚jszak ja szerepel a Beatles f‹szerepl‚s‚vel k‚szlt film c¡m‚ben?;egy mer‚sz;egy k”nnyû;egy neh‚z;egy zen‚s;C;FILM
"Milyen ""p rt"" j tszott Jack Lemmon ‚s Walter Matthau v¡gj t‚kuk c¡me szerint?";fukar;bogaras;furcsa;h zas;C;FILM
Melyik hangszer neve jel”l egy f‚kt¡pust?;tuba;b‹g‹;csemball¢;dob;D;NYELV
Az al bbiak k”zl melyiket nevezik pipit‚rnek?;egy n”v‚nyt;a ty£k¢lat;‚nekesmadarat;a baromfiudvart;A;NYELV
Mi a c¡me a Drebin hadnagy kalandjair¢l sz¢l¢ filmsorozat els‹ r‚sz‚nek?;Pohos pisztoly;Csupasz pisztoly;Korhadt karab‚ly;Kopasz pisztoly;B;FILM
Ki a f‹h‹se a Louis de Funes szerepl‚s‚vel k‚szlt krimi-v¡gj t‚k sorozatnak?;Derrick;Batman;Zorro;Fantomas;D;FILM
Az al bbiak k”zl melyik egy k rtyaj t‚k neve?;katink s;m ri s;magdoln s;kl ris;B;JµTK
Az al bbiak k”zl melyik tartozik a horoszk¢p  llat”vi jegyei k”z‚?;madarak;k¡gy¢k;b‚k k;halak;D;µLTALµNOS
"Milyen s¢gort emlegetnek az ""Egyedem-begyedem tengert nc"" kezdetû magyar n‚pk”lt‚sben?";osztr k;hajd£;labanc;lengyel;B;IRODALOM
"Folytassa a dalt! ""Mindig az a perc a legszebb perc, mit ?""";nincs id‹nk meg‚lni;meg nem  d az ‚let; talszik az ember;borral t”lt a f‚rfi;B;ZENE
"Mi volt a c¡me Kevin Costner h¡res filmj‚nek? ""Farkasokkal ?""";vony¡t¢;sz guld¢;t ncol¢; lmod¢;C;FILM
Milyen fejsze nyel‚t emlegetjk, ha egy menthetetlen gyre utalunk?;csorba;tal lt;edzett;veszett;D;NYELV
Az al bbiak k”zl melyiket kapja az, akinek k‚kfrankost aj nd‚koznak?;francia p‚nz‚rm‚t;v”r”sbort;ruhasz”vetet;tint t;B;NYELV
Mire haszn lj k az eszkim¢k az iglut?;vad szatra;f‹znek benne;s¡el‚sre;laknak benne;D;µLTALµNOS
Milyen tal lm ny ihlet‹je volt a bog ncs?;cellux;t‚p‹z r;buzog ny;tûp rna;B;TECHNIKA
H ny csillagb¢l  ll a n‚pnyelv  ltal G”nc”lszek‚rnek nevezett csillagk‚p?;”t;hat;h‚t;nyolc;C;µLTALµNOS
"Mi a c¡me a nagy sikerû magyar filmnek: ""Szerelem ?""";els‹ v‚rig;m‚g egy h‚tig;a l bt”rl‹ alatt;az angyalb‹rig;A;FILM
"Milyen ""szak llnak"" nevezik a h¡rhedt n‹cs b szokat?";bak;fekete;k‚k;kecske;C;NYELV
"Milyen termesztett z”lds‚gfajta kapta a ""bogyiszl¢i vastagh£s£"" nevet?";bors¢;fejes k poszta;paprika;uborka;C;KONYHA
"Folytassa a mond st! ""Se p‚nz, se ?""";vacsora;poszt¢;b‚kess‚g;asszony;B;NYELV
"Melyik v ros szerepel ""A vadon szava"" ¡r¢j nak nev‚ben?";Manchester;London;Boston;Milwaukee;B;IRODALOM
Az illemszab ly szerint mit illik tenni, mikor valaki aj nd‚kot kap?;visszaadni;kibontani;tov bbaj nd‚kozni;bontatlanul letenni;B;µLTALµNOS
Melyik  llat lehet kardsz rny£?;szirti sas;k r¢katona;kardhal;delfin;D;BIOLàGIA
Milyen r¢zs nak nevezik a bazsar¢zs t?;v¡zkereszti;farsangi;h£sv‚ti;pnk”sdi;D;NYELV
Milyen aut¢ szerepel Rejt‹ Jen‹ ismert reg‚ny‚ben?;egymilli¢ fontos;huszonk‚t unci s;tizenn‚gy kar tos;h‚tezer k”bcentis;C;IRODALOM
Mi a c¡me Jancs¢ Mikl¢s bety rokr¢l sz¢l¢ filmj‚nek?;A csend‹r f‚lrel‚p;Szeg‚nyleg‚nyek;R¢zsa S ndor a pand£rt ugratja;Laci, a bety r;B;FILM
Mi a neve az Ezeregy‚jszaka h¡res haj¢s nak?;Dzsafar;Szindb d;Aladdin;Ali baba;B;IRODALOM
Melyik t”kfajt t nem ‚tkez‚si c‚lra termesztik?;£rit”k;st‹t”k;lop¢t”k;sp rgat”k;C;KONYHA
Melyik sz¡n nem szerepel Franciaorsz g z szlaj ban?;feh‚r;piros;z”ld;k‚k;C;ORSZµGOK
Mire k”lti a p‚nz‚t, aki malag t v s r¢l?;szivarra;papag jra;borra;d¡szkardra;C;NYELV
Mit jelent a pizzicato kifejez‚s?;egy pizzaf‚l‚t;a h£rok penget‚s‚t;a Katalin n‚v bec‚z‚s‚t;jap n tornaelemet;B;NYELV
"Milyen szobor ""‹rzi"" a g¡zai piramisokat?";f‹nix;szfinx;gorg¢;hidra;B;ORSZµGOK
Hogy h¡vj k a rajzfilmh‹s M‚zga G‚za feles‚g‚t?;H‚di;Paula;Paulina;Lujza;B;FILM
Milyen szikl r¢l ‚nekelt Zor n az 1969-es t ncdalfesztiv lon?;magas;kem‚ny;tarka;feh‚r;D;ZENE
Hogy nevezik a tart lyban ‚rlelt pezsg‹t?;torped¢pezsg‹;tankpezsg‹;usz lypezsg‹;k dpezsg‹;B;KONYHA
Melyik n‚p vagy n‚pcsoport f‚rfi£i viselete a jellegzetes kock s szoknya, a kilt?;bajor;ruszin;sk¢t;talj n;C;ORSZµGOK
Melyik nnepet el‹zi meg k”zvetlenl az advent?;h£sv‚tot;kar csonyt;hamvaz¢szerd t;mindenszenteket;B;VALLµS
Melyik f”ldr‚szen ‚l a kenguru?;Afrik ban;Ausztr li ban;D‚l-Amerik ban;µzsi ban;B;BIOLàGIA
Minek n‚zi m‚g az eget is az ember bizonyos  llapotban a mond s szerint?;citer nak;pikul nak;b‹g‹nek;koboznak;C;NYELV
"Kik voltak Keleti M rton nagy sikerû v¡gj t‚k nak f‹szerepl‹i: ""A tizedes meg ?""";a farkasok;a t”bbiek;az ezredes;a tehenek;B;FILM
Az al bbiak k”zl melyiket nevezik Jumbo Jetnek?;egy tankhaj¢t¡pust;a teherhord¢ elef ntot;egy repl‹g‚pt¡pust;egy ûr llom st;C;TECHNIKA
Hogyan nevezzk a f‹k‚pp szerelmi k”lt‚szetkr‹l neves k”z‚pkori lovagk”lt‹ket!;tuaregek;tunguzok;trubad£rok;tur nok;C;IRODALOM
Mit arat a mond s szerint, aki szelet vet?;szell‹t;zivatart;z pores‹t;vihart;D;NYELV
Ki Hacsek t rsa a k”zismert kabar‚jelenetekben?;Si¢;Saj¢;Taszil¢;Macsek;B;µLTALµNOS
Hol hordt k a f‚rfiak a fuszeklit?;a flkben;a l bukon;az ”vk”n;a kezk”n;B;µLTALµNOS
Kir‹l ‚nekelt a Pa-D”-D” egyttes 1994-es album n?;Szab¢ J nosr¢l;T¢th Lajosr¢l;Kov cs J¢zsefr‹l;Kiss B‚l r¢l;A;ZENE
"Melyik  llat ""teje"" n”v‚nyn‚v?";kakas;hal;ver‚b;kutya;D;BIOLàGIA
Milyen sz‚l  raszt vizet a n‚pdal szerint?;‹szi;viharos;tavaszi;‚szaki;C;IRODALOM
"Mi a c¡me Jiri Menzel filmj‚nek? ""Szigor£an ellen‹rz”tt ?""";vagonok;repl‹t‚r;vonatok;tengeralattj r¢;C;FILM
Melyik  llatnak nincs bajsza?;macska;harcsa;f¢ka;b‚ka;D;BIOLàGIA
Hogyan nevezt‚k a II. vil gh bor£ban az ”ngyilkos jap n pil¢t kat?;harakiri;kamikaze;fujijama;sushi;B;T™RTNELEM
Mi a csibuk?;pipa;nyereg;hangszer;cip‚sz szersz m;A;NYELV
Mit neveztek el Rudolf Diesel feltal l¢r¢l?;bels‹‚g‚sû motorfajt t;felf£jhat¢ gumiabroncsot;g‹zhaj¢t¡pust;egykerekû biciklit;A;TECHNIKA
Az al bbiak k”zl melyiket nevezik tllnek?;f£v¢s hangszert;kolibrifajt t;sz”vegfajt t;n‹i cip‹t;C;NYELV
Ki a n‹i f‹szerepl‹je az RTL Klub Pasik c¡mû sorozat nak?;J¢n s Rita;Er‹s Ant¢nia;Hern di Judit;Marsi Anik¢;C;µLTALµNOS
Mit csin l, aki marionettel j tszik?;k rty zik;b bozik;barkochb zik;domin¢zik;B;JµTK
A szarka melyik testr‚sz‚r‹l kapta nev‚t egy n”v‚nynemzets‚g?;cs‹r;l b;nyelv;farok;B;BIOLàGIA
Tizenk‚t milyen ember szerepelt a Henry Fonda f‹szerepl‚s‚vel k‚szlt b¡r¢s gi film c¡m‚ben?;dacos;dalos;dh”s;piszkos;C;FILM
Milyen  llat nev‚t viselik a h¡rlapokban felr”ppentett  lh¡rek?;liba;kacsa;kecske;b‚ka;B;µLTALµNOS
Mi a neve Kem‚ny Henrik h¡res b bfigur j nak?;Harcos Henrik;Vit‚z L szl¢;Morcos Marci;Kem‚ny K zm‚r;B;µLTALµNOS
Melyik ‚gt jr¢l nincs elnevezve jelenleg p lyaudvar Budapesten?;keletr‹l;d‚lr‹l;nyugatr¢l;‚szakr¢l;D;µLTALµNOS
"Mennyi ""2X2"" a n‚pszerû magyar film c¡me szerint?";mindig n‚gy;n‚ha ”t;n‚ha hat;egy;B;FILM
Az al bbiak k”zl melyiket nevezt‚k d¡szmagyarnak?;a nemesi oklevelet;az orsz ggyûl‚si k‚pvisel‹t;a nemesi d¡sz”lt”zetet;a v rmegye f‹isp nj t;C;µLTALµNOS
Mib‹l k‚szlt Pinokki¢?;ac‚lb¢l;rongyb¢l;f b¢l;bronzb¢l;C;IRODALOM
H nyan vannak a gonoszok a mond s szerint?;heten;tizen;tizenketten;negyvenen;A;NYELV
Mi a v‚ge a nemakar snak a mond s szerint?;nyafog s;nysz¡t‚s;ny”g‚s;nyûgl‹d‚s;C;NYELV
Minek a melegen tart s ra szolg l a muff?;l b;k‚z;fl;orr;B;µLTALµNOS
"Minek a ""fosztogat¢i"" szerepelnek Steven Spielberg filmj‚nek c¡m‚beb?";az elsllyedt Atlantisz;az eltûnt aranyv ros;Manhattan;az elveszett frigyl da;D;FILM
Mib‹l van a sz¡ve annak, aki ‚rz‚ketlen?;vasb¢l;f b¢l;csontb¢l;k‹b‹l;D;NYELV
Hogyan bec‚zik Kov cs Istv n profi ”k”lv¡v¢nkat?;Boxer;Aranykov cs;Vill m”klû;Kok¢;D;SPORT
Mi az ametiszt?;katonai rang;f‚ldr gak‹;t‹hangszer;textilfajta;B;NYELV
Mivel f‹z a szeg‚ny ember a mond s szerint?;rizzsel;v¡zzel;kopog¢ szemmel;likas ed‚nnyel;B;NYELV
Milyen  llat az els‹k‚nt bemutatott, testi sejtb‹l kl¢nozott eml‹s, Dolly?;kecske;b r ny;szarvasmarha;l¢;B;BIOLàGIA
Hogyan nevezt‚k tr‚f lkozva a kisgyerekeket?;z”ldsz j£;tejfelesfl;h tulgombol¢s;el”lkapcsos;C;NYELV
Hogy nevezik a tengerszint szab lyosan ism‚tl‹d‹ emelked‚s‚t?;ap ly; rv¡z;dag ly;asz ly;C;F™LDRAJZ
Melyik a takarm nyr‚pa elnevez‚se az al bbiak k”zl?;sert‚sr‚pa;marhar‚pa;kecsker‚pa;birkar‚pa;B;µLTALµNOS
"Kiket neveztek ""Th lia papjainak""?";a kert‚szeket;a sz¡n‚szeket;a meteorol¢gusokat;az orvosokat;B;µLTALµNOS
Mire k”lti a p‚nz‚t, aki pelerint v s rol?;apr¢ r gcs l¢ra;ruh ra;ecsetre;d¡szkardra;B;NYELV
Melyik cs rd ba j r a cimbalmos a cimbalm val cimbalmozni a n‚pdal szerint?;csengeri;hortob gyi;horgosi;bodajki;C;IRODALOM
Melyik francia asszony lett h¡res divattervez‹k‚nt?;Marguerite Duras;Francoise Sagan;Coco Chanel;Edith Piaf;C;µLTALµNOS
Melyik ¢kori v ros llam egyik kegyetlen szok sa kapcsol¢dik Taigetosz hegy‚hez?;Sp rta;Ath‚n;Szirak£za;Th‚ba;A;T™RTNELEM
Milyen megvadult  llatot f‚kez meg Toldi puszta k‚zzel a pesti utc n?;lovat;bik t;medv‚t;kuty t;B;IRODALOM
Milyen lelkûnek nevezzk a fondorlatosan  lnok szem‚lyt?;farkas;karvaly;r¢ka;galamb;C;NYELV
Hol  rulnak a mond s szerint, akik valamiben k”z”sk”dnek, cinkoss got v llalnak?;egy l¢v s rban;egy gy‚k‚nyen;egy pulton;egy kapualjban;B;NYELV
Kinek a k”zismert ¡r¢i  lneve P. Howard?;Szerb Antal;Rejt‹ Jen‹;Heltai Jen‹;Karinthy Frigyes;B;IRODALOM
Melyik ‚lelmiszer a r nt s alapanyaga?;rizs;liszt;zsemlemorzsa;b£zadara;B;KONYHA
Milyen ‚tv gya van annak az embernek, aki nagyon ‚hes?;r¢ka;farkas;medve;tigris;B;NYELV
H ny mez‹b‹l  ll egy sakkt bla?;harminchat;negyvenkilenc;hatvann‚gy;nyolcvanegy;C;JµTK
"Hogyan folytat¢dik Eisemann Mih ly ismert operettj‚nek c¡me? ""n ‚s a ?""";nagymam m;kis”cs‚m;keresztany m;s¢gorn‹m;B;OPERA
Milyen szerz‹d‚snek nevezt‚k a Szovjetuni¢ ‚s sz”vets‚gesei alkotta katonai t”mb”t?;Moszkvai;Pr gai;Vars¢i;Sz¢fiai;C;T™RTNELEM
"Folytassa a Pet‹fi-id‚zetet! ""H t hogymint vagytok otthon, ??""";mamik m;apusk m;Julisk m;Pistik m;D;IRODALOM
Milyen kir lys gnak nevezik a r”vid ideig tart¢ hatalmat?;h£sv‚ti;kar csonyi;pnk”sdi;£j‚vi;C;NYELV
Milyen j rmût¡pust neveztek el Ferdinand von Zeppelinr‹l?;tengeralattj r¢t;ûrhaj¢t;l‚ghaj¢t;g‚pkocsit;C;TECHNIKA
Minek a h ts¢ r‚sz‚n  ll, aki a taton  ll?;aut¢busz;mozdony;haj¢;villamos;C;µLTALµNOS
Mihez k‚szl, aki frst”k”lni fog?;hajv g shoz;reggelihez;t”k kap l s hoz;kolb szfst”l‚shez;B;NYELV
Milyen k”rr‹l sz¢l Arany J nos n‚pszerû verse?;bar ti;csal di;szakmai;m‚rtani;B;IRODALOM
"Mit csin lt, aki ""shimmyt j rt""?";menetelt;bocs natot k‚rt;t ncolt;t£r zott;C;NYELV
Mit kedvel az, aki szereti a sprotnit?;egy halfajt;az osztr k n‚pzen‚t;szerb t ncot;egy sajtfajt t;A;NYELV
Hol van, aki egy lajtorj n  ll?;hegycs£cson;haj¢ fed‚lzet‚n;l‚tr n;‹rtoronyban;C;µLTALµNOS
Kiket nevezett a n‚pnyelv martal¢cnak?;a b”ll‚reket;a bak¢kat;a zsiv nyokat;a s”rf‹z‹ket;C;NYELV
Kit neveznek g¢ly nak egy f‹iskol n?;v‚gz‹s di kot;els‹‚ves di kot;tan rseg‚det;tansz‚kvezet‹t;B;µLTALµNOS
Az al bbiak k”zl ki a m‚rhetetlen gazdags g jelk‚pe?;D riusz;Damokl‚sz;D‚mokritosz;Dana‚;A;µLTALµNOS
Az al bbi eszk”z”k k”zl melyik nem tehervon¢  llatok felszersz moz s ra val¢?;j rom;iga;szgyh m;gereben;D;µLTALµNOS
Milyen ruhadarab a bermuda?;nyakkend‹;ing;h romsz”gletû kalap;nadr g;D;µLTALµNOS
Melyik bibliai v rost emlegetjk, ha valaminek a zûrzavaros  llapot t akarjuk kifejezni?;Jerev nt;Jerik¢t;B belt;Damaszkuszt;C;VALLµS
Milyen  llat seg¡ts‚g‚vel k”vetett el ”ngyilkoss got Kleop tra a hiedelem szerint?;krokodil;k¡gy¢;skorpi¢;oroszl n;B;T™RTNELEM
Melyik orsz g  llami r di¢- ‚s telev¡zi¢t rsas ga a BBC?;Kanada;USA;Nagy-Britannia;Belgium;C;ORSZµGOK
"Milyen ""er‹"" volt a teljes¡tm‚ny m‚rt‚kegys‚ge az SI rendszer bevezet‚se el‹tt?";bivaly;elef nt;”k”r;l¢;D;TUDOMµNY
Melyik sz¢ jel”l egy sajtfajt t?;gr nit;m rv ny;andezit;tufa;B;KONYHA
Kir‹l sz¢l James Fenimore Cooper reg‚nye?;az utols¢ apacsr¢l;az utols¢ komancsr¢l;az utols¢ szi£r¢l;az utols¢ mohik nr¢l;D;IRODALOM
"Milyen ""Halottk‚mek"" n‚ven v lt ismertt‚ egy zenekar?";Repl‹;Zen‚l‹;V gt z¢;Ord¡t¢;C;ZENE
Miket l that, aki egy arbor‚tumban s‚t l?;boroshord¢kat;toronyh zakat;n‚pmûv‚szeti bemutat¢t;n”v‚nyeket;D;NYELV
Milyen ‚l‹l‚ny a tuja?;tengeri sn;hossz£ cs‹rû mad r;ehet‹ gomba;”r”kz”ld n”v‚ny;D;BIOLàGIA
Milyen f‚lelmetes j”vev‚nyekt‹l rettegnek a n‚gysz”gletû kerekerd‹ lak¢i L z r Ervin mes‚j‚ben?;bodob csokt¢l;pomog csokt¢l;fakop ncsokt¢l;pog csokt¢l;B;IRODALOM
Mi a szputnyik?;ûrrepl‹g‚p;hordoz¢rak‚ta;mûhold;ûrteleszk¢p;C;TECHNIKA
Hogyan nevezzk a mutatv nyosok j r¢eszk”z‚t, a l bra er‹s¡thet‹ k‚t hossz£ farudat?;flaming¢l b;zsir fl b;g¢lyal b;elef ntl b;C;µLTALµNOS
Ki akarta feles‚gl adni a l ny t J nos vit‚zhez?;Iluska mostoh ja;a francia kir ly;a tat r k n;az ¢ri sok kir lya;B;IRODALOM
Mib‹l k‚szl a mazsola?;egresb‹l;naspoly b¢l;fg‚b‹l;sz‹l‹b‹l;D;KONYHA
Kik lakj k Lilliput orsz g t Swift reg‚ny‚ben?;t”rp‚k;¢ri sok;tnd‚rek;s rk nyok;A;IRODALOM
Melyik gym”lcs az alma rokona?;a fge;a birs;a k¢kuszdi¢;a datolya;B;BIOLàGIA
Milyen sz¡nû t‚len a sarki r¢ka bund ja?;feh‚r;v”r”s;barna;fekete;A;BIOLàGIA
Melyik egy ruhadarab ‚s egy hentes ru elnevez‚se is?;kimon¢;krokett;krinolin;kalucsni;C;NYELV
A parat”lgy melyik r‚sz‚b‹l k‚szl a parafa?;kls‹ k‚rg‚b‹l;a gy”ker‚b‹l; g b¢l;a makkj b¢l;A;BIOLàGIA
Milyen kapunak nevezik a h ztet‹szerûen fedett, faragott kaput?;m¢r;sz‚kely;szl v;d¢r;B;PÖTSZET
Mivel foglalkozik a tak cs?;fafarag ssal;sz”v‚ssel;vaseszterg l ssal;b‹rfeldolgoz ssal;B;µLTALµNOS
Hogy nevezik azt a f”ldet, amelyr‹l a gabonaterm‚st lev gt k?;t rna;tarl¢;t r¢;r r¢;B;µLTALµNOS
Az al bbiak k”zl melyik k‚szlhet batisztb¢l?;tet‹cser‚p;ruhanemû;t”lt‹toll;goly¢scsap gy;B;µLTALµNOS
Melyik a horoszk¢p  llat”vi jegyeinek egyike?;P¢k;Skorpi¢;Hom r;Dar zs;B;µLTALµNOS
Minek nem v jja ki a holl¢ a szem‚t a mond s szerint?;a mad rijeszt‹nek;a sz‹l‹frtnek;a holl¢nak;a kukoric nak;C;NYELV
Kit‹l kihez j r a mond s szerint, aki egyik helyr‹l a m sikra szaladg l eredm‚nytelenl?;Kajaf st¢l Barrab sig;Ponciust¢l Pil tusig;Saulust¢l Paulusig;µd mt¢l v ig;B;NYELV
Milyen po‚t nak nevezzk a tehets‚gtelen versfarag¢t?;ny¡rfa;ny rfa;fûzfa;bkkfa;C;NYELV
Hol nem j rt Piedone a Bud Spencer f‹szerepl‚s‚vel k‚szlt filmek c¡me szerint?;Hongkongban;Afrik ban;Egyiptomban;Bagdadban;D;FILM
Melyik  llat h zasodik egy ismert magyar n‚pdal szerint?;a pocok;a tcs”k;a medve;a szam r;B;IRODALOM
Milyen lakom nak nevezik a f‚nyûz‹en pazar ‚tkez‚st?;hom‚roszi;lukulluszi;tantaloszi;leszboszi;B;NYELV
Hogyan ¡rt k a r¢maiak az ezres sz mot?;X;L;C;M;D;T™RTNELEM
Hov  j”ssz te m‚g a fenyeget‹ mond s szerint?;ebbe a zs kutc ba;az ‚n utc mba;a szomsz‚d utc ba;egy s”t‚t kis utc ba;B;µLTALµNOS
Mit rendeznek minden ‚v elej‚n P rizs ‚s Dakar k”z”tt?;l‚ghaj¢versenyt;ker‚kp rversenyt;raliversenyt;fut¢versenyt;C;SPORT
Hol t”rt‚nik gyilkoss g Agatha Christie ismert reg‚ny‚ben?;az Orient expresszen;a 424-es g‹zmozdonyon;a francia szupervas£ton;az Intercityn;A;IRODALOM
Milyen  llatot terelget a kond s?;diszn¢t;juhot;lovat;szarvasmarh t;A;µLTALµNOS
Hogy nevezik a t”bb tudom ny gban j rtas, egyetemes tud s£ szem‚lyt?;polisztirol;polig m;polihisztor;polifon;C;NYELV
Az al bbiak k”zl melyikb‹l k‚sz¡tenek ruh t?;muszlin;muszka;muszlim;mokka;A;µLTALµNOS
Kik ‚p¡tettek akropoliszokat?;az ¢kori egyiptomiak;a vikingek;a maj k;az ¢kori g”r”g”k;D;T™RTNELEM
"Mire sz¢l¡t fel Eisemann Mih ly sl gere: ""J nos, legyen, ?""";a Horv th-kertben Bud n;h‚tre a Nemzetin‚l;fenn a J nos-hegyen;‚jjel az omnibusz tetej‚n;C;ZENE
Milyen arcsz‹rzettel rendelkezik Rejt‹ Jen‹ h‹se, Wagner £r?;kaporszak llal;r‹tszak llal;k‚k szak llal;sz‹ke szak llal;C;IRODALOM
Mit iszik, aki iszik egy snapszot?;k v‚t;te t;p link t;turmixot;C;µLTALµNOS
Melyik egy budapesti sz¡nh z neve?;Trag‚dium;Kom‚dium;Melodramatikum;Abszurdum;B;SZÖNHµZ
Melyik kontinensen neveztek el orsz got a szabads gharcos Simon Bolivarr¢l?;Afrik ban;µzsi ban;D‚l-Amerik ban;szak-Amerik ban;C;ORSZµGOK
Melyik sk l n nem m‚rhetnk h‹m‚rs‚kletet?;R‚aumur;Celsius;Richter;Fahrenheit;C;TUDOMµNY
Melyik az a mad r, amelynek egyetlen p‚ld nya m‚g nem csin l nyarat a mond s szerint?;g¢lya;fecske;pacsirta;daru;B;NYELV
Melyik ‚lelmiszer nem a lecs¢ alapanyaga?;z”ldpaprika;paradicsom;v”r”shagyma;burgonya;D;KONYHA
Melyik t rgy v lt a Charlie Chaplin  ltal teremtett csavarg¢ egyik jelk‚p‚v‚?;szemveg;s‚tap lca;gumibot;aktat ska;B;FILM
"Melyik ""cukor"" nem n”v‚nyn‚v?";cukorr‚pa;cukorn d;cukorbors¢;cukorsp rga;D;BIOLàGIA
"Melyik irodalmi h‹s elnevez‚se a ""b£sk‚pû lovag""?";Triszt n;Don Quijote;Ivanhoe;Cid;B;IRODALOM
Melyik sport gban lehet tarolni?;sakkban;¡j szatban;tek‚z‚sben;g tfut sban;C;SPORT
Milyen  llat Ursula, a rajzfilmh‹s dr. Bub¢ asszisztense?;teh‚n;v¡zil¢;medve;kenguru;C;FILM
Az al bbi  llatnevek k”zl melyik egy himl‹fajta el‹neve?;farkas;szam r;galamb;b r ny;D;NYELV
Melyik ‚lelmiszert fil‚zhetik az al bbiak k”zl?;karfiolt;halat;gomb t;bors¢t;B;KONYHA
Az al bbiak k”zl melyik egy m¢dosult  llkapcs£, 3-4 m‚teres tengeri hal neve?;l ndzsahal;kardhal;karab‚lyhal;szuronyhal;B;BIOLàGIA
Hogyan nevezik az  rsz¡nvonal tart¢s emelked‚s‚t, a p‚nz v lt¢erej‚nek cs”kken‚s‚t?;likvidit s;stabiliz ci¢;infl ci¢;konvertibilit s;C;µLTALµNOS
"Melyik  llat lehet ""kaffer"" az al bbiak k”zl?";kecske;l ma;bivaly;antilop;C;BIOLàGIA
Melyik sport g sz”vets‚gi kapit nya dr. Kem‚ny D‚nes?;k‚zilabda;kajak-kenu;birk¢z s;v¡zilabda;D;SPORT
Mi a ketchup alapanyaga?;c‚kla;paradicsom;padlizs n;paprika;B;KONYHA
Melyik nem Duna-parti v ros az al bbiak k”zl?;V c;Moh cs;Mak¢;Esztergom;C;F™LDRAJZ
Melyikre haszn lt k a szakajt¢t az al bbiak k”zl?;di¢dar l sra;ajt¢vasal sra;z rak jav¡t s ra;t‚szta keleszt‚s‚re;D;µLTALµNOS
Melyik sz¡n  rnyalata a skarl t?;k‚k;s rga;z”ld;v”r”s;D;µLTALµNOS
"Hol ny¡lott meg a ""kutya-t r"" We”res S ndor vers‚ben?";Bud n;a hentes szomsz‚ds g ban;Harap utca h rom alatt;a kik‚pz‹telepen;C;IRODALOM
Milyen k”zleked‚si eszk”ze van Fortun nak a mond s szerint?;bricsk ja;szekere;konflisa;bat rja;B;µLTALµNOS
Mije nincs a p‚nznek a Vespasianusnak tulajdon¡tott mond s szerint?;‚rt‚ke;buk‚ja;szaga;hangja;C;µLTALµNOS
Hol utazott, aki deregly‚re sz llt?;v¡zen;orsz g£ton;vas£ton;leveg‹ben;A;µLTALµNOS
Milyen passznak nevezik a labdar£g sban a k”zelre p”ccintett  tad st?;arasz;ujjbegy;k”r”m;karom;C;SPORT
Milyen ¡zes¡t‚sû kr‚mmel k‚szl a rig¢jancsi nevû stem‚ny?;csokol d‚;mandula;t£r¢;gesztenye;A;KONYHA
Melyik a magyar nyelv leggyakrabb mag nhangz¢ja?;a;e;i;¢;B;NYELV
Mire haszn lj k a szaharint?;‚des¡t‚sre;s¢z sra;fest‚sre;ragaszt sra;A;µLTALµNOS
Kinek az el‹ad s ban lett sl ger a Sohase mondd! c¡mû dal?;Eszenyi Enik‹;Hern di Judit;Psota Ir‚n;T”r‹csik Mari;B;ZENE
Milyen vir g szerepel K lm n Imre operettj‚nek c¡m‚ben?;nizzai n rcisz;marseille-i mim¢za;p rizsi pipacs;montmartre-i ibolya;D;OPERA
Kinek a lak¢helye Londonban a Buckingham-palota?;a minisztereln”k;a kir lyn‹;a psp”k;a f‹polg rmester;B;ORSZµGOK
Milyen ‚lelmiszer a rokfort?;szal mi;sajt;kolb sz;t£r¢;B;KONYHA
Mi a hidrogl¢busz magyar elnevez‚se?;tûzg”mb;f”ldgoly¢;ûrrak‚ta;v¡ztorony;D;NYELV
Melyik betegs‚g r‚gies neve a cs£z?;influenza;reuma;kanyar¢;mumpsz;B;BIOLàGIA
"Melyik ""r¢zsa"" nem n”v‚ny?";bazsar¢zsa;tear¢zsa;bab‚rr¢zsa;sz‚lr¢zsa;D;BIOLàGIA
Melyik f”ldr‚szen van a rizs ‹shaz ja?;Afrik ban;µzsi ban;D‚l-Amerik ban;Eur¢p ban;B;BIOLàGIA
Hova ment, aki pucer jba sietett?;mosod ba;‚jszakai mulat¢ba;rend‹rs‚gre;fodr szatba;A;µLTALµNOS
Hol viseli egy h”lgy a st¢l t?;haj ban;v ll n;fl‚ben;l b n;B;µLTALµNOS
Melyik labdar£g¢ klubcsapatban j tszott t”bb mint h£sz ‚vig Albert Fl¢ri n?;éjpesti D¢zsa;Vasas;Bp. Honv‚d;Ferencv ros;D;SPORT
Milyen lovagokr¢l ¡rt sz¡nmûvet Shakespeare?;s¢tlan-l¢tlan;l¢v lett;l¢v tett;l¢k‚pû;C;IRODALOM
Milyen h zi llatot neveztek a n‚pnyelvben kacornak?;pulit;kand£rt;kacs t;kiscsik¢t;B;NYELV
Ki volt K in ‚s µbel anyja a Biblia szerint?;Rebekka;Eszter;va;S ra;C;VALLµS
Melyik sz¡n  rnyalata a karmazsin?;z”ld;k‚k;piros;s rga;C;µLTALµNOS
Hol van, aki egy gr dicson  ll?;cs¢nakban;l‚pcs‹n;fves r‚ten;haj¢h¡don;B;µLTALµNOS
Melyik egy saj t test‚t felf£jni k‚pes hal neve?;g”mbhal;k£phal;piramishal;g£lahal;A;BIOLàGIA
Hogyan nevezik a k”zgazdas gtanban a gazdas gi fellendl‚st?;tinkt£ra;konjunkt£ra;kolorat£ra;partit£ra;B;µLTALµNOS
Melyik  llam hadsereg‚nek tisztje volt Julius Haynau b r¢?;porosz;osztr k;francia;orosz;B;T™RTNELEM
Melyik orsz g Portug lia egyetlen szomsz‚dja?;Franciaorsz g;N‚metorsz g;Spanyolorsz g;G”r”gorsz g;C;F™LDRAJZ
Melyik mini llam hivatalos nyelve a latin?;Monaco;San Marino;Andorra;Vatik n;D;ORSZµGOK
Hogyan nevezzk a nem eredeti  llapotukban fennmaradt, s‚rlt mûalkot sokat?;torero;torzi¢;torz¢;tortilla;C;NYELV
Milyen r‚sz‚‚rt termesztik a szez mot?;olajos magvai‚rt;ehet‹ gy”k‚rgum¢i‚rt;f s sz r ‚rt;rostos levelei‚rt;A;BIOLàGIA
Milyen sz¡nvil got kedvel, aki a b‚zs dolgokhoz vonz¢dik?;ibolyak‚ket;homoksz¡nût;‚l‚nkz”ldet;v‚rv”r”set;B;µLTALµNOS
Melyik vall s temploma a mecset?;katolikus;buddhista;iszl m;zsid¢;C;VALLµS
Mijket hordt k kalandoz¢ ‹seink varkocsban?;hajukat;hadizs km nyukat;‚lelmket;¡jaikat;A;T™RTNELEM
Minek a h rom ‚jszak j r¢l sz¢l az ismert zen‚s trag‚dia?;egy szerelem;egy bûnt‚ny;egy utaz s;egy szellem;A;OPERA
Milyen sport g vil gbajnoka volt Arnold Schwarzenegger?;test‚p¡t‚s;tenisz;sakk;r£dugr s;A;SPORT
Hol gyûltek ”ssze a falusi l nyok t rsas munk ra ‚s sz¢rakoz sra?;a horgol¢ban;a fon¢ban;a sz”v‹ben;a stoppol¢ban;B;µLTALµNOS
Melyik h¢napban v‚gezt‚k ki a tizenh rom aradi v‚rtan£t?;augusztus;szeptember;okt¢ber;november;C;T™RTNELEM
Hogyan nevezik a bizonyos szavak kimond s ra vonatkoz¢ vall si tilalmat?;fabula;tabula;tabu;tabulata;C;µLTALµNOS
Mi a kintorna?;reggeli gimnasztika;laborat¢riumi eszk”z;ag rverseny;s¡pl da;D;NYELV
Melyiknek van vitorl ja az al bbiak k”zl?;kov csmûhely;sz‚lmalom;g‹zmozdony;komb jn;B;µLTALµNOS
Hogyan nevezik az ajt¢- vagy ablakkeret fels‹ v¡zszintes f j t?;szempillafa;szemtengelyfa;szem”ld”kfa;szemvegfa;C;PÖTSZET
A dr mai mûvek mely r‚sze a prol¢g?;bevezet‚se;z rszava;a konfliktus cs£cspontja;a f‹szerepl‹ monol¢gja;A;IRODALOM
Milyen hangszereken k¡s‚rt‚k a s m nok a m gikus szertart sokat?;lant;fuvola;dob;v¡ziorgona;C;µLTALµNOS
Milyen sz rmaz s£ Yoko Ono, John Lennon m sodik feles‚ge?;k¡nai;mal j;indi n;jap n;D;ZENE
Mit csin l k¢rosan az, aki kleptom ni ban szenved?;lop;alszik;¡r;frdik;A;NYELV
Mit nevezett a n‚pnyelv tr‚f san talpal val¢nak?;£j cip‹t;tavaszi r‚tet;gyors t ncot;‚l‚nk zen‚t;D;NYELV
H ny azonos ‚rt‚kû lapja van a p¢kerj t‚kosnak, ha p¢kere van?;h rom;n‚gy;”t;hat;B;JµTK
Melyik h¢nap nev‚t viseli a haz k el‚ vagy ‚pl‹ h zakra kitûz”tt bokr‚t s fa?;m rcius; prilis;m jus;j£nius;C;µLTALµNOS
Hogyan nevezt‚k a n‹k k”z”tt nagy n‚pszerûs‚gnek ”rvend‹ f‚rfiakat?;bel ami;bel canto;belladonna;beluga;A;µLTALµNOS
Melyik sport gban rendezik meg a Tour de France nevû versenyt?;vitorl z s;ker‚kp roz s;terepfut s;motorcs¢naksport;B;SPORT
Mit csin l a gym”lccsel, aki aszalja?;tart¢s¡tja;lekv rt f‹z bel‹le;p link t k‚sz¡t bel‹le;megh mozza;A;KONYHA
Hogyan nevezi a n‚pnyelv a pupill t?;szemf‚ny;szembog r;macskaszem;szemtk”r;B;NYELV
Melyik term‚szeti jelens‚g egyezik meg egy Shakespeare-mû c¡m‚vel?;v¡z”z”n;vihar;d‚lib b;h¢es‚s;B;IRODALOM
"Milyen ""‚letr‹l"" ¡rt oper t Giocomo Puccini?";csend;boh‚m;h zas;mag n;B;OPERA
Mi furdalhatja az ember oldal t a mond s szerint?;kivagyis g;k¡v ncsis g;moh¢s g;kotnyeless‚g;B;NYELV
Az al bbiak k”zl melyik ‚l‚n  ll d‚k n?;egyetemi kar;tat r hadsereg;francia t nckar;mongol parlament;A;µLTALµNOS
Ki hajthat v‚gre cs sz rmetsz‚st?;”tv”s;kert‚sz;szak cs;szl‚sz;D;µLTALµNOS
Hogyan nevezt‚k a katonai csapategys‚geket az ¢kori R¢m ban?;band‚rium;l‚gi¢;deszant;ut sz;B;T™RTNELEM
Mit neveztek koloncnak a n‚pnyelvben?;v ndorbatyut;d¡szszalagot;nehez‚ket;”v”n fgg‹ ersz‚nyt;C;NYELV
"Milyen ""szelet"" egy kr‚mmel t”lt”tt ostyalapokb¢l  ll¢ k”zkedvelt ‚dess‚g neve?";r¢mai;velencei;n polyi;p rmai;C;KONYHA
Milyen int‚zm‚ny volt az orfeum?;oktat si;sz¢rakoztat¢; llamigazgat si;sport;B;µLTALµNOS
Milyen j t‚k a mimika?;k rtyaj t‚k;labdaj t‚k;arcj t‚k;b bj t‚k;C;JµTK
Az al bbiak k”zl melyik a diz‹z?;‹zsuta;vad szkrt;‚nekesn‹;vadtr¢fea;C;NYELV
Hogyan nevezzk egy teny‚sz llat sz rmaz si lapj t?;parapl‚;pedigr‚;pelerin;pelota;B;µLTALµNOS
Honnan ered az akupunkt£ra mint gy¢gym¢d?;K¡n b¢l;Indi b¢l;Jap nb¢l;Egyiptomb¢l;A;BIOLàGIA
Melyik gym”lcs neve jel”l egy paprikafajt t?;szam¢ca;meggy;cseresznye;m lna;C;BIOLàGIA
Mikor ismerszik meg a j¢ bar t a mond s szerint?;ha ellens‚gg‚ v lt;borozgat s k”zben;bajban;nagy szerencs‚ben;C;NYELV
Az al bbi  llatnevek k”zl melyik egy himl‹fajta el‹neve?;farkas;szam r;galamb;b r ny;D;BIOLàGIA
Mi a szab lyok r‚gies elnevez‚se?;regula;strigula;fityula;fabula;A;NYELV
Mire haszn lt k r‚gen a palavessz‹t az iskol kban?;ver‚sre;¡r sra;hossz£s g m‚r‚s‚re;kert‚szked‚sre;B;µLTALµNOS
Melyiket kelesztik?;vadh£st;t‚szt t;bort;kelm‚t;B;KONYHA
Kikkel tal lkozhatunk leggyakrabban, ha egy k”rletben j runk?;orvosokkal;m‚rn”k”kkel;katon kkal;labor nsokkal;C;µLTALµNOS
Milyen j rmûvekb‹l  ll a flottilla?;kamionokb¢l;vagonokb¢l;repl‹g‚pekb‹l;haj¢kb¢l;D;µLTALµNOS
Ki Bonnie t rsa Arthur Penn vil gh¡rû gengszterfilmj‚ben?;Cher;Clyde;Money;Stan;B;FILM
Hogy nevezik az a terletet, ahol a birk¢z¢k kzdenek?;parkett;gyep;sz‹nyeg;p st;C;SPORT
Melyik istenr‹l kapta nev‚t egy amerikai ûrhaj¢t¡pus?;Apoll¢;Dionszosz;Zeusz;H d‚sz;A;TUDOMµNY
Az al bbiak k”zl melyik nem halfajta?;viza;tok;harcsa;varsa;D;BIOLàGIA
Milyen d¡t‹italt k‚sz¡tenek gym”lcsb‹l ‚s tejb‹l?;kokt‚lt;turmixot;cs j t;krampampulit;B;KONYHA
Milyen hollandir¢l ¡rt oper t Wagner?;facip‹s;elt‚vedt;tulip nos;bolyg¢;D;OPERA
Hogy nevezik egy  rver‚sen az indul¢, legalacsonyabb  rat?;minim l  r;kihirdet‚si  r;kiki lt si  r;rajt  r;C;µLTALµNOS
Hogy nevezik a lekasz lt ‚s megsz r¡tott fvet?;szalma;sz‚na;sz lka;sarj£;B;µLTALµNOS
Melyik az USA ûrkutat si tev‚kenys‚g‚t ir ny¡t¢ hat¢s g nev‚nek r”vid¡t‚se?;CNN;RTL;NBA;NASA;D;µLTALµNOS
Melyiket csin lja a bor sz, amikor fokol?;hord¢t csapol;bor szesztartalm t m‚ri;sz‹l‹t szemez;pince h‹m‚rs‚klet‚t m‚ri;B;µLTALµNOS
Ki nem n‹rokon?;meny; ngy;napa;ipa;D;µLTALµNOS
Melyik egyttes tagjai j tszott k a Help! c¡mû film f‹szerep‚t?;Chicago;Beatles;Metallica;Police;B;ZENE
Melyiket nevezik  rval nyhajnak?;a v‚kony c‚rn t;a p¢kh l¢t;egy n”v‚nynemzets‚get;a par¢k t;C;µLTALµNOS
Miket nevel, aki fikuszokat gyûjt?;d¡szhalakat;r gcs l¢kat;madarakat;d¡szn”v‚nyeket;D;BIOLàGIA
"Hogyan folytat¢dik a mond s? ""Amit veszt a r‚ven, ?""";elveszti ”r”kre;elk”lti az  llam;megnyeri a v mon;visszaig‚nyeli ad¢ban;C;µLTALµNOS
Hol j runk, ha a man‚zsban zajl¢ esem‚nyeket figyeljk?;uszod ban;cirkuszban;sportstadionban;parlamentben;B;µLTALµNOS
Mit csin lnak a keleti n‚pek a pil ffal?;megeszik;fst”l‹nek haszn lj k;zen‚lnek vele;utaznak rajta;A;NYELV
Melyik sport gban rendeznek rali versenyt?;aut¢sport;lovagl s;ker‚kp roz s;atl‚tika;A;SPORT
Melyiket nevezhetik mortadell nak az al bbiak k”zl?;olasz opera‚nekesn‹t;fagylaltot;felv gottfajt t;evez‹s haj¢t;C;NYELV
Milyen k”nnyeknek nevezik a k‚pmutat¢, nem ‹szinte sajn lkoz s k”nnyeit?;elef nt;mamut;krokodil;b lna;C;µLTALµNOS
Melyik szervnk”n hordhatunk hidat ‚s koron t?;szem;fl;orr;fog;D;BIOLàGIA
Milyen m‚rk‹z‚snek nevezik a nemzetek k”zti, t‚t n‚lkli labdar£g¢ tal lkoz¢t?;szel¡d;bar ts gos;ismerked‹;levezet‹;B;SPORT
Hol tal lhat¢k a b¢j k?;v¡zben;leveg‹ben;f”ld”n;f”ld alatt;A;µLTALµNOS
Kik a c¡mszerepl‹i Miksz th mûv‚nek?;a k‚t koldusdi k;a h rom garabonci s;a n‚gy v ndordalnok;a t¡z gubern tor;A;IRODALOM
Melyik hangszer elnevez‚se szerepel a l bsz r egyik csontj nak nev‚ben?;dob;furulya;s¡p;fagott;C;µLTALµNOS
Mi a galuska m sik elnevez‚se?;makar¢ni;spagetti;nokedli;bukta;C;KONYHA
Melyik r‚gi mond s utal az elk‚sett seg¡ts‚gre, k‚s‹i ¢vatoss gra?;Z por ut n eserny‹.;Es‹ ut n k”p”nyeg.;Zivatar ut n kalap.;gi ld s ut n ereszalja.;B;µLTALµNOS
"Mit jelent az ""  la carte"" kifejez‚s?";pinc‚r szerint;‚tlap szerint;t‚rk‚p szerint;‚gt j szerint;B;µLTALµNOS
Mi a pendely?;ruhadarab;gazdas gi ‚plet;szersz m;fut¢bab;A;µLTALµNOS
Melyik egy Pet‹fi-vers c¡me az al bbiak k”zl?;Hogyan k”sz”ntselek?;Mik‚nt illesselek?;Minek nevezzelek?;H nyszor keresselek?;C;IRODALOM
Az al bbiak k”zl melyiket nevezt‚k kazamat nak?;vil g¡t¢tornyot;f”ld alatti b”rt”nt;¢kori ostromg‚pet;ausztr l fut¢madarat;B;NYELV
"Az al bbiak k”zl melyik sz¡n  rnyalat t fejezhetjk ki a ""rozsda"" el‹taggal?";z”ld;k‚k;barna;s rga;C;µLTALµNOS
Melyik nem kutyafajta az al bbiak k”zl?;basset hound;bearded collie;masztiff;csincsilla;D;BIOLàGIA
Milyen eredetû a Zor n n‚v?;francia;latin;szl v;n‚met;C;NYELV
Milyen kalm r a c¡mszerepl‹je Shakespeare mûv‚nek?;firenzei;veronai;velencei;mil n¢i;C;IRODALOM
Milyen mad r szerepel Galla Mikl¢s abszurd sz¡nt rsulat nak nev‚ben?;kerecsens¢lyom;b£bosv”cs”k;holl¢;aranym link¢;C;µLTALµNOS
Milyen man¢ a neve egy Magyarorsz gon is ‚l‹ ragadoz¢ rovarnak?;remete;imamond¢; jtatos;csuh s;C;BIOLàGIA
Milyen anyagb¢l van Andersen rend¡thetetlen j t‚kkaton ja?;¢n;¢lom;r‚z;bronz;B;IRODALOM
Mi a l‚lek tkre a mond s szerint?;az ‚tv gy;a nevet‚s;a szem;a testtart s;C;µLTALµNOS
Melyik a franciasal ta egyik alapanyaga?;torma;c‚kla;majon‚z;kapor;C;KONYHA
Kik foglalkoznak a n‚pesed‚si adatok elemz‚s‚vel?;demag¢gok;demiurgoszok;demogr fusok;demonstr torok;C;µLTALµNOS
Mit k¡v n, aki camambert-re v gyik?;v”r”sbort;sajtot;hagymalevest;pezsg‹t;B;KONYHA
Mi t”rt‚nik egy  llattal, amikor vedlik?;ut¢dot hoz vil gra;leveti b‹re fels‹ r‚teg‚t;t pl l‚kot rakt roz el;t‚li  lomb¢l ‚bred;B;BIOLàGIA
Hov  mentem ‚n el f‚lp‚nzzel a n‚pdal szerint?;a szomsz‚dba;a kocsm ba;az erd‹be;a v s rba;D;IRODALOM
"Honnan ""j”ttnk"" a n‚pszerû t rsas gi j t‚k neve szerint?";Angol b¢l;Angli b¢l;Amerik b¢l;Ausztr li b¢l;C;JµTK
Milyen katon t neveztek regrut nak?;£joncot;leszerel‹t;dezert l¢t;”nk‚ntest;A;NYELV
Milyen j rmû a nasz d?;vad szrepl‹;hadihaj¢;tengeralattj r¢;tank;B;TECHNIKA
Milyen sz‚rû szerepel Ady Endre vers‚nek c¡m‚ben?;kir lyi;gr¢fi;isp ni;n dori;B;IRODALOM
"Melyik lehet ""sztentori"" az al bbiak k”zl?";hang;hall s;hallgat s;halogat s;A;µLTALµNOS
Melyik papi m‚lt¢s g lehet a lila sz¡n jelz‹je?;psp”k;k pl n;k ptalan;‚rsek;A;VALLµS
Kik haszn lj k alkot s k”zben a palett t?;r‚zmûvesek;k”lt‹k;fest‹k;zeneszerz‹k;C;µLTALµNOS
Melyik ‚gitesthez vonz¢dik k¢rosan az alvaj r¢ a n‚phit szerint?;Holdhoz;Naphoz;V‚nuszhoz;Marshoz;A;µLTALµNOS
Melyik szervnkben tal lhat¢ a sziv rv nyh rtya?;fl;sz¡v;szem;agy;C;BIOLàGIA
Milyen embert nevez a n‚pnyelv golyh¢nak?;puf¢kot;egygyût;kopaszt;okoskod¢t;B;NYELV
H ny fokosak az egyenl‹ oldal£ h romsz”g bels‹ sz”gei?;180;60;90;45;B;TUDOMµNY
Milyen  llatoknak van zuz juk?;madaraknak;halaknak;k‚t‚ltûeknek;hll‹knek;A;BIOLàGIA
"Mi‚rt ""most sz‚p lenni katon nak"" a n‚pdal szerint?";mert v‚ge a h bor£nak;mert £j az egyenruha;mert Kossuthnak verbuv lnak;mert n‹sl a f‹kapit ny;C;NYELV
Hogyan k‚sz¡tett‚k az indi nok a kenut?;agyagb¢l ‚gett‚k;fat”rzsb‹l v jt k ki;n dat k”t”ttek ”ssze;p lmalevelekb‹l font k;B;µLTALµNOS
Milyen r‚sznek nevezzk valaminek a legnagyobb r‚sz‚t?;elef nt;mamut;oroszl n;b lna;C;NYELV
Melyik tengerben tal lhat¢ Szic¡lia szigete?;gei-tenger;Balti-tenger;szaki-tenger;F”ldk”zi-tenger;D;F™LDRAJZ
Milyen kir lyn‹r‹l ¡rt operettet K lm n Imre?;m‚h;tnd‚r;angol;cs rd s;D;OPERA
Melyik szervnknek van gy”kere ‚s koron ja?;szem;sz¡v;fog;fl;C;BIOLàGIA
Milyen a korhely f‚rfi?;otthonl‹;mulatoz¢;nagyon id‹s;goromba;B;NYELV
Milyen rovar a tr¢pusokon ‚l‹ moszk¡t¢?;hangya;poloska;sz£nyog;szitak”t‹;C;BIOLàGIA
Milyen k‚pz‹mûv‚szeti alkot s az akvarell?;v¡zfestm‚ny;olajfestm‚ny;r‚zkarc;fametszet;A;KPZŠMëVSZET
"Milyen "" llatk k"" tartoznak az egysejtûek k”z‚?";mamusz;papucs;bocskor;mokaszin;B;BIOLàGIA
Melyiket m‚rik a traffipaxszal?;a vezet‹ alkoholszintj‚t;a g‚pj rmûvek sebess‚g‚t;a kipufog¢g z ”sszet‚tel‚t;a gumiabroncs kop s ll¢s g t;B;µLTALµNOS
Melyik mad rn‚v ¡r sm¢dja helytelen?;karvaly;sir ly;papag ly;g¢lya;C;NYELV
Milyen m zzal vonj k be az islert?;karamella;csokol d‚;marcip n;puncs;B;KONYHA
Milyen eszk”zt neveztek a n‚pnyelvben sajt rnak?;egyflû ed‚nyt;kisebb fokost;k”pl‹kanalat;faragott £js gtart¢t;A;µLTALµNOS
Mib‹l k‚szl a chips?;kukoric b¢l;burgony b¢l;mogyor¢b¢l;geszteny‚b‹l;B;KONYHA
Melyik sz¢ jelent boh¢cot, paprikajancsit?;hektor;harlekin;hippia;hippodrom;B;NYELV
Hogyan szok s nevezni egyes k”z‚p-amerikai orsz gokat?;narancskir lys gok;ban nk”zt rsas gok;citromdiktat£r k;anan szmonarchi k;B;ORSZµGOK
"Hogyan folytat¢dik a mond s? ""Ah ny h z, annyi ?""";ad¢;gazdasszony;szok s;kamra;C;NYELV
Hogyan nevezt‚k a p rbajok szab lyainak ”sszess‚g‚t?;p rbajkatal¢gus;p rbajk¢dex;p rbajbros£ra;p rbajindex;B;µLTALµNOS
Milyen ital a tramini?;b£zas”r;bor;rum;narancsl‚;B;KONYHA
Miket elemez egy grafol¢gus?;‚lettani jelens‚geket;term‚szeti jelens‚geket;¡r sk‚peket;fantomk‚peket;C;µLTALµNOS
Milyen rovar szerepel Pet‹fi Szl‹f”ldemen c¡mû vers‚ben?;s rga cserebog r;pettyes katicabog r;z£g¢ ‚ji bog r;skarl t skarabeusz;A;IRODALOM
H ny j t‚kos j tszhatja egyszerre a rabl¢ultit?;h rom;n‚gy;”t;hat;A;JµTK
Milyen k”zismert ‚lelmiszerfajta viseli a cs‚csi jelz‹t?;szalonna;szal mi;t£r¢;sajt;A;KONYHA
Milyen munk t v‚geztek a summ sok?;p‚nzgyi;mez‹gazdas gi;pedag¢giai;k‚zmûvesipari;B;NYELV
Mely  llatok mesters‚ges lak sa a kapt r?;m‚hek;dong¢k;darazsak;selyemlepk‚k;A;BIOLàGIA
Melyikb‹l van a t”rv‚ny  ltal megengedettn‚l t”bbje annak, aki big mi t k”vet el?;h zb¢l;banksz ml b¢l;h zast rsb¢l;£tlev‚lb‹l;C;µLTALµNOS
Mit vesz, aki veknit v s rol?;kenyeret;szal mit;¢r t;faed‚nyt;A;NYELV
Hogyan nevezzk a der‚ksz”gû h romsz”g melletti oldalait?; tfog¢;befog¢;tengely;szel‹;B;TUDOMµNY
Melyik  llat betegs‚ge a kehess‚g?;kutya;macska;l¢;juh;C;BIOLàGIA
Milyen szigetr‹l sz¢l Stevenson h¡res ifj£s gi reg‚nye a mû c¡me szerint?;lakatlan;el tkozott;kincses;tr¢pusi;C;IRODALOM
Milyen nnepi alkalom a k‚zfog¢?;keresztel‹;eljegyz‚s;szlet‚snap;h zass gi ‚vfordul¢;B;µLTALµNOS
Az al bbiak k”zl melyik egy kal cst‚szt b¢l st”tt p‚kstem‚ny?;szab¢cska;moln rka;kov cska;szat¢cska;B;KONYHA
Hogyan fejezi ki a n‚pnyelv, ha az‚rt kicsinyelnk le valamit, mert nem tudtunk megszerezni?;Cs¡p‹s a paprika;Fonnyadt a k”rte;Savany£ a sz‹l‹;Kukacos az alma;C;NYELV
Melyik sz¢ jel”l egy lisztt¡pust?;b‚les;r‚tes;l ngos;kugl¢f;B;KONYHA
Mi b£jt ki a zs kb¢l a mond s szerint, ha valaki felfedte val¢di c‚ljait?;a macska;a sz”g;a sz‚n;a krumpli;B;NYELV
Az al bbiak k”zl melyiket v gj k metsz‹oll¢val?;alum¡niumot;birkagyapjat;sz‹l‹vessz‹t;ruhaanyagot;C;µLTALµNOS
Milyen f‹zel‚knek nevezik, amit bors¢b¢l ‚s z”lds‚gekb‹l k‚sz¡tenek?;¡zes;finom;finny s;vacak;B;KONYHA
Egy sz¡n‚sz h nyadik nyilv nos fell‚p‚s‚t nevezik debt l snak?;els‹t;sz zadikat;”tsz zadikat;ezrediket;A;SZÖNHµZ
Hogyan fejezi ki a mond s, hogy k‚t szem‚lyt‹l fgg valami?;K‚t f‚l kell az alkuhoz.;Kett‹ csin lja az zletet.;Kett‹n  ll a v s r.;Kett‹re szabt k a boltot.;C;NYELV
Kiket ltetnek az £gynevezett macskaasztalhoz?;m snapos vend‚geket;gyerekeket;tehets‚gtelen zen‚szeket;£tburkol¢kat;B;µLTALµNOS
Mit csin lnak a brindz val?;megissz k;zen‚lnek vele;megeszik;utaznak rajta;C;NYELV
Mivel foglalkozott eredetileg a kupec?;keresked‚ssel;bortermel‚ssel;f”ldmûvel‚ssel;ruhak‚sz¡t‚ssel;A;µLTALµNOS
Mackenna mije szerepel Gregory Peck klasszikus westernfilmj‚nek c¡m‚ben?;pisztolya;aranya;lova;doll rja;B;FILM
Mit hordott az, aki ment‚t viselt?;fels‹kab tot;kalapot;csizm t;nadr got;A;µLTALµNOS
Mit k‚sz¡t, aki kappant st?;kakassltet;diszn¢sltet;b r nysltet;marhasltet;A;KONYHA
Mib‹l k‚sz¡tik a kapuc¡ner nevû italt?;te b¢l;gym”lcsl‚b‹l;k v‚b¢l;borbol;C;KONYHA
Melyik egy levest‚szta neve?;ak clev‚l;eperlev‚l;tûlev‚l;t”lgylev‚l;B;KONYHA
Az al bbiak k”zl melyik gomban‚v?;pukkancs;rikkancs;g”rgeteg;p”feteg;D;BIOLàGIA
Miben frdik a j¢l el‹ ember a mond s szerint?;v¡zben-m‚zben;s”rben-borban;tejben-vajban;h¢ban-fagyban;C;NYELV
Kit neveztek imposztornak a r‚gi nyelvezetben?;sokoldal£ tud¢st;poszt¢keresked‹t;csal¢t, gazembert;str zs t, ajt¢n ll¢t;C;NYELV
Az al bbiak k”zl melyik egy mûfaj sejtelmess‚g‚t kifejez‹ irodalmi st¡luselem elnevez‚se?;¢dai pompa;l¡rai szikra;balladai hom ly;dr mai bor£;C;IRODALOM
Mi marad meg a mond s szerint, m¡g a sz¢ elsz ll?;gondolat;j¢kedv;‚tv gy;¡r s;D;NYELV
Mi a neve Ss, a s rk ny ut¢dj nak a mese folytat s ban?;Norbert;Jeromos;Okoska;Sske;D;IRODALOM
Melyik budapesti hegyen tal lhat¢ a Citadella?;Gell‚rt-hegy;J nos-hegy;Sz‚chenyi-hegy;V rhegy;A;MAGYARORSZµG
Milyen  llom nynak nevezik az agy idegsejtekb‹l  ll¢ r‚sz‚t?;fekete;v”r”s;barna;szrke;D;BIOLàGIA
Melyik orsz g nem volt tagja a kisantantnak?;Rom nia;Csehszlov kia;Jugoszl via;Sv jc;D;T™RTNELEM
Mire haszn lj k a fregolit?;ed‚nyek t rol s ra;ruhasz r¡t sra;d‚lut ni pihen‚sre;stem‚ny st‚s‚re;B;µLTALµNOS
Mit hat rozunk meg metron¢mmal?;a metr¢j ratok sebess‚g‚t;a foly¢k m‚lys‚g‚t;a v rosok szennyezetts‚g‚t;a zenemûvek temp¢j t;D;NYELV
Miknek a gyûjtem‚nye az etikett?;antik ‚rm‚k;lepk‚k;illemszab lyok;csal di eml‚kek;C;µLTALµNOS
Milyen m‚znek neveznek egy szivacsos, ny£l¢s ‚dess‚get?;perzsa;bolg r;g”r”g;t”r”k;D;KONYHA
Mije fogyatkozott meg Kossuth Lajosnak, amikor elfogyott a regimentje?;trelme;p‚nze;bar ti k”re;serege;D;NYELV
Melyik egy mai egyttes elnevez‚se?;F”ld”nfut¢k;Kengyelfut¢k;µmokfut¢k;G tfut¢k;C;ZENE
Melyik madarat nevezi a n‚phit v‚szmad rnak?;a sereg‚lyt;a verebet;a kuvikot;a feketerig¢t;C;NYELV
Mivel foglalkozik az, akinek az ikebana a hobbija?;keleti kzd‹sporttal;vir gokkal;pap¡rhajtogat ssal;jap n kakasokkal;B;µLTALµNOS
La Fontaine, Aisz¢posz, F y Andr s, Heltai G sp r. Mi k”ti ”ssze ezt a n‚gy szerz‹t?;a szlet‚si helyk;a vall suk;a szerelmk;az  llatmes‚k;D;µLTALµNOS
Az al bbi ‚telek k”zl melyikbe nem kell burgonya?;sztrapacska;szilv s gomb¢c;t£r¢gomb¢c;gr n tos kocka;C;KONYHA
Mi t”rt‚nik a mim¢za level‚vel, ha meg‚rintjk?;elporlad;sz‚tny¡lik;”sszecsuk¢dik;fest‚kanyagot spriccel;C;BIOLàGIA
Miket l thatunk egy skanzenben?;‚remgyûjtem‚nyeket;t”megk”zleked‚si eszk”z”ket;falusi epleteket;operael‹ad sokat;C;µLTALµNOS
Milyen lapot mutat fel a j t‚kvezet‹ a labdar£g sban ki ll¡t skor?;r¢zsasz¡nt;s rg t;pirosat;feket‚t;C;SPORT
Milyen ruhadarabot visel, aki neglizs‚ben van?;h l¢k”nt”st;t‚rdnadr got;kiskosztm”t;l bsz rv‚d‹t;A;µLTALµNOS
Melyik testr‚sznk csontjai: a kalap cs, az ll‹ ‚s a kengyel?;a l b;a k‚z;a v ll;a fl;D;BIOLàGIA
Hol rendezt‚k a gladi torj t‚kokat az ¢kori r¢maiak?;amfor ban;agor n;amfite trumban;term ban;C;T™RTNELEM
Hogyan kapcsol¢dik az igazs gszolg ltat shoz a tal r?;a b¡r¢i kalap cs neve;bûntet‹eszk”z volt;a b¡r¢i pal st neve;gyv‚di pecs‚t neve;C;µLTALµNOS
Melyik ‚rcb‹l  ll¡tj k el‹ az alum¡niumot?;r‚zb‹l;bauxitb¢l;vas‚rcb‹l;nikkelb‹l;B;TECHNIKA
Melyik mai  llam terlet‚n ‚ltek az azt‚kok?;Guatemala;Peru;Kolumbia;Mexik¢;D;T™RTNELEM
Az al bbiak k”zl melyikb‹l k‚sz¡tik a s¢letet?;z”ldbors¢;lencse;sz razbab;s rgabors¢;C;KONYHA
Melyen nevû orosz katon t¢l b£cs£zik a Pa-D”-D” egyttes?;Vlagyim¡r;Iv n;Sz sa;Szergej;C;ZENE
"Melyik ‚nekesn‹ j tszotta az ""Evita"" c¡mû film c¡mszerep‚t?";Diana Ross;Whitney Houston;Gloria Estefan;Madonna;D;FILM
Az al bbiak k”zl milyen alapsz¡nû lehet a levelib‚ka?;s rga;feh‚r;z”ld;fekete;C;BIOLàGIA
Mivel foglalkozik a bukm‚ker?;tot¢tippekkel;rulettel;p¢kerrel;l¢verseny-fogad ssal;D;µLTALµNOS
Milyen marhah£s kerl a tat r bifsztekbe?;p rolt;nyers;slt;f‹tt;B;KONYHA
Mit k‚sz¡tenek a cik¢ri b¢l?;mûgyant t;p¢tk v‚t;tap‚t t;alkoholt;B;µLTALµNOS
Mit csin l egy haj¢, amikor a matr¢zok kidobj k az ankert?;megszabadul a potyautast¢l;elindul;lehorgonyoz;nagyobb sebess‚gre v lt;C;µLTALµNOS
Hogy n‚z ki a fotog‚n ember a f‚nyk‚pen?;el‹nytelenl;el‹ny”sen;elviselhet‹en;elrettent‹en;B;µLTALµNOS
"Mi a c¡me Milos Forman filmj‚nek: ""Sz ll a kakukk ...""";fi hoz;nyugatra;f‚szk‚re;sz‚llel;C;FILM
Mi Nemo kapit ny haj¢j nak a neve?;Kon-Tiki;Mayflower;Nautilus;Santa Maria;C;IRODALOM
Melyik k‚miai elemet haszn lj k a v¡z fert‹tlen¡t‚s‚re?;a br¢mot;a mang nt;a kl¢rt;a magn‚ziumot;C;TUDOMµNY
Melyik ma is ‚l‹  llat hossza haladhatja meg a 30 m‚tert?;palackorr£ delfin;k‚kb lna;robusztusk¡gy¢;gigantotekn‹s;B;BIOLàGIA
Mir‹l h¡res a mil n¢i Scala?;operael‹ad sair¢l;spagettij‚r‹l;fagylaltj r¢l; sv nytani ki ll¡t sair¢l;A;µLTALµNOS
Melyik P rizs foly¢ja?;Szajna;Rh”ne;Garonne;Loire;A;F™LDRAJZ
Mikor izzik a galagonya ruh ja We”res S ndor vers‚ben?;amikor felpr¢b lja;ha tûzbe tartj k;‹szi ‚jjel;szed‚s k”zben;C;IRODALOM
Mire haszn lj k Alexander Bell tal lm ny t?;motoroz sra;telefon l sra;repl‚sre;t v¡r sra;B;TECHNIKA
Mit kapott, akinek a sz m¡t¢g‚p‚n e-mail van?;£j merevlemezt;elektronikus levelet;b‹v¡t‹k rty t;£j hajl‚konylemezt;B;µLTALµNOS
Az al bbiak k”zl melyik ind¡tja meg a g zkever‚k robban s t a bels‹‚g‚sû motorban?;gy£jt¢zsin¢r;gy£jt¢lencse;gy£jt¢gyertya;gyutacs;C;TECHNIKA
Melyik papi m‚lt¢s gr¢l kapta nev‚t egy stem‚ny?;‚rsek;psp”k;kanonok;b¡boros;B;KONYHA
"Folytassa a mond st! ""Madarat toll r¢l, embert ...""";csal dj r¢l;bar tj r¢l;ruh j r¢l;munk j r¢l;B;NYELV
Az al bbiak k”zl melyik egy sz‹l‹fajta neve?;desdemona;otell¢;r¢me¢;prosper¢;B;BIOLàGIA
Minek az ‹se volt a velocip‚d?;orrszarv£;tornacip‹;repl‹;ker‚kp r;D;NYELV
Mi tartja p ly jukon az ‚gitesteket?;az ‚gellen ll s;a gravit ci¢;a f‚nysebess‚g;a szatur ci¢;B;TUDOMµNY
Milyen ‚l‹l‚ny j rt els‹k‚nt a vil gûrben?;kutya;macska;majom;tengerimalac;A;µLTALµNOS
Milyen  llat a dromed r?;egyp£p£ teve;k‚tp£p£ teve;szam r ‚s ”szv‚r ut¢da;l¢ ‚s ”szv‚r ut¢da;A;BIOLàGIA
Hogy nevezzk a vegyi folyamatok sebess‚g‚t megv ltoztat¢ anyagot?;kataliz tor;katapult;katal¢gus;katarzis;A;TUDOMµNY
"Mennyi a Ludolf-f‚le sz m vagyis a ""pi"" kerek¡tett ‚rt‚ke?";3,14;4,25;1,34;3,33;A;TUDOMµNY
Mit csin l, aki sr¢fol?;k”nyvel;kalap l;csavaroz;p‚nzt ver;C;NYELV
Mi volt a Margitsziget kor bbi neve?;Nyulak szigete;Šzek szigete;Kolostorok szigete;Papok szigete;A;T™RTNELEM
Hogy nevezzk a vulk ni kr terb‹l ki”ml‹ izz¢ folyad‚kot?;gleccser;l va;gejz¡r;lavina;B;F™LDRAJZ
Mennyi id‹ alatt kerli meg a Hold a F”ldet?;28 nap;30 nap;40 nap;1 ‚v;A;TUDOMµNY
Milyen h£sb¢l k‚szl a bifsztek?;sert‚s;liba;marha;galamb;C;KONYHA
Mit csin ltak azzal, akit kistaf¡roztak?;kisminkelt‚k;t”r”lt‚k a ny¡lv ntart sb¢l;ell tt k kelengy‚vel;pelleng‚rre  ll¡tott k;C;NYELV
Melyik anyag n”v‚nyi eredetû?;gyapj£;pamut;selyem;ang¢ra;B;TUDOMµNY
Melyik nem a Toldi-tril¢gia r‚sze?;Toldi;Toldi est‚je;Toldi szerelme;Toldi a rengetegben;D;IRODALOM
Milyen sportol¢r¢l sz¢l Sylvester Stallone Rocky c¡mû filmje?;sakkoz¢r¢l;g tfut¢r¢l;bokszol¢r¢l;zsok‚r¢l;C;FILM
Melyik g zl¢mad r az al bbiak k”zl?;s¢lyom;”lyv;gulip n;cinke;C;BIOLàGIA
"Milyen ""embert"" j tszott Dustin Hoffman a nagy sikerû film c¡me szerint?";el‹;er‹;kidob¢;es‹;D;FILM
Minek a sz ll¡t s val v‚gzik a m‚hek a vir gok beporz s t?;a nekt r;a bibe;a pollen;a p rta;C;BIOLàGIA
"Mi a c¡me a Zenthe Ferenc f‹szerepl‚s‚vel k‚szlt filmsorozatnak: ""? kapit nya""";R k¢czi;A Tenkes;A V‚rtes;Th”k”ly;B;FILM
Melyik v ros nevezetess‚ge a Trevi-k£t?;Firenze;Velence;R¢ma;N poly;C;ORSZµGOK
Melyik  llat lakik d£cban?;galamb;fecske;ver‚b;p rduc;A;BIOLàGIA
Hol tal lhat¢ zsin¢rpadl s?;mosod kban;kolostorokban;sz¡nh zakban;varrod kban;C;µLTALµNOS
"Mi a c¡me a Whitney Houston f‹szerepl‚s‚vel k‚szlt filmnek? ""T”bb, mint ...""";testv‚r;test‹r;csend‹r;fest‹;B;FILM
Mit csin l, aki egy rokk t hajt?;kocsik zik;fon;vad szik;‹r”l;B;µLTALµNOS
Mib‹l van a szervezetnkben: v‚kony, vastag, patk¢?;b‚l;b‹r;ideg;h rtya;A;BIOLàGIA
Milyen  llatok szerepelnek Alfred Hitchcock klasszikus filmj‚nek c¡m‚ben?;farkasok;madarak;sz£nyogok;nyulak;B;FILM
Mi Nap¢leon fi nak k”zismert neve?;Medvebocs;Sasfi¢k;Cs sz rpingvin;Šzgida;B;T™RTNELEM
Mennyi id‹ alatt kellett megkerlnik a F”ldet Verne h‹seinek?;egy h¢nap;f‚l ‚v;80 nap;1680 nap;C;IRODALOM
"Melyik magyar futballcsapat beceneve a ""z”ld sasok""?";Sasad SE;Ferencv ros;Par dsasv r SC;Sashalom FC;B;SPORT
Mit kaphatunk egy ATM-b‹l?;p‚nzt;parip t;fegyvert;gy¢gyte t;A;µLTALµNOS
"Melyik ""v lt¢"" nincs a vas£ton?";‹r;h z;kar;bot;D;TECHNIKA
Milyen torony szerepel az 1974-es klasszikus katasztr¢fafilm c¡m‚ben?;hal los;l ngol¢;pokoli;felrobbant;C;FILM
Mi a nemzetk”zi seg‚lyh¡v s ismert jele?;C.O.M.E.;S.O.S.;H.E.L.P.;R.C.E.;B;µLTALµNOS
Hol dolgozott a pedellus?;az iskol ban;az orvos mellett;a sz‹l‹ben;a postahivatalban;A;NYELV
Melyik volt amerikai eln”k n‚vrokona a V‚szhelyzet c¡mû sorozat szimpatikus fiatal orvosa?;Washington;Roosevelt;Carter;Nixon;C;FILM
Kit szabad¡tott ki b”rt”n‚b‹l a n‚p 1848. m rcius 15-‚n?;T ncsics Mih lyt;Kossuth Lajost;Vasv ri P lt;a rab R byt;A;T™RTNELEM
Mi a Nemzetk”zi Labdar£g¢ Sz”vets‚g k”zismert r”vid¡t‚se?;UEFA;FIFA;MLSZ;BLASZ;B;SPORT
Hogyan nevezzk a pillang¢k kialakul s nak egyik f zis t?;herny¢z s;beb boz¢d s;b boz s;begub¢dz s;B;BIOLàGIA
Hogy nevezt‚k Robin Hood-ot Kevin Costner filmj‚nek c¡m‚ben?;t ncosok farkasa;tolvajok fejedelme;fuszeklik fejedelme;fejedelmek t ncosa;B;FILM
Mi az ‚let megront¢ja V”r”smarty verse szerint?;a p‚nz;a politika;az  br ndoz s;a fogy¢k£ra;C;IRODALOM
Mir‹l nevezte el Robinson bennszl”tt szolg j t?;egy haj¢skapit nyr¢l;d‚dnagyapj r¢l;a l bm‚ret‚r‹l;a h‚t egyik napj r¢l;D;IRODALOM
Mire haszn lj k az oroszok a szamov rt?;birkah£s st‚s‚re;fejfed‹nek;teav¡z forral s ra;sportol sra;C;µLTALµNOS
Mi volt a mai Buda hely‚n fekv‹ r¢mai v ros neve?;Gorsium;Aquincum;Stannum;Omnium;B;T™RTNELEM
Hogy nevezik egy  rver‚sen az indul¢, legalacsonyabb  rat?;minim l  r;kihirdet‚si  r;kiki lt si  r;rajt  r;C;µLTALµNOS
A h z melyik r‚sz‚n pihent, aki a pitvarban szuny¢k lt?;a padl son;a tet‹n;a torn con;a pinc‚ben;C;µLTALµNOS
Hogy h¡vt k J‚zus ‚desanyj t?;Magdolna;M ria;Erzs‚bet;S ra;B;VALLµS
Melyik az ”t”dik szolmiz ci¢s hang?;la;f ;r‚;sz¢ ;D;OPERA
Ki a p rja Bochkor G bornak a K‚sz  tver‚s-show c¡mû mûsorban?;Pokrivts k M¢nika;Boros Lajos;Er‹s Ant¢nia;Forg ch G bor;B;µLTALµNOS
Milyen  llat a var nusz?;krokodil;gy¡k;c pa ;majom;B;BIOLàGIA
Hol szletett J‚zus?;Jeruzs lemben;Haif ban;Betlehemben;N z retben;C;VALLµS
Kit vagy mit neveznek d cs nak?;szib‚riai vadludat;doni koz kokat;orosz nyaral¢t;gr£z feketete t;C;NYELV
Milyen testhelyzetben  br zolja a h¡res szobr sz, Rodin a gondolkod¢ embert?;h trafel‚ pillant¢;a t‚rd‚n k”ny”kl‹;guggol¢;az oldal n fekv‹;B;KPZŠMëVSZET
"Melyik t”rt‚nelmi korban j tsz¢dik a ""Valahol Eur¢p ban"" c¡mû musical?";a lovagkorban;az ipari forradalom idej‚n;a II. vil gh bor£ ut n;a honfoglal s kor ban;C;ZENE
Hogyan jutnak el Smaragdv rosba az àz, a csod k csod ja c¡mû film f‹szerepl‹i?;a gy‚m nt£ton;a selyem£ton;a s rga k”ves £ton;vas£ton;C;FILM
Ki a c¡mszerepl‹je Szigligeti Ede v¡gj t‚k nak?;Liliomfi;Szellemfi;Felh‹fi;R¢kafi;A;IRODALOM
Melyik orsz g eln”ke Fidel Castro?;Chile;Nicaragua;Kuba;Haiti;C;T™RTNELEM
Melyik szent nev‚t viseli az ‚jszaka vil g¡t¢ bog r?;Szent J nos;Szent Ferenc;Szent P‚ter;Szent Ign c;A;BIOLàGIA
Mi a neve az elef ntok k‚t ma ‚l‹ faj nak?;n¡lusi ‚s amazonasi; zsiai ‚s beng li;afrikai ‚s indiai;alaszkai ‚s mandzs£riai;C;BIOLàGIA
Ki ”lte meg Katona J¢zsef dr m j ban Gertr£d kir lyn‚t?;Tiborc;B nk b n;Petur b n;Biberach;B;IRODALOM
Kinek a pog ny neve volt Vajk?;G‚za fejedelem;µrp d fejedelem;Szent Istv n;Szent L szl¢;C;T™RTNELEM
Mi a hivatalos elnevez‚se a paraszt nevû sakkfigur nak?;gyalog;talpas;jobb gy;muzsik;A;JµTK
Hogy nevezt‚k az 1947-es magyarorsz gi v laszt sokat?;k‚kc‚dul s; rc‚dul s;f‚lc‚dul s;c‚dul s;A;T™RTNELEM
Mennyi az eg‚szs‚ges ember  tlagos nyugalmi pulzussz ma?;120-140 / perc;90-100 / perc;30-40 / perc;60-80 / perc;D;BIOLàGIA
Milyen vir gr¢l nevezt‚k el az 1918-as magyar forradalmat?;tubar¢zsa;bazsar¢zsa;‹szir¢zsa;vadr¢zsa;C;T™RTNELEM
H ny ‚le van egy kock nak?;6;12;8;4;B;TUDOMµNY
Mi az icce?;r‚gi ûrm‚rt‚kegys‚g;inulatsz¢;p sztoreledel;po‚n n‚lkli vicc;A;NYELV
Minek volt a tulajdonosa Landerer Lajos ‚s Heckenast Guszt v?;b”rt”nnek;t virati irod nak;nyomd nak;k v‚h znak;C;T™RTNELEM
Melyik bibliai v roshoz k”t‹dik a nyelvzavar fogalma?;B bel;Jeruzs lem;Jerik¢;Szodoma;A;VALLµS
"Melyik orsz got nevezik az ""ezer t¢ orsz g nak""?";Finnorsz got;Kanad t;Hollandi t;Norv‚gi t;A;ORSZµGOK
Melyik v rosunkban rendezik febru rban a bus¢j r st?;Moh cson;Szigetv ron;Baj n;P‚csett;A;MAGYARORSZµG
Mi alapj n j¢solj k meg ‚letutunkat az asztrol¢gusok?;a napkit”r‚sek;a madarak r”pte;a bolyg¢k  ll sa;a k v‚ illata;C;TUDOMµNY
Mi a neve a f‚nyk‚pez‹g‚p felv‚telre szolg l¢ lencserendszer‚nek?;akt¡v;passz¡v;objekt¡v;szubjekt¡v;C;TECHNIKA
Kit vagy mit neveznek laptopnak?;itat¢spap¡rt;hordozhat¢ sz m¡t¢g‚pet;angol k¢dexm sol¢t;mocs ri vir got;B;NYELV
Melyik foly¢ vezeti le a Balaton v¡zfelesleg‚t?;Si¢;R ba;Zala;Marcal;A;F™LDRAJZ
"Eg‚sz¡tse ki a reg‚ny c¡m‚t! ""Zorb sz, a ...""";g”r”g;t”r”k;t ncos;hal sz;A;IRODALOM
"Mi cseng fel ""‚j-m‚lyb‹l"" We”res S ndor vers‚ben?";n‹i kacag s;altat¢dal;sz ncseng‹;az ¢szeres hangja;C;IRODALOM
"Milyen "" k c"" szerepel a Sz‚p Ern‹-mû c¡m‚ben?";sz£r¢s;lila;vir gz¢;feh‚r;B;IRODALOM
"Milyen anyagb¢l k‚szl a ""r¢mai t l"" nevû st‹ed‚ny?";ac‚lb¢l;porcel nb¢l;h‹ ll¢ vegb‹l;agyagb¢l;D;TECHNIKA
A ruha melyik r‚sz‚t h¡vt k pityk‚nek?;a felhajt s t;a zseb‚t;a gombj t;a gall‚rj t;C;µLTALµNOS
Hogyan nevezt‚k az ¢kori g”r”g”k ”nmagukat?;etruszkok;hell‚nek;fr¡gek;kelt k;B;T™RTNELEM
Milyen anyagot tartalmaznak a hagyom nyos moly¡rt¢k?;naftalint;nikotint;koffeint;halog‚nt;A;TUDOMµNY
Mely orsz got ir ny¡totta az Evita c¡mû musicalb‹l is ismert Per¢n h zasp r?;Argent¡na;Chile;Peru;Braz¡lia;A;T™RTNELEM
Melyik olasz v ros fekszik a Vez£v l b n l?;Bologna;N poly;Palermo;Ravenna;B;F™LDRAJZ
Ki volt Cs k M t‚?;a cs k¢ feltal l¢ja;kir lyi cs k nymester;szalmatulajdonos;kiskir ly;D;T™RTNELEM
Melyik k v‚h zb¢l indult az 1848-as pesti forradalom?;Bat via;New York;Pilvax;µrk dia;C;T™RTNELEM
Mib‹l k‚szl a ringli?;szardell b¢l;r kb¢l;osztrig b¢l;polipb¢l;A;KONYHA
Milyen fegyverrel gy‹zte le D vid G¢li tot?;bumer nggal;paritty val;d rd val;szekerc‚vel;B;VALLµS
Kit vagy mit neveznek polit£rnak?;sz zad eleji politikust;b£torf‚nyez‹ anyagot;diplom ciai utaz st;a pol¢nium elektronjait;B;NYELV
Mire haszn lt k a k‚zzel kics‚pelt, csom¢ba k”t”tt rozsszalm t, a zs£pot?;fgg‹ gynak;v¡zi j rmûnek;tet‹fed‚sre;p rnat”m‚sre;C;µLTALµNOS
Milyen idom¡tott harci  llatok k”t‹dnek Hannib l, pun hadvez‚r nev‚hez?;tigrisek;farkasok;k¡gy¢k;elef ntok;D;T™RTNELEM
Kiket neveztek r‚gen talj noknak?;a franci kat;a tat rokat;az oroszokat;az olaszokat;D;NYELV
H ny pont van egy dob¢kock n?;18;23;20;21;D;JµTK
Melyik operettet j tssz k hagyom nyosan szilveszterkor?;Egy ‚j Velenc‚ben;A v¡g ”zvegy;A denev‚r;Cs rd skir lyn‹;C;OPERA
Az al bbiak k”zl melyik  llat k‚pes gyorsan megv ltoztatni a sz¡n‚t szks‚g eset‚n?;a sarki r¢ka;a kam‚leon;a levelib‚ka;a var nusz;B;BIOLàGIA
Az al bbiak k”zl mit neveznek lajbinak?;bicsk t;f‚rfi poszt¢kab tot;tejesed‚nyt;v¡zhord¢ embert;B;NYELV
Kib‹l vagy mib‹l van a t”rv‚ny  ltal megengedettn‚l t”bb a big mist nak?;h zast rsb¢l;£tit rsb¢l;lak sb¢l;g‚pkocsib¢l;A;µLTALµNOS
Mi a kapcsolat Kolumbusz ‚s Santa Maria k”z”tt?;a feles‚ge neve;az ‚desanyja neve;a haj¢ja neve; ltala alap¡tott v ros;C;T™RTNELEM
Melyik v ros n‚pszerû sz¢rakoztat¢ negyede a Pr ter?;P rizs;Mnchen;Pozsony;B‚cs;D;ORSZµGOK
Melyik v r ‚p¡t‚s‚n‚l falazt k be K‹m¡ves Kelemenn‚t?;Dr‚gely;Eger;D‚va;Visegr d;C;IRODALOM
Mi London foly¢ja?;Rajna;Szajna;Rhone;Temze;D;F™LDRAJZ
H ny m sodperc van egy ¢r ban?;360;3600;60;1000;B;µLTALµNOS
Melyik tant rgy nem tartozik a re ltant rgyak k”z‚?;bol¢gia;matematika;fizika;t”rt‚nelem;D;µLTALµNOS
"Mi a c¡me Bud Spencer ‚s Terence Hill nagy sikerû v¡gj t‚k nak: ""Kl”nben ...""";babot esznk;dhbe j”vnk;pofont osztunk;hasra esnk;B;FILM
Mit csin l egy haj¢, amikor a matr¢zok kidobj k az ankert?;megszabadul a potyautast¢l;elindul;lehorgonyoz;nagyobb sebess‚gre v lt;C;µLTALµNOS
Melyik zlet gban ‚rdekelt a Dallasb¢l ismert Ewing csal d?;versenyl¢teny‚szt‚s;olajipar;filmforgalmaz s;whiskyfogyaszt s;B;FILM
Melyik kir ly £j ruh j r¢l sz¢l R nki Gy”rgy meseoper ja?;Arthur;Pom d‚;Burkus;M ty s;B;OPERA
Ki volt az egri v r v‚d‹inek kapit nya?;Szondi Gy”rgy;Jurisics Mikl¢s;Zr¡nyi Mikl¢s;Dob¢ Istv n;D;T™RTNELEM
Melyik vir g egy J¢kai-reg‚ny c¡me?;‚g‹ pipacs;s rga r¢zsa;k‚k nefelejcs;lila orgona;B;IRODALOM
Melyik mes‚ben szerepelnek Nyuszi bar tai ‚s zletfelei?;A b‚kakir lyfi;A r¢ka ‚s a ny£l;Micimack¢;A h rom nyulak;C;IRODALOM
Hol szenvedett IV. B‚la veres‚get a tat r seregt‹l?;Moh csn l;Muhin l;Trau sziget‚n‚l;Isaszegn‚l;B;T™RTNELEM
"Mit jelent a ""dupla Lutz""?";osztr k ikerp r;n‚met feny‹p linka;ugr sfajta a mûkorcsoly ban;matematikai egytthat¢;C;NYELV
A kaka¢fa melyik r‚sz‚b‹l k‚sz¡tik a kaka¢port?;a k‚rg‚b‹l;a gy”ker‚b‹l;a term‚s‚b‹l;a rgy‚b‹l;C;BIOLàGIA
Mi volt Pet‹fi S ndor eredeti neve?;Petneh zi S ndor;Petrovics S ndor;Pet‹fia S ndor;P‚terffy S ndor;B;IRODALOM
Hol laktak a g”r”g f‹istenek?;a Parnasszuson;a Helikonon;az Olmposzon;Dodon ban;C;VALLµS
Hol viselt‚k el‹deink a pruszlikot?;a fejtet‹n;a fels‹testen;a csukl¢n;a l bsz ron;B;NYELV
Hogy nevezik a filmekben megjelen‹ forr¢v‚rû, sz¡vtipr¢ mediterr n f‚rfit¡pust?;spanyol hidalg¢;sz¡vt”r‹ kos;hell‚n hurrik n;latin szeret‹;D;µLTALµNOS
"Melyik szentet illetik a ""S rk ny”l‹"" mell‚kn‚vvel?";Szent L szl¢t;Szent Gy”rgy”t;Szent Andr st;Szent µgostont;B;VALLµS
Melyik  llatnak van kilenc ‚lete a mond s szerint?;az eg‚rnek;a kuty nak;a macsk nak;a l¢nak;C;µLTALµNOS
"""Mint ha p sztortûz ‚g ‹szi ‚jszak kon..."" Melyik mû kezd‹dik ¡gy?";J nos vit‚z;Toldi;Csongor ‚s Tnde;Szigeti veszedelem;B;IRODALOM
Ki a fagyosszentek egyike az al bbiak k”zl?;Boldizs r;Teofil;Bonif c;Kleof s;C;VALLµS
Hogy nevezzk a bolh k megny£lt, megvastagodott h ts¢ l b t?;ciripl b;rov tkolt l b;ugr¢l b;iksz l b;C;BIOLàGIA
Hogy h¡vj k Fr‚di feles‚g‚t a Flinstone csal d c¡mû rajzfilmsorozatban?;Ilma;Irma;Vilma;Helga;C;FILM
Milyen mad r az albatrosz?;k‚t‚ltû;‚lveszl‹;tengeri;cs”kev‚nyes sz rny£;C;BIOLàGIA
"Milyen mad r mondja Edgar Allan Poe vers‚ben: ""soham r""?";papag j;holl¢;karvaly;varj£;B;IRODALOM
Mire haszn lt k a cs‚z t?;sz mol sra;utaz sra;k v‚z sra;zen‚l‚sre;B;NYELV
"Mit keresnek a Gyalog-galopp ""l¢tlan"" lovagjai?";az Excaliburt;a Szent Gr lt;Arthur kir ly parip j t;a Szent Tehenet;B;FILM
Minek a zsiv nyait vezette Robin Hood?;a sk¢t felf”ld;a sherwoodi erd‹;a d‚li l pvid‚k;a kik”t‹negyed;B;IRODALOM
Hol v¡vt k 1848-ban a magyar szabads gharc els‹ tk”zet‚t?;P kozdn l;Piskin‚l;Schwech tn l;Trencs‚nn‚l;A;T™RTNELEM
Melyik sz¡n nem szerepel Olaszorsz g z szl¢j ban?;z”ld;piros;k‚k;feh‚r;C;ORSZµGOK
"Melyik orsz got nevezik a ""felkel‹ nap orsz g nak""?";Ausztr li t;K¡n t;Indi t;Jap nt;D;ORSZµGOK
Mit csin lnak a mexik¢iak a tequil val?;zen‚lnek vele;megissz k;kalapk‚nt hordj k;megeszik;B;ORSZµGOK
Hol tal lkozhatunk a BUX-indexszel?;a manikr”sn‚l;a t‹zsdeh¡rekben;g‚pj rmûvezet‹i vizsg n;ut¢vizsg z¢ egyetemist kn l;B;µLTALµNOS
Hol van a NATO k”zpontja?;New York;Genf;Brsszel;Strasbourg;C;ORSZµGOK
"Mi a vil gh¡rû musical c¡me: ""Az operah z ...""";karnagya;gondnoka;fantomja;basszusa;C;ZENE
Milyen ruhadarab a burnusz?;l bbeli;k”peny;nadr g;turb n;B;µLTALµNOS
Mi a neve a Micimack¢ban szerepl‹ kisfi£nak?;Twist Oliv‚r;R¢bert Gida;P n P‚ter;Tom Sawyer;B;IRODALOM
Mit csin lnak a d”d”ll‚vel?;muzsik lnak rajta;felsz ntj k;megeszik;l‹nek vele;C;NYELV
Melyik k‚miai elem neve jel”l egy cinkefajt t?;mang n;vas;cink;sz‚n;D;BIOLàGIA
Mik k”z”tt v logathatunk egy bibliot‚k ban?;illatszerek;olvasnival¢k;ruhanemûk;gyermekj t‚kok;B;NYELV
Az al bbiak k”zl kik hordanak szkafandert?;v j rok;b£v rok;s rk nyrepl‹k;sziklam sz¢k;B;µLTALµNOS
Mi Tolna megye sz‚khelye?;Baja;Kaposv r;Paks;Szeksz rd;D;F™LDRAJZ
Milyen mûv‚szeti  g k‚pvisel‹je Mark¢ Iv n?;n‚pdal‚nekes;zongoramûv‚sz;balettmûv‚sz;b bmûv‚sz;C;MëVSZET
Maximum h ny pontot adhatnak a pontoz¢b¡r k mûkorcsoly ban?;10;7;6;5;C;SPORT
Hogy nevezik a teniszben a fogadhatatlan szerv t?;kir ly;als¢; sz;fels‹;C;JµTK
Az al bbiak k”zl melyik ruha- ‚s ‚teln‚v is?;guba;gum¢;suba;subrika;A;NYELV
Melyik h¡m  llat lehet egy s”rfajta is az al bbiak k”zl?;bika;g cs‚r;bak;kan;C;NYELV
"Ki ‚nekelte a ""Rock az ¢ra k”rl"" c¡mû sl gert?";Elvis Presley;Bill Haley;Bob Dylan;Sz”r‚nyi Levente;B;ZENE
Mi II. Ul szl¢ magyar kir ly ragadv nyneve?;Igazs gos L szl¢;Sz‚p L szl¢;B”lcs L szl¢;Dobzse L szl¢;D;T™RTNELEM
Az al bbiak k”zl mi a nadragulya?;n dasba t‚vedt marh k;m‚rgez‹ n”v‚ny;a nadr gsz r r‚giesen;mocs ri fut¢mad r;B;NYELV
Melyik ‚gitestet kutatt k a szovjet Luna ûrszond k?;a Napot;a Pl£t¢t;a V‚nuszt;a Holdat;D;TUDOMµNY
Milyen okm nyr¢l ‚nekelt Br¢dy J nos?;anyak”nyvi kivonatr¢l;forgalmi enged‚lyr‹l;szem‚lyi igazolv nyr¢l;ad¢k rty r¢l;C;ZENE
Az al bbiak k”zl melyik nem ragadoz¢ mad r?;v‚rcse;gaty s”lyv;v ndors¢lyom;varj£;D;BIOLàGIA
Ki volt az Egyeslt µllamok legels‹ eln”ke?;Roosevelt;Jefferson;Washington;Franklin;C;T™RTNELEM
Ki volt az apja M ty s kir lynak?;Cillei Ulrik;Szil gyi Mih ly;Hunyadi J nos;Hunyadi L szl¢;C;T™RTNELEM
"Milyen ""haj¢snak"" nevezik Wessel‚nyi Mikl¢s b r¢t?";dunai; rv¡zi;trieszti;tengeri;B;T™RTNELEM
Minek a mell‚kterm‚ke az ¡r¢?;borpr‚sel‚s;vajk‚sz¡t‚s;s”rf‹z‚s;pap¡rgy rt s;B;TECHNIKA
Melyik dallal b£cs£zott egy eur¢pai v rost¢l az Ill‚s egyttes?;Auf Wiedersehen, Berlin!;Arrivederci, Roma!;Good-bye, London!;Viszontl t sra, Budapest!;C;ZENE
Melyik irodalmi alak v¡vott sz‚lmalomharcot?;Kinizsi P l;Triszt n;Don Quijote;Toldi Mikl¢s;C;IRODALOM
Milyen keresked‹r‹l ¡rt dr m t Shakespeare?;isztambuli baz ros;velencei kalm r;genovai kuf r;londoni szat¢cs;B;IRODALOM
Milyen vir g¢l ¡rt operettet Herv‚?;H¢vir g;Neb ncsvir g;Tiszavir g;Pen‚szvir g;B;OPERA
Kiknek a vez‚re volt az Isten ostor nak nevezett Attila fejedelem?;gallok;tr kok;hunok;talj nok;C;T™RTNELEM
Mi szletett egyszer r‚gen az irk mon Zelk Zolt n verse szerint?;irkafirka; komb kom;paca;tintapacni;B;IRODALOM
Mit  ll¡tanak el‹ az indig¢cserj‚b‹l?;text¡li t;ragaszt¢t;illatszert;fest‚ket;D;µLTALµNOS
Az al bbi n”v‚nyek k”zl melyik nem tûlevelû?;tiszafa;bor¢ka;t”rpefeny‹;juhar;D;BIOLàGIA
Az al bbiak k”zl melyik lehet sujt sos?;subl¢t;mente;fokos;alk¢v;B;NYELV
Mi a porlaszt¢?;temet‹i alkalmazott;k‚t malomk‹;egy sz¡v¢k s szerkezet;egy f£v¢k s aut¢alkatr‚sz;D;NYELV
Milyen halb¢l k‚sz¡tik a r cokr¢l elnevezett ‚telt?;csuka;ponty;kecsege;harcsa;B;KONYHA
Mi vezette a napkeleti b”lcseket a kis J‚zushoz?;egy arkangyal;egy csillag;egy galamb;egy l ngnyelv;B;VALLµS
Mi a csattan¢ maszlag?;ostor;k¡nai pet rda;m‚rges gyomn”v‚ny;frapp ns v lasz;C;NYELV
Miket k‚sz¡t egy graffitimûv‚sz?;r‚zkarcokat;f‚mszobrokat;falfirk kat;olajfestm‚nyeket;C;KPZŠMëVSZET
Melyik a Naphoz legk”zelebbi bolyg¢?;Merkur;V‚nusz;F”ld;Mars;A;TUDOMµNY
"Eg‚sz¡tse ki a h¡res novella c¡m‚t! ""Mario ‚s a ?""";var zshegy;var zsl¢;kiv lasztott;Buddenbrook-h z;B;IRODALOM
"Kinek vagy minek az ""illata"" szerepelt Al Pacino h¡res filmj‚nek c¡m‚ben?";egy r¢zsa;egy asszony;a p‚nz;az oroszl nbarlang;B;FILM
Hol parancsnokol egy korvett kapit nya?;tengeralattj r¢n;haj¢n;krikettcsapatban;lovas hadseregben;B;NYELV
Az al bbi el‹tagok k”zl melyik nem babfajt t jel”l?;kar¢s;l¢;csicseri;tûz;C;BIOLàGIA
Honnan sz rmazott Nagy S ndor, a vil gh¢d¡t¢?;Korzik r¢l;Gaugam‚l b¢l;Alexandri b¢l;Maked¢ni b¢l;D;T™RTNELEM
Mit csin l, aki cirk l¢n utazik?;vonatozik;haj¢zik;repl;lovagol;B;µLTALµNOS
Milyen  llatot fogtak el‹deink a l‚pvessz‹vel?;m‚heket;madarakat;pillang¢kat;halat;B;µLTALµNOS
Milyen ember T¡m r Mih ly az ismert reg‚nyben?;k‚t‚ltû;k‹sz¡vû;arany;sehonnai bitang;C;IRODALOM
"Mire haszn lj k a mez‹gazdas gban a ""burgundi l‚t""?";bor‚lszt‚sre;permetez‚sre;aszal sra;tr gy z sra;B;µLTALµNOS
A n¢ta szerint melyik az a h¡res v ros, amelyik T p‚val hat ros?;Miskolc;Debrecen;Szeged;P‚cs;C;F™LDRAJZ
"Melyik bibliai uralkod¢ nev‚hez tapadt a ""b”lcs"" jelz‹?";Salamon;D vid;Saul;Her¢des;A;VALLµS
Kinek a feles‚ge volt Szendrey J£lia?;J¢kai M¢r;Arany J nos;Pet‹fi S ndor;Vasv ri P l;C;IRODALOM
Ki vagy mi j rt tegnap P rizsban Ady Endre verse szerint?;Nap¢leon;az Šsz;L‚da  rnya;Szent Mih ly;B;IRODALOM
Melyik  llat n‚pies elnevez‚se a tik?;kacsa;liba;ty£k;p va;C;NYELV
Milyen  llatokkal kzd meg Toldi Mikl¢s a n dasban?;medv‚kkel;bik kkal;farkasokkal;vaddiszn¢kkal;C;IRODALOM
Melyik v ros ostromakor haszn lt k Odsszeusz falov t?;Jerik¢;Szrak£za;Sp rta;Tr¢ja;D;IRODALOM
Mi volt a mai Nyugat-Magyarorsz g hely‚n fekv‹ r¢mai gyarmat neve?;Hunnia;Alba Hungaria;µrk dia;Pann¢nia;D;T™RTNELEM
Mi a neve a Garfielddal egy h ztart sban ‚l‹ butuska kuty nak?;Morzsi;Ubul;Morg¢;Bodri;B;µLTALµNOS
Mit tartottak r‚gen a kalam risban?;diszn¢eledelt;tint t;pap¡rt;hullad‚kot;B;NYELV
Milyen  llat az r?;fiatal b r ny;her‚lt kos;id‹s szarvasmarha;versenyl¢;B;BIOLàGIA
Ki j tszotta az operettekben az eleg ns vil gfi ‚nekes-t ncos szerepk”r‚t?;az amor¢z¢;az intrikus;a bonviv n;a rezon‹r;C;OPERA
Melyik v rosban van az ENSZ sz‚khelye?;P rizs;Genf;San Francisco;New York;D;ORSZµGOK
Ki volt a Dallas c¡mû sorozatban Jockey Ewing Patrick Duffy  ltal alak¡tott testv‚re?;Lucy;Jimmy;Steve;Bobby;D;FILM
A vir gnak melyik r‚sze a kocs ny?;a sz¡rma;a porz¢ja;a nyele;a bib‚je;C;BIOLàGIA
Honnan raboltatta el Herkulest Had‚sz, az alvil g ura Walt Disney rajzfilmj‚ben?;a Helikonr¢l;a Tantaloszb¢l;a Taigetoszr¢l;az Olmposzr¢l;D;FILM
Melyik haj¢t¡pust hajtott k evez‹kkel is?;a klippert;a szk£nert;a karavell t;a g ly t;D;µLTALµNOS
Melyik  llat nem szerepel a br‚mai muzsikusok k”z”tt?;liba;szam r;kakas;macska;A;IRODALOM
Melyik testr‚sze volt nagy Cyran¢nak, a Rostand-dr ma h‹s‚nek?;a fle;a l ba;az orra;az ujja;C;IRODALOM
Melyik v ros nevezetes m£zeuma a Louvre?;Reims;P rizs;Lyon;Marseille;B;ORSZµGOK
Melyik foly¢n menn‚k ‚n  ltal ladikon a n‚pdal szerint?;R b n;Dun n;Tisz n;Saj¢n;C;IRODALOM
Mit kapott, akinek obsitot adtak?;havi zsoldot;elbocs t¢ iratot;meleg vacsor t;el‹l‚ptet‚st;B;NYELV
"Eg‚sz¡tse ki Gerald Durrell mûv‚nek c¡m‚t! ""Csal dom ‚s egy‚b ?""";sorscsap sok; llatfajt k;pr¢bat‚telek;f”ld”nk¡vliek;B;IRODALOM
Mi a c¡me az RTL Klub f‹z‹show-j nak?;Konyhamûv‚szet;Receptklub;Rozi-suli;Kavarj velnk!;B;µLTALµNOS
Hol van, aki egy garnizonban tart¢zkodik?;egyszob s lak sban;hely‹rs‚gben;konyh ban;orvosi rendel‹ben;B;NYELV
Milyen m‚rt‚kegys‚g a hekt r?;t‚rfogat;t”meg;terlet;hossz£s g;C;TUDOMµNY
Hov  van bez rva az Aladdint szolg l¢ dzsinn?;egy szekr‚nybe;egy l mp ba;egy h rembe;egy konzervdobozba;B;IRODALOM
Kit  br zol Izs¢ Mikl¢s legismertebb szobra?;t”preng‹ kond st;b¢biskol¢ guly st;fl¢t z¢ p sztort;b£sul¢ juh szt;D;KPZŠMëVSZET
Minek volt a r¢mai kori neve Danubius?;Bud nak;Pestnek;a Dun nak;a Balatonnak;C;T™RTNELEM
Ki a legf‹bb isten a r¢mai mitol¢gi ban?;Mars;Jupiter;Pluto;Zeusz;B;VALLµS
Milyen hangszeren j tszott Charles Bronson a Volt egyszer egy vadnyugat c¡mû westernfilmben?;bendzs¢n;tamtamon;sz jharm¢nik n;lanton;C;FILM
"Hogyan sz¢l Katajev h¡res reg‚ny‚nek a c¡me? ""T volban egy ?""";v”r”s partiz n;feh‚r vitorla;£ri trojka;nikkel szamov r;B;IRODALOM
"Eg‚sz¡tse ki a Pet‹fi-id‚zetet! ""? E kett‹ kell nekem.""";Forradalom, dics‹s‚g!;Szabads g, szerelem!;Fegyver, paripa!;H zass g, nyugalom!;B;IRODALOM
Ki tal lta fel a bûv”s kock t?;Hars nyi J nos;Rubik Ern‹;B r ny R¢bert;Ol h Gy”rgy;B;JµTK
Kik nem voltak heten az al bbi filmszerepl‹k k”zl?;H¢feh‚rke t”rp‚i;Dumas musk‚t sai;Kuroszava szamur jai;Sturges mesterl”v‚szei;B;FILM
Milyen term‚szeti csap s kapcsol¢dik No‚ nev‚hez a Bibli ban?;f”ldreng‚s;vulk nkit”r‚s;tûzv‚sz;v¡z”z”n;D;VALLµS
Milyen utaz sr¢l ‚nekelt Presser G bor a Sose halunk meg c¡mû filmben?;vil g k”rli;nagy;potya;ûr;B;FILM
Melyik mez‹gazdas gi ‚plet neve egyezik meg egy t rsasj t‚k nev‚vel?;pr‚sh z;malom;g¢r‚;homb r;B;JµTK
Kit ld”z a rend‹rfelgyel‹ Victor Hugo A nyomorultak c¡mû reg‚ny‚ben?;Quasimod¢t;Jean Valjeant;Monte Crist¢t;Edmont Dantest;B;IRODALOM
Melyik G”r”gorsz g legnagyobb szigete?;Korfu;H¡osz;R¢dosz;Kr‚ta;D;F™LDRAJZ
Milyen haj£ l nyr¢l ‚nekelt az Omega egyttes a 60-as ‚vekben?;len;gy”ngy;arany;v”r”s;B;ZENE
Mit neveznek a keleti n‚pekn‚l baksisnak?;kamasz l nyokr¢l;‚des stem‚nyt;borraval¢t;k‚tkerekû kocsit;C;NYELV
Milyen betegs‚get okoz az inzulintermel‚s zavara?;v‚rszeg‚nys‚get;farkasvaks got;cukorbetegs‚get;gyomorfek‚lyt;C;BIOLàGIA
Mi csendes Solohov reg‚ny‚nek c¡m‚ben?;a Kauk zus;a Volga;a Don;Kamcsatka;C;IRODALOM
Az al bbiak k”zl ki egy Gogol-mû c¡mszerepl‹je?;kritikus;revizor;jegyz‹;ad¢szed‹;B;IRODALOM
Melyik h¡d budai oldal n  ll a 0. kilom‚terk‹?;Margit h¡d;Erzs‚bet h¡d;L nch¡d;Szabads g h¡d;C;MAGYARORSZµG
Milyen Marci Ters nszky J¢zsi Jen‹ h‹se?;S¢lyom;Kakuk;Galamb;Pinty;B;IRODALOM
Melyik orsz g tartozik a legjelent‹sebb cukorn dtermeszt‹k k”z‚ az al bbiak k”zl?;Kanada;Kuba;Mong¢lia;Litv nia;B;ORSZµGOK
Milyen  llat van a forr¢ b dogtet‹n Tennessee Williams sz¡nmûv‚nek c¡m‚ben?;galamb;macska;g¢lya;eg‚r;B;IRODALOM
Mit tud a meseh‹s Pom Pom b mulatosan v ltoztatni a rajzfilmben?;a nev‚t;a hangj t;az alakj t;a kalapj t;C;FILM
H ny ‚venk‚nt rendeznek bienn l‚t?;kett‹;tizenkett‹;h£sz;k‚tsz z;A;NYELV
"Hov  ""j”jj”n ki"" egy j¢ t£r¢s csusz ra a r‚gi sl ger szerint?";Visegr dra;Hûv”sv”lgybe;a v s rba;àbud ra;D;ZENE
Az al bbiak k”zl melyik k‚sz¡t‚s‚vel foglalkozott a bogn r?;cser‚pk lyh k;hord¢k;zs£ptet‹k;v sznak;B;µLTALµNOS
Milyen  llat neve szerepel a chicag¢i NBA-s kos rlabda-csapat nev‚ben?;zsir fok;f¢k k;elef ntok;bik k;D;SPORT
Ki l togat meg engem, ha v ratlanul be ll¡t a kuzinom?;az unokatestv‚rem;a v‚grehajt¢;a nagyb csik m;az ad¢rend‹rs‚g;A;µLTALµNOS
Mi a hobbija annak, aki sz¡vesen batikol?;terepasztal-k‚sz¡t‚s;kelmefest‚s;vir gk”t‚s;s¡pfarag s;B;NYELV
Melyik n”v‚ny nev‚re t rul ki a barlang Ali baba mes‚j‚ben?;tapl¢;szant l;szez m;sziz l;C;IRODALOM
Melyik film f‹h‹se a Sylvester Stallone  ltal alak¡tott vietnami veter n?;Conan,  a barb r;Rocky;Rambo;Forrest Gump;C;FILM
"Milyen cip‹ben j r a ""magas sz‹ke f‚rfi"" a v¡gj t‚k c¡me szerint?";k¡gy¢b‹r;kitaposott;felem s;l£dtalpbet‚tes;C;FILM
Melyik v ros nevezetes di knegyede a Quartier Latin?;P rizs;Bologna;London;Heidelberg;A;ORSZµGOK
Hogy k‚szl a bagett?;stik;varrj k;faragj k;kov csolj k;A;µLTALµNOS
Melyik film cselekm‚nye nem az ¢korban j tsz¢dik?;Kleop tra;Ben Hur;Dekameron;Spartacus;C;FILM
Melyik k”z£ti jelz‹t bla nem k”r alak£?;"""K”rforgalom""";"""Els‹bbs‚gad s k”telez‹""";"""Behajtani tilos""";"""Meg llni tilos""";B;µLTALµNOS
Az al bbiak k”zl melyikre haszn lj k a pauszpap¡rt?;k¢dexek ¡r s ra;h zfalak szigetel‚s‚re;d¡szcsomagol sra;tervrajzok k‚sz¡t‚s‚re;D;µLTALµNOS
Melyik n”v‚nyt termesztik v¡zzel el rasztott parcell kon is?; rp t;kukoric t;rizst;rozst;C;BIOLàGIA
Kire haszn lj k az alb¡n¢ kifejez‚st?;sov ny emberre;fest‚khi nyos b‹rû ‚l‹l‚nyre;Alb ni b¢l sz rmaz¢ emberre;hegylak¢ra;B;NYELV
"Milyen ""mez‹gazdas gi dolgoz¢"" lesz J¢zsef Attila, egyik vers‚nek c¡me szerint?";traktoros;bor sz;agron¢mus;kert‚sz;D;IRODALOM
"Eg‚sz¡tse ki a szem‚lyazonoss gra vonatkoz¢ tr‚f s k‚rd‚st! ""Ki fia, ??""";gid ja;tin¢ja;borja;bocsa;C;NYELV
Az al bbi t rgyak k”zl melyiket k‚sz¡tik dong kb¢l?;fahord¢t;bekecset;sz‹nyeget;horg szbotot;A;TECHNIKA
Milyen r¢zs r¢l ‚nekelt az Ill‚s egyttes 1969-es nagylemez‚n?;‹szi;s rga;bazsa;v”r”s;B;ZENE
Mit darabol a szak cs, amikor sampinyont szeletel?;gomb t;pulyk t;kakast;r kot;A;KONYHA
Mivel k‚szl a rizibizi?;babbal;bors¢val;burgony val;ban nnal;B;KONYHA
"Mi a c¡me Fejes Endre sz¡npadi mûv‚nek: ""J¢ est‚t ny r, j¢ ?""";reggelt, b£b nat!;est‚t, szerelem!;napot, szabads g!;‚jszak t, ifj£s g!;B;IRODALOM
Az al bbiak k”zl melyik egy c‚drusfaj neve?;lesoth¢i;l¡biai;libanoni;lib‚riai;C;BIOLàGIA
Melyik mesereg‚nyb‹l k‚sz¡tett musicalt Geszti P‚ter ‚s D‚s L szl¢?;Micimack¢;V‚gtelen t”rt‚net;Alice csodaorsz gban;A dzsungel k”nyve;D;ZENE
Mit gyûjt, akinek a filat‚lia a hobbija?;p‚nz‚rm‚ket;b‚lyegeket;kaktuszokat;gy¢gyte kat;B;NYELV
Mi a c¡me Olivia Newton-John nagy sikerû zen‚s filmj‚nek?;Hajlakk;Pitraton;Pom d‚;Mindhal lig tup¡r;C;FILM
Milyen anyag a dar¢c?;kem‚nyfa;poszt¢;borj£b‹r;dr¢t;B;µLTALµNOS
Hol kerest‚k a kalandv gy¢k a mes‚s gazdags g r¢l h¡res Eldor d¢t?;Alaszk ban;Indi ban;D‚l-Amerik ban;Bels‹-Afrik ban;C;T™RTNELEM
Melyik orsz g h¡rhedt titkosszolg lata volt a Securitate?;Bulg ria;Rom nia;Alb nia;NDK;B;T™RTNELEM
Melyik sport g kzdelmei folynak p ston?;b¡rk¢z s;v¡v s;”k”lv¡v s;cselg ncs;B;SPORT
Milyen mad r szobr t kerest‚k a Dashiel Hammett reg‚ny‚b‹l forgatott krimiben?;d n d”gkeselyû;m ltai s¢lyom;kr‚tai albatrosz;kenyai kakadu;B;FILM
Kinek az arck‚pe l that¢ az £j h£szezres bank¢n?;Kossuth Lajos;De k Ferenc;K”lcsey Ferenc;Szent Istv n;B;µLTALµNOS
Mire nincs szks‚g a b‚csi szelet k‚sz¡t‚s‚hez?;toj sra;zsemlemorzs ra;b£zadar ra;lisztre;C;KONYHA
Melyik sz¢ jel”l egy retekfajt t?;j‚gecet;j‚gdara;j‚gcsap;tûzcsap;C;KONYHA
Melyik alapanyag n‚lkl nem k‚szlhet k”r”z”tt?;t£r¢;kolb sz;paradicsom;s rgar‚pa;A;KONYHA
Melyik mad r sz llott fel a v rmegye-h z ra a magyar n‚pdal szerint?;gerle;rig¢;p va;s¢lyom;C;IRODALOM
Milyen vad szr¢l ¡rt oper t Carl Maria von Weber?;szoknya;fej;bûv”s;oroszl n;C;OPERA
Mire haszn lj k a frit‹zt?;st‚sre;hajsz r¡t sra;fagyaszt sra;t lal sra;A;TECHNIKA
Melyik mûv‚szeti terleten lett ismert Ferencsik J nos?;‚p¡t‚szet;zene;fest‚szet;k”lt‚szet;B;MëVSZET
Milyen hollandir¢l ¡rt oper t Wagner?;facip‹s;elt‚vedt;tulip nos;bolyg¢;D;OPERA
Mi k‚szlhet alab stromb¢l?;kir lyi pal st;ev‹eszk”z;b£tor;szobor;D;µLTALµNOS
Melyik szervnk r‚sze a f‚regny£lv ny?;garatmandula;vakb‚l;l‚p;nyomb‚l;B;BIOLàGIA
Melyik gym”lcsnek van bogy¢term‚se?;alma;sz‹l‹;szilva;dinnye;B;BIOLàGIA
Melyik megy‚nk sz‚khelye Eger?;Tolna;N¢gr d;Csongr d;Heves;D;F™LDRAJZ
Ki volt Ithaka kir lya Hom‚rosz szerint?;Patroklosz;Tantalosz;Adonisz;Odsszeusz;D;IRODALOM
Hogyan ¡rjuk helyesen az al bbi kifejez‚st?;sakk klub;sakklub;sakk-klub;sakkklub;C;NYELV
Az al bbiak k”zl melyik sakkb bub¢l van a legkevesebb egy sakk-k‚szletben?;gyalogb¢l;fut¢b¢l;b sty b¢l;vez‚rb‹l;D;JµTK
Milyen mûv‚szeti  g k‚pvisel‹je Luciano Pavarotti?;filmrendez‹;opera‚nekes;balett-t ncos;kubista fest‹;B;MëVSZET
Minek a csapd j r¢l sz¢l Joseph Heller reg‚nye?;a 007-es;a 22-es;a 111-es;a 424-es;B;IRODALOM
Az al bbiak k”zl melyik ‚lelmiszer a sz‚kelyguly s alapanyaga?;p rolt karfiol;kov szos uborka;gyalult t”k;savany£ k poszta;D;KONYHA
"Milyen alak£ az ""µLLJ! Els‹bbs‚gad s k”telez‹"" jelz‹t bla?";h romsz”g;n‚gyzet;k”r;nyolcsz”g;D;µLTALµNOS
Mi el‹tt  ll az iszl m h¡v‹, ha a ramad nra k‚szl?;szent h bor£;b”jti h¢nap;ritu lis ”ngyilkoss g;eskv‹i lakoma;B;VALLµS
Melyik nem egy sz”gfggv‚ny elnevez‚se?;tangens;koszinusz;szink¢pa;szinusz;C;TUDOMµNY
Milyen alaprajz£ a pisai ferde torony?;hatsz”g;k”r;n‚gyzet;trap‚z;B;PÖTSZET
Minek az £tt”r‹je volt Louis Daguerre?;repl‚s;ûrkutat s;f‚nyk‚pez‚s;g‹zg‚pgy rt s;C;TECHNIKA
"Mivel t”ltik meg az ""¡zes"" palacsint t?";t£r¢val;lekv rral;kaka¢val;di¢val;B;KONYHA
Milyen gazdas gi t rsul s nev‚t vette fel egy magyar rockegyttes a 80-as ‚vekben?;µFSZ;GMK;KFT;TSZ;C;ZENE
"Melyik f‚met szokt k ""magyar ezst""-nek nevezni?";alum¡niumot;vasat;nikkelt;rezet;A;TECHNIKA
Hogy h¡vj k K in testv‚r‚t a Bibli ban?;µron;µbrah m;µd m;µbel;D;VALLµS
Melyik sport gban nevezik a m‚rk‹z‚s egy menet‚t cs”rt‚nek?;teniszben;v¡v sban;”k”lv¡v sban;cselg ncsban;B;SPORT
Mivel foglalkozik az al bbiak k”zl a szanit‚c?;fegyverjav¡t ssal;f”ldmûvel‚ssel;sebk”t”z‚ssel;kereskedelemmel;C;NYELV
Mi Sv jc f‹v rosa?;Zrich;Basel;Bern;Genf;C;ORSZµGOK
Hol l‚sezett az orsz ggyûl‚s 1848 elej‚n?;Bud n;Gyulafeh‚rv rott;Pozsonyban;Debrecenben;C;T™RTNELEM
Mi a di¢da?;kerti szersz m;faiskola;n‚pi gyermekj t‚k;elektroncs‹;D;µLTALµNOS
Mi t”rt‚nik a Reichstag ‚plet‚vel 1933 febru rj ban?;parlamentt‚ alak¡tott k;puccsal elfoglalt k;kigyulladt;”sszeomlott;C;T™RTNELEM
"Melyik vil gh¡rû ‚nekes j tszott a ""Love Me Tender"" c¡mû filmben?";Tom Jones;Elton John;Bob Dylan;Elvis Presley;D;FILM
Mi lesz egy nov¡ci b¢l, ha let”lti a pr¢baid‹t?;doktorn‹;¢v¢n‹;ap ca;gyv‚d;C;µLTALµNOS
Milyen jelz‹vel szok s illetni IV. Iv n orosz c rt?;Dobzse;Rettegett;Oroszl nsz¡vû;Kalapos;B;T™RTNELEM
Melyik  llat h¡mj‚t nevezzk kakasnak az al bbiak k”zl?;g¢lya;liba;f c n;v”cs”k;C;BIOLàGIA
Hol hordj k a h”lgyek a brosst?;flkben;ujjukon;ruh jukon;hajukban;C;µLTALµNOS
Melyik hit nagy tekint‚lyû vall stud¢sa az im m?;buddhista;hindu;iszl m;sinto;C;VALLµS
Melyik ‚nekesn‹ j tszott a T”bb, mint test‹r c¡mû filmben?;Tina Turner;Cher;Whitney Houston;Madonna;C;FILM
Milyen ‚telt neveznek b‚lesnek?;stem‚nyt;hurk t;diszn¢sajtot;t”lt”tt h£st;A;KONYHA
Ki Ikarosz apja a g”r”g mitol¢gi ban?;Min¢taurosz;Daidalosz;Apoll¢n;Zeusz;B;VALLµS
Milyen sz rmaz s£ a h¡res fest‹, Victor Vasarely?;g”r”g;¡r;szic¡liai;magyar;D;KPZŠMëVSZET
Melyik v ros nevezetess‚ge a p‚nzvil g k”zpontj nak tartott Wall Street?;London;New York;Washington;Genf;B;ORSZµGOK
Milyen nemesi c¡met haszn l a fllent‚seir‹l h¡res irodalmi alak Mnchhausen?;‹rgr¢f;b r¢;herceg;n dor;B;IRODALOM
Milyen haj¢s szerepel a Verne-reg‚ny c¡m‚ben?;tiszai;dunai;sebes-k”r”si;hern di;B;IRODALOM
Melyik orsz g nemzeti t nca a polon‚z?;Lengyelorsz g;Franciaorsz g;Spanyolorsz g;Csehorsz g;A;ORSZµGOK
"Folytassa Villon ismert sz ll¢ig‚j‚t! ""De hol van a tavalyi ??""";ny r;cs¢k;h¢;sz¢;C;IRODALOM
Milyen ital a cs ja?;k v‚;tea;kaka¢;k¢kusztej;B;KONYHA
Milyen k”z‚putat hirdetett Horatius?;arany;ezst;bronz;b dog;A;IRODALOM
"Melyik egyttes sl gere volt a ""Waterloo""?";Boney M;Pussycat;ABBA;Bee Gees;C;ZENE
Ki tartotta v ll n az ‚gboltot a g”r”g mitol¢gi ban?;Uranosz;Atlasz;Prom‚theusz;Akhilleusz;B;VALLµS
Mit neveztek kalod nak?;a tal lt t rgyak hivatal t;a malomk”vet;k”z‚pkori bûntet‹eszk”zt;egy erd‚lyi ‚telt;C;NYELV
Ki nevezetes londoni panoptikum r¢l az al bbiak k”zl?;Lady Chatterley;Madame Tussaud;Miss Marple;Mrs. Robinson;B;µLTALµNOS
Melyik v rosunkban kereshetik fel a futballszurkol¢k a nagyerdei stadiont?;Di¢sgy‹rben;Szegeden;Debrecenben;Ny¡regyh z n;C;SPORT
Kivel k”t szerz‹d‚st Faust Goethe mûv‚ben?;G briel arkangyal;Mephiszt¢val;M rk evangelist val;Herm‚sszel;B;IRODALOM
Milyen n‚ven v lt ismertt‚ haz nkban Oliver Hardy ‚s Stanley Laurel komikus du¢ja?;Hacsek ‚s Saj¢;Fr‚di ‚s B‚ni;Stan ‚s Pan;Zoro ‚s Huru;C;µLTALµNOS
Milyen nyelven besz‚l az al bbiak k”zl, aki de kul tud?;olaszul;latinul;¢germ nul;franci ul;B;NYELV
Melyik magyar telepl‚sen l tszik csak k‚t torony a n‚pdal szerint?;Nagyv radon;Nagyabonyban;Nagyk‹r”s”n;Nagymaroson;B;IRODALOM
Melyik testr‚sz‚t most k meg a megszidott embernek a mond s szerint?;l b t;kez‚t;h t t;fej‚t;D;NYELV
Hogy nevezik a korm nyf‹t Ausztri ban?;korm nybiztos;kancell r;korm nyz¢;f‹miniszter;B;µLTALµNOS
"Milyen ""vak ci¢n"" vett r‚szt Audrey Hepburn h¡res filmj‚nek c¡me szerint?";drezdai;kenyai;szib‚riai;r¢mai;D;FILM
Milyen h¡res tal lm nya ‹r¡zte meg John M. Browning nev‚t?;farmernadr g;pisztoly;repl‹g‚p;f£r¢g‚p;B;TECHNIKA
Milyen m‚rt‚kegys‚g az  r?;hossz;s£ly;terlet;ûr;C;TUDOMµNY
Miket festettek meg a k‚kfest‹k?;v szonkelm‚ket;tulip nos l d kat;a tisztaszob kat;cser‚pk lyh kat;A;µLTALµNOS
Melyik n‚p mitol¢giai alakja volt Merlin var zsl¢?;g”r”g;hindu;kelta;r¢mai;C;VALLµS
Milyen  llat szerepel M ndy Iv n Csutakr¢l sz¢l¢ reg‚ny‚nek c¡m‚ben?; rva kiscica; zott cinege;szrke l¢;gombszemû puli;C;IRODALOM
Mire haszn lj k a colstokot?;kukoricat”r‚sre;m‚r‚sre;zen‚l‚sre;italt rol sra;B;NYELV
"Eg‚sz¡tse ki a k”zmond st! ""Ha Katalin ?, kar csony ?""";f z¢s- z¢s;kopog-locsog;csendes-nedves;napos-fagyos;B;NYELV
Milyen  llatokkal foglalkozik egy ornitol¢gus?;halakkal;rovarokkal;madarakkal;hll‹kkel;C;BIOLàGIA
Ki a Sherlock Holmes-t”rt‚netek szerz‹je?;Edgar Allan Poe;Sir Arthur Conan Doyle;Edgar Wallace;Edgar Rice Burroughs;B;IRODALOM
Mivel a kez‚ben szok s  br zolni Er¢szt, a szerelem isten‚t a k‚pz‹mûv‚szeti alkot sokon?;ny¡l;korb cs;bilincs;sz¡v;A;VALLµS
Mi a c¡me Feny‹ Mikl¢s musicalj‚nek?;Ismeri a szandi-mandit?;Hotel Menthol;Cs¢kkir ly;Multimilliomos jazzdobos;B;ZENE
Mi a karamell k‚sz¡t‚s‚nek alapanyaga?;cukor;tejf”l;fah‚j;kaka¢;A;KONYHA
Hol j tsz¢dik Tam si µron µbel a rengetegben c¡mû reg‚nye?;a M tr ban;a Hargit n;a Bakonyban;a T tr ban;B;IRODALOM
Mikb‹l  ll ”ssze egy sz¡nh z reperto rja?;jelmezekb‹l;sz¡ndarabokb¢l;d¡szletekb‹l;kell‚kekb‹l;B;SZÖNHµZ
Az al bbiak k”zl melyik lehet kappan?;kakas;vadkan;kacsa;kecske;A;BIOLàGIA
Melyik magyar egyesletben futballozott Nyilasi Tibor?;éjpesti D¢zsa;Vasas;Ferencv ros;Kispest Honv‚d;C;SPORT
Mit ‚r meg Pest a sl ger c¡me szerint?;egy reggelt;egy estet;egy testet;egy peng‹t;B;ZENE
Az al bbiak k”zl melyik a nov¡cius?;£j bor;szerzetesn”vend‚k;a falu jegyz‹je;kilencsz”gû t‚r;B;NYELV
Melyik v ros h¡dja a Brooklyn h¡d?;Boston;Los Angeles;New York;Washington;C;ORSZµGOK
Milyen kert szerepel Csehov sz¡nmûv‚nek c¡m‚ben?;alm s;sz‹l‹s;csereszny‚s;geszteny‚s;C;IRODALOM
Mi keres egy szerz‹t Pirandello mûv‚nek c¡me szerint?;k‚t rajong¢;n‚gy hitelez‹;hat szerep;nyolc szerepl‹;C;MëVSZET
Kilom‚terre kerek¡tve mekkora a maratoni fut¢k t vja?;36 km;42 km;44 km;48 km;B;SPORT
Kiknek a v‚gnapjai szerepelnek J¢kai mûv‚nek c¡m‚ben?;eunuchok;janics rok;b‚gek;bas k;B;IRODALOM
Az al bbiak k”zl melyik egy Albee-sz¡nmû c¡me?;Nem f‚lnk a farkast¢l;Ember embernek farkasa;Farkasokkal t ncol¢;Farkasverem;A;IRODALOM
Mit csin lnak a mexik¢iak a tortill val?;idom¡tj k;megeszik;l‹nek vele;elt ncolj k;B;NYELV
Mit tartottak ‹seink a puzdr ban?;tejet;ny¡lvessz‹ket;nyers h£st;b‹r”ket;B;T™RTNELEM
Melyik szakma k‚pvisel‹jek‚nt lett vil gh¡rû Christian Dior?;g‚pkocsi-tervez‹;divattervez‹;‚p¡t‚sz;bank r;B;µLTALµNOS
Mit igazgat, aki a frufruj t rendezgeti?;a szokny j t;a haj t;a flbeval¢j t;a cip‹fûz‹j‚t;B;µLTALµNOS
Melyik gym”lcs nem tartozik a csonth‚jasok k”z‚?;cseresznye;kajszibarack;‹szibarack;gesztenye;D;BIOLàGIA
"Mi a c¡me St‹ Andr s sz¡ndarabj nak: ""Egy l¢csisz r ?""";nyelvbotl sa; rul sa;vir gvas rnapja;vil ga;C;IRODALOM
Melyik egy t”bb oldal g£ tart¢oszlop n‚pi neve?;rudacs; gas;gallyas;t”nkicse;B;NYELV
Mit nem ismert a humorban Karinthy Frigyes a sz ll¢ige szerint?;po‚nt;kegyelmet;pardont;tr‚f t;D;IRODALOM
Mi a tamburin?;orvoss g;ugr¢deszka;cs”rg‹dob;gyomn”v‚ny;C;NYELV
Kik laktak r‚gen a klastromban?;katon k;udvarh”lgyek;c‚hleg‚nyek;ap c k;D;T™RTNELEM
Milyen b lr¢l ¡rt oper t Verdi?;tollas;g¢lya;opera; larcos;D;OPERA
Melyik mad rr¢l kapta nev‚t egy budapesti sz¡nh z?;kan ri;karvaly;kolibri;kakadu;C;SZÖNHµZ
Melyik v rosunkban tekinthet‹ meg a Dob¢ Istv n V rm£zeum?;Szigetv ron;Veszpr‚mben;Kom romban;Egerben;D;MAGYARORSZµG
Mit neveztek a k”z‚pkorban d‚zsm nak?;fa frd‹eszk”zt;hadizs km nyt;jobb gyi szolg ltat st;‹r”lt gabon t;C;T™RTNELEM
Melyik nem germ n eredetû n‚pcsoport volt az al bbiak k”zl?;gepida;g¢t;frank;hun;D;T™RTNELEM
Mi a jap n uralkod¢ c¡me?;kir ly;cs sz r;padisah;k n;B;T™RTNELEM
Kik ellen harcolt a Tenkes kapit nya?;oroszok;tat rok;t”r”k”k;labancok;D;IRODALOM
Milyen h¡res gy rat alap¡tott  Ettore Bugatti?;aut¢gy rat;s”rgy rat;textilgy rat;sajtgy rat;A;TECHNIKA
Hogy nevezik a g”r”g mitol¢gia f‚lig ember f‚lig l¢ testû l‚nyeit?;szfinx;kentaur;szat¡r;gorg¢;B;VALLµS
Melyik  llam katonai f‹parancsnokai voltak a s¢gunok a k”z‚pkorban?;Jap n;K¡na;Inka Birodalom;Maja Birodalom;A;T™RTNELEM
Milyen  llat a futrinka?;bog r;r gcs l¢ eml‹s;perui m‚rges b‚ka;fut¢mad r;A;BIOLàGIA
Mivel j tssz k a svindli nevû j t‚kot?;kock kkal;tekeb bokkal;k rty val;ugr¢k”t‚llel;C;JµTK
Melyik h¢napban van a 40 napos es‹t ¡g‚r‹ Med rd napja?;m rcius;m jus;j£nius;szeptember;C;µLTALµNOS
Milyen  llat a comp¢?;tr¢pusi majom;nagysz‹rû kutya;erdei mad r;hal;D;BIOLàGIA
Melyik orsz g f‹v rosa Tirana?;Alb nia;Bulg ria;Bosznia-Hercegovina;L¡bia;A;ORSZµGOK
Milyen  llatot szel¡d¡t meg a kis herceg a h¡res reg‚nyben?;oroszl nt;r¢k t;medv‚t;delfint;B;IRODALOM
"Milyen c¡men ¡rt zen‚t Mozart? ""Egy kis ?""";macskazene;‚ji zene;t‚li zene;katonazene;B;OPERA
Hogyan nevezt‚k az Alexander Bach rendszer‚t kiszolg l¢ hivatalnokokat?;Bach-zsiv nyok;Bach-labancok;Bach-husz rok;Bach-dand rok;C;T™RTNELEM
Az al bbiak k”zl melyik nem volt ¢kori g”r”g ‚p¡t‚szeti st¡lus?;d¢r;i¢n;korinthoszi;akk d;D;PÖTSZET
Ki ¡g‚r k”nnyû  lmot St‹ Andr s mûv‚nek c¡m‚ben?;az ‚desanyja;a n‹v‚re;a dajk ja;az altat¢orvosa;A;IRODALOM
Milyen a prûd ember?;b‹besz‚dû;v ltoz¢ ked‚ly llapot£;szorgalmas; lszem‚rmes;D;NYELV
Melyik sport gban lehet 180 m‚tern‚l is t volabbra replni sz rnyak n‚lkl?;s¡ugr s;t volugr s;toronyugr s;d¡jugrat s;A;SPORT
Hol rendelnek el vesztegz rat a Rejt‹-reg‚ny c¡m‚ben?;az el‹retolt hely‹rs‚gben;a Grand Hotelben;az elveszett cirk l¢n;a n‚ma revolverek v ros ban;B;IRODALOM
Milyen Medvebocs Micimack¢ Milne mes‚je szerint?;L ngol¢ agyvelejû;Csek‚ly‚rtelmû;Teddide-teddoda;Nagyhatalm£;B;IRODALOM
Mit szoktak foncsorozni?;h£st;zoknit;tkr”t;k”nyvet;C;µLTALµNOS
Melyik v ros nevezetes helye a Szent M rk t‚r?;Velence;P rizs;R¢ma;Madrid;A;ORSZµGOK
Mib‹l k‚sz¡tik a tub kot?;gyanta;koml¢;doh ny;m k;C;µLTALµNOS
Mi a grenad¡rmars egyik alapanyaga?;burgonya;m k;k poszta;di¢;A;KONYHA
Milyen nemzetis‚gû volt Nikolausz Kopernikusz, a neves csillag sz?;lengyel;g”r”g;orosz;n‚met;A;TUDOMµNY
Kinek a nev‚t viseli egyetem Budapesten?;E”tv”s Lor nd;Szil rd Le¢;Teller Ede;Jedlik µnyos;A;MAGYARORSZµG
"Melyik sport gban ""lengenek"" a lovon?";torna;ker‚kp r;fogathajt s;”ttusa;A;SPORT
H ny arany‚rmet szereztnk a sydneyi olimpi n?;hatot;nyolcat;tizet;tizenegyet;B;SPORT
Milyen v rosban tal lnak r  àzra a mes‚ben?;op l;smaragd;zaf¡r;top z;B;IRODALOM
Melyik fa adja nev‚t egy z”ldes sz¡nû, kellemetlen szag£ bog rnak is?;cseresznye;k‹ris;jegenye;bkk;B;BIOLàGIA
Melyik v rosunk jelk‚pe a Tûztorony?;Eger;Tata;Sopron;K‹szeg;C;MAGYARORSZµG
Melyik sz¢ egy vir gr‚sz elnevez‚se?;kan l;b”gre;cs‚sze;villa;C;BIOLàGIA
Melyik nem ausztr liai  llat az al bbiak k”zl?;ding¢;koala;dromed r;emu;C;BIOLàGIA
Miben kl”nb”zik a mitol¢giai Pegazus a f”ldi vil g lovait¢l?;k‚t feje van;v‚rt iszik;sz rnya van;sz¡narany s”r‚nyû;C;VALLµS
Ki Ingrid Bergman partnere a Casablanca c¡mû filmben?;James Stewart;Humphrey Bogart;Clark Gable;Gary Cooper;B;FILM
Melyik egy ismert Hemingway-mû c¡me az al bbiak k”zl?;Aki‚rt az  gy£k d”r”gnek;Aki‚rt az angyalok dalolnak;Aki‚rt a harang sz¢l;Aki‚rt a taps z£g;C;IRODALOM
Kik rejt‹ztek a mitol¢giai t”rt‚net szerint a fal¢ban?;h borg¢ istenek;g”r”g harcosok;nimf k ‚s faunok;r¢mai l‚gi¢sok;B;VALLµS
Ki volt Liza Minneli h¡res ‚desanyja?;Ingrid Bergman;Judy Garland;Ginger Rogers;Greta Garbo;B;FILM
Mennyi a F”ld tengely k”rli forg sideje?;egy nap;egy h¢nap;h rom h¢nap;egy ‚v;A;TUDOMµNY
Mik‚nt ‚lte le ‚lete nagy r‚sz‚t µrp d-h zi Szent Margit?;n polyi kir lyn‚k‚nt;a cseh fejedelem foglyak‚nt;domonkos ap cak‚nt;IV. B‚la tr¢n”r”k”sek‚nt;C;T™RTNELEM
Melyik f‚mb‹l  ll¡tj k el‹ az ac‚lt?;alum¡nium;r‚z;vas;magn‚zium;C;TUDOMµNY
"Mi a c¡me Jack Lemmon ‚s Walter Matthau filmj‚nek: ""S¢gorom a ?""";zugiv¢;futballszt r;szt rgyv‚d;zuggyv‚d;D;FILM
Melyik szomsz‚dos orsz ghoz vezet‹ hat r tkel‹hely Z hony?;Szlov kia;Rom nia;Horv torsz g;Ukrajna;D;F™LDRAJZ
Milyen csal d szerepel B lint µgnes ifj£s gi reg‚ny‚nek c¡m‚ben?;kelek¢tya;sz‚llelb‚lelt;szeleburdi;k¢tyagos;C;IRODALOM
Melyik v ros jelk‚pe a Golden Gate-h¡d?;New York;San Francisco;Chicago;Los Angeles;B;ORSZµGOK
Hogyan nevezik a b£torokon l that¢ mûv‚szi faberak sokat?;instrukci¢;intarzia;inspekci¢;intendat£ra;B;µLTALµNOS
Melyik sz¢ nem egy szemvegfajt t takar?;lornyon;okul r‚;monokli;laterna;D;NYELV
Hol tev‚kenykedtek r‚gen az ¢besterek?;a hadseregben;a v rosh z n;a csapsz‚kben;az ¢r smûhelyben;A;NYELV
Melyik szigeten tal lhat¢ az £gynevezett K‚k-barlang?;Ibiza;Szic¡lia;Capri;Korfu;C;ORSZµGOK
Mit tartanak a sil¢ban az al bbiak k”zl?;baromfit;juhokat;takarm nyt;mosand¢ ruh t;C;µLTALµNOS
Melyik  llat a gy vas g jelk‚pe a magyar nyelvben?;csibe;ny£l;‹zbak;vakond;B;NYELV
Milyen vas£tr¢l ‚nekelt a Bergendy egyttes 1974-es lemez‚n?;£tt”r‹;vihar;szellem;k‚reg;C;ZENE
"Mi a c¡me Alfred Hitchcock vil gh¡rû filmj‚nek: ""Az ember, aki t£l sokat ?""";aludt;tudott;besz‚lt;ivott;B;FILM
Melyik orsz gban  ll a versailles-i kast‚ly?;Olaszorsz g;Franciaorsz g;Spanyolorsz g;Portug lia;B;ORSZµGOK
Mi a m sik elnevez‚se a vez‚r nevû sakkfigur nak?;kir ly;husz r;kir lyn‹;b stya;C;JµTK
Az ‚v mely szakasz ban rendezik meg a velencei karnev lt?;a t‚l v‚g‚n;m jus elej‚n;Szent Iv n napjakor;ny r v‚g‚n;A;ORSZµGOK
Mit n‚z meg az, aki egy darab premierj‚re v lt jegyet?;az utols¢ el‹ad st;a bemutat¢ el‹ad st;a f‹pr¢b t;az olvas¢pr¢b t;B;µLTALµNOS
Melyik hangszer el‹ad¢mûv‚sze Kocsis Zolt n?;zongora;trombita;hegedû;gordonka;A;OPERA
Mielyiket nevezik ”rd”gszek‚rnek az al bbiak k”zl?;egy mozdonyt;egy gyomn”v‚nyt;egy f nkf‚l‚t;a hull mvasutat;B;NYELV
Melyik szervnk betegs‚ge a szrkeh lyog?;fl;szem;gyomor;garat;B;BIOLàGIA
Kinek a mûve alapj n k‚szlt Radv nyi G‚za A besz‚l‹ k”nt”s c¡mû filmje?;J¢kai M¢r;Arany J nos;Miksz th K lm n;Kr£dy Gyula;C;FILM
Melyik tudom ny g mûvel‹je a m‚di b¢l is k”zismert Gr‚tsy L szl¢?;matematika;fizika;nyelv‚szet;r‚g‚szet;C;TUDOMµNY
Az al bbiak k”zl kit neveztek r‚gen n¢t riusnak?;karmester;jegyz‹;kocsm ros;zongorak‚sz¡t‹;B;NYELV
Melyik egy ismert V”r”smarty-vers c¡me az al bbiak k”zl?;Elm‚lked‚sek az oskol ban;Gondolatok a k”nyvt rban;Mereng‚sek a te trumban;Reflexi¢k a bibliot‚k ban;B;IRODALOM
Melyik film f‹szerepl‹je M rkus L szl¢?;A tan£;Liliomfi;A meztelen diplomata;Doll rpapa;C;FILM
Hogy nevezik a sakkban a megnyit s ut n n‚h ny l‚p‚ssel adott mattot?;baktermatt;susztermatt;kond smatt;pand£rmatt;B;JµTK
Melyik orsz g z szlaj ban nincs v”r”s sz¡n az al bbiak k”zl?;Ausztria;Lengyelorsz g;D nia;G”r”gorsz g;D;ORSZµGOK
Hol j tsz¢dik Huszka Jen‹ Bob herceg c¡mû operettje?;Bostonban;Dublinban;Londonban;Glasgowban;C;OPERA
Milyen lelkûnek nevezzk a fondorlatosan  lnok szem‚lyt?;farkas;karvaly;r¢ka;galamb;C;NYELV
Melyik hegys‚gnkben tal lhat¢ az orsz g legmagasabb pontja, a K‚kes?;a Bkkben;a M tr ban;a Bakonyban;a Mecsekben;B;F™LDRAJZ
Mit csin lnak a n”v‚nyekkel, amikor egyelik?;metszik;kap lj k;ritk¡tj k;permetezik;C;BIOLàGIA
Milyen c¡men ¡rt oper t Vincenzo Bellini?;Az alvaj r¢;A terepj r¢;A gyalogj r¢;A tengeralattj r¢;A;OPERA
Melyik szervnket gy¢gy¡tja a kardiol¢gus?;sz¡vnket;szemnket;fogunkat;td‹nket;A;BIOLàGIA
Mivel j tssz k a r”mi nevû j t‚kot?;domin¢val;sakkfigur kkal;francia k rty val;magyar k rty val;C;JµTK
"Milyen ""t rgya"" van Pandor nak a mitol¢giai t”rt‚netben?";tariszny ja;szelenc‚je;talizm nja;szekerc‚je;B;VALLµS
Minek a tartoz‚ka volt a Toldi Mikl¢s v ll n is reng‹ vend‚goldal?;szek‚r;g‚mesk£t;ist ll¢;eke;A;µLTALµNOS
Ki ny£jtott Oscar-d¡jjal jutalmazott alak¡t st a Kramer kontra Kramer c¡mû filmben?;Al Pacino;Robert DeNiro;Dustin Hoffman;Richard Burton;C;FILM
Milyen szerepet j tszik Robin Williams a J¢ reggelt, Vietnam! c¡mû filmben?;lemezlovast;t bori lelk‚szt;orvost;diplomat t;A;FILM
Mire haszn lj k a keleti n‚pek a kaft nt?;l¢szersz mk‚nt;fejfed‹k‚nt;v¡zipipak‚nt;kab tk‚nt;D;T™RTNELEM
Ki nem rendez‹ az ismert mûv‚szek k”zl?;Szinet r Mikl¢s;Babarczy L szl¢;Szikora J nos;Cseh Tam s;D;SZÖNHµZ
Melyik budapesti hidat d¡sz¡tik turulmadarak?;Margit h¡d;µrp d h¡d;Szabads g h¡d;Pet‹fi h¡d;C;µLTALµNOS
Melyik r‚sz‚‚rt termesztik a ricinust?;olajos magv ‚rt;rostos sz r ‚rt;ehet‹ vir gzat ‚rt;h£sos gym”lcs‚‚rt;A;BIOLàGIA
Milyen kert szerepel Csehov sz¡nmûv‚nek c¡m‚ben?;alm s;sz‹l‹s;csereszny‚s;geszteny‚s;C;IRODALOM
Melyikre van szks‚g a v lyog k‚sz¡t‚s‚hez?;agyagos s rra;cementre;m‚szre;homokra;A;µLTALµNOS
Hogy nevezik a v”lgyet, vagy szakad‚kot  t¡vel‹ hidat?;viador;viadukt;pontusz;apszis;B;µLTALµNOS
"Kinek a t”rv‚nye? ""Ami elromolhat, az el is romlik.""";Ohm;Newton;Murphy;Eddie Murphy;C;µLTALµNOS
Melyik harc szati eszk”z m sik neve a srapnel?;harckocsi;bomb z¢;repeszgr n t;akna;C;TECHNIKA
Hogyan nevezt‚k az ¢kori g”r”g”k ”nmagukat?;etruszkok;hell‚nek;fr¡gek;kelt k;B;T™RTNELEM
Mely orsz gok ûrhaj¢sai hajtott k v‚gre az els‹ nemzetk”zi ûrrepl‚st?;USA-Szovjetuni¢;Franciaorsz g-Szovjetuni¢;USA-K¡na;USA-Kanada;A;TUDOMµNY
Mi volt Robin Hood legjellemz‹bb fegyvere?;d rda;¡j;buzog ny;parittya;B;IRODALOM
Hogyan h¡vjuk a pinc‚rt egy ‚tteremben az illem szerint?;fttyent‚ssel;int‚ssel;csettint‚ssel;sziszeg‚ssel;B;µLTALµNOS
Milyen helyis‚gbe fordult be Pet‹fi, mik”zben szeretett volna r gy£jtani a pip j ra?;kamr ba;konyh ra;kis szob ba;f‚szerbe;B;IRODALOM
Milyen sz rmaz s£ a h¡res filmrendez‹ Akira Kuroszava?;k¡nai;jap n;mongol;vietn mi;B;FILM
Milyen g¢toknak szok s nevezni egy D ci ban ‚lt keleti germ n t”rzset?;hegyi;mezei;erdei;vizi;D;T™RTNELEM
Mi a rizskoch k”zismert neve?;rizsfelf£jt;rizses h£s;tejberizs;rizibizi;A;KONYHA
"Kinek vagy minek a ""kapit nya"" szerepel Dargay Attila rajzfilmj‚nek c¡m‚ben?";az erd‹;a Tenkes;a harami k;az Orion ûrhaj¢;A;FILM
Bridget Jones mije szerepel a nagy sikerû film c¡m‚ben?;laptopja;napl¢ja;notesze;napt ra;B;FILM
Melyik magyar t ncdal‚nekesnknek voltak k”z”s sz mai Hofi G‚z val?;Ko¢s J nos;Korda Gy”rgy;Aradszky L szl¢;Dobos Attila;A;ZENE
Mennyi a n‚gysz”g bels‹ sz”geinek ”sszege?;0;90;180;360;D;TUDOMµNY
Melyik szerelmesp r a c¡mszerepl‹je Zeffirelli 1968-as vil gh¡rû filmj‚nek?;Csongor ‚s Tnde;Triszt n ‚s Izolda;R¢me¢ ‚s J£lia;Orpheusz ‚s Eurdik‚;C;FILM
Mi ir nt ‚rez olthatatlan szenved‚lyt az, aki pirom ni ban szenved?;¡r s;lop s;gy£jtogat s;c‚galap¡t s;C;NYELV
Mit csin lnak a csehek a kn‚dlivel?;megissz k;megeszik;elt ncolj k;k rty znak vele;B;µLTALµNOS
Melyik egy ismert Pet‹fi-vers c¡me az al bbiak k”zl?;Egy tavaszom P p n;Egy nyaram Kolt¢n;Egy ‹sz”m Patakon;Egy telem Debrecenben;D;IRODALOM
Ki volt µrp d vez‚r apja?;µlmos;G‚za;Kursz n;El‹d;A;T™RTNELEM
Melyik  llat fajai viselik a barna, szrke, mal j, ”rv”s ‚s jeges elnevez‚st?;‹z;tigris;medve;ny£l;C;BIOLàGIA
Milyen embert neveztek r‚gen gigerlinek?;gerleteny‚szt‹t;p ntlika rust;piperk‹c”t;magas hang£t;C;NYELV
Kiket neveznek abb‚nak Franciaorsz gban?;£ton ll¢kat;v s ri kom‚di sokat;orvosokat;vil gi papokat;D;µLTALµNOS
"Mi a c¡me a Michael J. Fox f‹szerepl‚s‚vel k‚szlt filmnek: ""Vissza a ?""";m£ltba;jelenbe;j”v‹be;k‹korszakba;C;FILM
Melyik egy nyugat-afrikai majom az al bbiak k”zl?;mamba;mandala;mandrill;mangrove;C;BIOLàGIA
Mi‚rt nem mehet el a b lba a P‚ter nevû kis b lna Devecseri gyerekverse szerint?;nem ¡rta meg a leck‚t;nincs m‚g egy kilom‚ter;szobafogs gban van;nem tud t ncolni;B;IRODALOM
Melyik az a fest‹i technika, melynek k‚pvisel‹i kisebb t rgyakat ragasztanak a k‚pekre?;band zs;grill zs;koll zs;massz zs;C;MëVSZET
Melyik egy kutyafajta?;leghorn;lipicai;racka;spicc;D;BIOLàGIA
"Minek a ""h rom napja"" szerepel a Robert Redford f‹szerepl‚s‚vel k‚szlt film c¡m‚ben?";s¢lyom;keselyû;sas;fecske;B;FILM
Mivel foglalkozik, akinek az origami a hobbija?;selyemfest‚ssel;pap¡rhajtogat ssal;fafarag ssal;keleti kzd‹sporttal;B;µLTALµNOS
Melyik egy Donald Sutherland f‹szerepl‚s‚vel k‚szlt k‚mfilm c¡me?;Szûz a szalmakazalban;Tû a sz‚nakazalban;Lencse a hamuban;Konkoly a b£z ban;B;FILM
Hova megy, aki a turfra indul?;bankba;kaszin¢ba;t‹zsd‚re;l¢versenyp ly ra;D;NYELV
Milyen meseh‹s Misi Ters nszky J¢zsi Jen‹ mûv‚ben?;mack¢;m¢kus;t”rpe;s rk ny;B;IRODALOM
Melyik mûv‚szeti  gban v lt vil gh¡rûv‚ Solti Gy”rgy?;szobr szat;fest‚szet;filmmûv‚szet;zenemûv‚szet;D;MëVSZET
Hol  ll meg Pet‹fi ny ri napnak alkonyulat n l a vers szerint?;a csal di porta el‹tt;bab ja ablaka alatt;a kanyarg¢ Tisz n l;vadreg‚nyes fenyvesben;C;IRODALOM
Melyik mûv‚szeti  gban v lt vil gh¡rûv‚ Kocsis Zolt n?;zene;fest‚szet;filmmûv‚szet;‚p¡t‚szet;A;MëVSZET
Hol terem sok hal a n‚pdal szerint?;a Dun ban;a Balatonban;a Tisz ban;a Velencei-t¢ban;B;IRODALOM
"Milyen ""becsletr‹l"" ¡rt oper t Mascagni?";munk s;bety r;asszony;paraszt;D;OPERA
Mij‚t tup¡rozza egy n‹?;k”rm‚t;haj t;kez‚t;szemh‚j t;B;µLTALµNOS
Melyik orsz gr¢l kapta nev‚t a pol¢nium?;Portug lia;Lengyelorsz g;Csehorsz g;Franciaorsz g;B;TUDOMµNY
Melyik n‚p polg rh bor£j hoz kapcsolhat¢ szorosan a Tam s b tya kunyh¢ja c¡mû reg‚ny?;amerikai;angol;spanyol;orosz;A;IRODALOM
Az al bbi orsz gok k”zl melyiknek nincs tengerpartja?;Alb nia;Bulg ria;Szlov‚nia;Maced¢nia;D;F™LDRAJZ
Hogyan nevezik a lapkiad sban az eladatlan p‚ld nyokat?;reprint;remittenda;recenzi¢;referendum;B;µLTALµNOS
Milyen mûvei tett‚k ismertt‚ a francia Herv‚t?;festm‚nyei;operettjei;mozaikjai;szobrai;B;MëVSZET
Mi Tigris kedvenc eledele Milne Micimack¢j ban?;a m‚z;a bog ncs;a ricinus;a csukam jolaj;D;IRODALOM
Milyen kifejez‚ssel szok s illetni a katonai egyenruh t?;k‚nyszerzubbony;angyalb‹r;bakaballon;husz rk”nt”s;B;NYELV
Melyik orsz g f‹v rosa Havanna?;Guatemala;Honduras;Panama;Kuba;D;ORSZµGOK
Milyen szekr‚nyr‹l ¡rt v¡goper t Farkas Ferenc?;hût‹;p nc‚l;tkr”s;bûv”s;D;OPERA
Melyik it liai v rosban l thatjuk a Circus Maximus ¢kori romjait?;Mil n¢;Taranto;N poly;R¢ma;D;T™RTNELEM
Milyen k”zleked‚si eszk”z szerepel a Fonogr f egyttes egyik dal nak c¡m‚ben?;az utols¢ metr¢;az els‹ villamos;az elt‚vedt troli;a lerobbant busz;B;ZENE
Mi volt a t”r”k nagyvez¡r hivatal nak elterjedt eur¢pai elnevez‚se?;vilajet;porta;szer j;trbe;B;T™RTNELEM
Melyik a kanaszta nevû k rtyaj t‚kban haszn lt kifejez‚s?;jegel‚s;fagyaszt s;olvaszt s;forral s;B;JµTK
Melyik sz¡nh z tagja volt 1951-t‹l hal l ig Ruttkai va?;Nemzeti Sz¡nh z;V¡gsz¡nh z;Mad ch Sz¡nh z;J¢zsef Attila Sz¡nh z;B;SZÖNHµZ
Melyik ‹rzi a francia R‚camier asszony nev‚t?;egy fekv‹b£tor;egy textilfajta;egy haj¢t¡pus;egy k rtyaj t‚k;A;NYELV
Milyen embert nevezett a n‚pnyelv szavaj tsz¢nak?;k”lt‹i v‚n j£t;‚kessz¢l s£t;megb¡zhatatlant;tr g rt;C;NYELV
H ny kar tos a sz¡narany?;18;20;24;42;C;TUDOMµNY
Az al bbiak k”zl melyik kifejez‚s illik a szangvinikus emberre?;lobban‚kony;hidegv‚rû;m‚lab£s;megfontolt;A;NYELV
Melyik orsz g terlet‚n tal lhat¢ a Bretagne-f‚lsziget?;Kanada;Belgium;Franciaorsz g;Spanyolorsz g;C;F™LDRAJZ
Milyen vas rnapnak nevezzk a kar csonyt k”zvetlenl megel‹z‹ utols¢ vas rnapot?;m rv ny;arany;gy‚m nt;platina;B;VALLµS
Melyik v¡zimad r az al bbiak k”zl?;cs‚r;cs¡z;cs¢ka;csics”rke;A;BIOLàGIA
Milyen  llat a Micimack¢ban szerepl‹ Fles?;ny£l;szam r;elef nt;sp niel;B;IRODALOM
Ki a tenger istene a r¢mai mitol¢gi ban?;Neptunus;Mercurius;Pluto;Saturnus;A;VALLµS
Mi Konstantin poly mai neve?;Ankara;Izmir;Szmirna;Isztambul;D;T™RTNELEM
Az al bbiak k”zl ki nem sakkoz¢ Polg r-l ny?;Anna;Judit;Zsuzsa;Zs¢fia;A;µLTALµNOS
Melyik v rosban fesz¡tett‚k keresztre J‚zust?;Betlehemben;Jeruzs lemben;R¢m ban;N z retben;B;VALLµS
Melyik sz¡n nem szerepel Rom nia z szlaj ban?;k‚k;s rga;v”r”s;z”ld;D;ORSZµGOK
Melyik sport gban szak¡tanak ‚s l”knek?;s£lyemel‚s;teke;b¡rk¢z s;torna;A;SPORT
Mit csin l az, aki dzsiggel?;k rty zik;haj¢zik;t ncol;lovagol;C;NYELV
Melyikre haszn lj k a pacsuliolajat?;illatszergy rt sra;f‹z‚sre;vil g¡t sra;fest‚kek k‚sz¡t‚s‚re;A;µLTALµNOS
"Melyik rockoper ban hangzik el a ""Te kit v lasztan l?"" kezdetû dal?";Szt rcsin l¢k;Attila;Istv n, a kir ly;J‚zus Krisztus szuperszt r;C;ZENE
Mi a c¡me Jim Carrey ‚s Cameron Diaz k”z”s filmv¡gj t‚k nak?;Az  larc;A maskara;A maszk;A bus¢;C;FILM
Melyik f”ldr‚szr‹l ‚nekelt Varga Mikl¢s a 80-as ‚vekben?;Afrika;Eur¢pa;Amerika;µzsia;B;ZENE
Melyik matematikai alapmûvelethez k”thet‹ a hatv nyoz s?;”sszead s;szorz s;kivon s;oszt s;B;TUDOMµNY
Melyik filmben nem j tszott egytt Bud Spencer ‚s Terence Hill?;Kincs, ami nincs;Nincs kett‹ n‚gy n‚lkl;s megint dhbe j”vnk;Piedone, a zsaru;D;FILM
Mit csin l az egyetemista, amikor kollokv l?;el‹ad st hallgat;szakot v ltoztat;vizsg zik;beiratkozik;C;NYELV
Mire haszn lj k a sarabol¢t?;hord¢k‚sz¡t‚sre;f k metsz‚s‚re;kap l sra;harang”nt‚sre;C;µLTALµNOS
Mire haszn lj k a pom d‚t?;arc rizsporoz s ra;hajken‹csk‚nt;k”r”mfest‚sre;‚kszerk‚nt;B;µLTALµNOS
"Melyik fa el‹tagja lehet ""szomor£""?";t”lgy;ak c;tûz;feny‹;C;µLTALµNOS
Milyen Lawrence a c¡mszerepl‹je David Lean klasszikus kalandfilmj‚nek?;afrikai;ar biai;n¡lusi;sivatagi;B;FILM
Milyen j rmû szerepel az ismert Kr£dy-mû c¡m‚ben?;k‚k konflis;barna bat r;v”r”s postakocsi;s rga tengeralattj r¢;C;IRODALOM
Milyen term‚szeti katasztr¢fa k¡s‚r‹jelens‚ge a buzg r?;f”ldreng‚s;tûzv‚sz;hurrik n; rv¡z;D;µLTALµNOS
Mennyi egy pikol¢ s”r?;k‚t deciliter;h rom deciliter;f‚l liter;egy liter;A;µLTALµNOS
"Mi a c¡me Cserh ti Zsuzsa h¡res sl ger‚nek: ""Sz guld s, ?""";Wartburg, szerelem;Jagu r, szerelem;Trabant, szerelem;Porsche, szerelem;D;ZENE
Kik l that¢k a M gn s Miska c¡mû zen‚s filmben?;Pixi ‚s Mixi gr¢f;Hacsek ‚s Saj¢;Arisztid ‚s Taszil¢;Jen‹ ‚s Lujza;A;FILM
Melyikkel j tssz k a rexet?;d k¢val ‚s goly¢kkal;k rty val;b bokkal ‚s j t‚kt bl val;malomk”vekkel;A;JµTK
Egy h z melyik r‚sz‚be megy, aki a szuter‚nbe igyekszik?;padl sra;alagsorba;tet‹t‚rbe;teraszra;B;µLTALµNOS
Melyik v rosban rendezt‚k meg a 2001. ‚vi v¡zilabda Eur¢pa-bajnoks got?;Berlin;B‚cs;Belgr d;Budapest;D;SPORT
Milyen ¡zes¡t‚s a sv‚d gombasal ta?;tonhalas;majon‚zes;paradicsomos;torm s;C;KONYHA
Hova ment Pet‹fi S ndor, amikor a Pilvaxba indult?;nyomd ba;k v‚h zba;kaszin¢ba;lapszerkeszt‹s‚gbe;B;T™RTNELEM
Mi a kedvenc foglalkoz sa az ‹rnagynak ™rk‚ny T¢t‚k c¡mû sz¡nmûv‚ben?;makram‚z s;dobozol s;¢lomkatona-”nt‚s;gy”ngyfûz‚s;B;IRODALOM
Mit csin l, aki kupl‚t ad el‹?;bûv‚szkedik;monol¢got szaval;pantomimsz mot ad el‹;‚nekel;D;MëVSZET
Melyik megy‚nk nem a Dun nt£lon tal lhat¢?;Baranya;Zala;Heves;Fej‚r;C;F™LDRAJZ
Milyen j t‚k a talonm ri s?;k rtyaj t‚k;d maj t‚k;sakkj t‚k;domin¢j t‚k;A;JµTK
Milyen kisasszonyr¢l ¡rt oper t Puccini?;angol;gr¢f;pillang¢;v‚n;C;OPERA
Melyik zeneszerz‹ nevezetes mûve a Bolero?;Ravel;Liszt Ferenc;Berlioz;Debussy;A;OPERA
Melyik vir g szer‚ny a mond s szerint?;n rcisz;sz zszorsz‚p;nefelejcs;ibolya;D;NYELV
Melyik v ros mesterdalnokair¢l ¡rt oper t Wagner?;Mnchen;Hamburg;Nrnberg;Bayreuth;C;OPERA
Melyik mese h‹sei szerepelnek a Tigris sz¡nre l‚p c¡mû Disney-rajzfilmben?;A dzsungel k”nyve;Aladdin;Alice Csodaorsz gban;Micimack¢;D;FILM
Melyik istens‚g tartozik a germ n mitol¢gi hoz az al bbiak k”zl?;µmon-R‚;Siva;Minerva;Thor;D;VALLµS
H ny ‚ves ‚vfordul¢ a centen rium?;t¡z;h£sz;”tven;sz z;D;NYELV
Melyik el‹tag fejez ki leveg‹vel, l‚gnemû testekkel val¢ kapcsolatot?;poli-;termo-;aero-;paleo-;C;NYELV
Milyen  llat gyurgyalag?;rovar;hal;mad r;eml‹s;C;BIOLàGIA
Ki nem g”r”g mitol¢giai alak az al bbiak k”zl?;H‚phaisztosz;Epim‚theusz;Kre¢n;Visnu;D;VALLµS
H ny ‚vig l‚tezett a N‚met Demokratikus K”zt rsas g?;71;61;51;41;D;T™RTNELEM
Mi volt a neve az 1871-ben r”vid ideig l‚tez‹ francia nagyv rosi forradalmi tan csnak?;lyoni tan csk”zt rsas g;roueni proviz¢rium;marseille-i uni¢;p rizsi kommn;D;T™RTNELEM
Melyik Eur¢pa legmagasabb mûk”d‹ vulk nja?;Stromboli;Hekla;Szantorini;Etna;D;F™LDRAJZ
H ny j t‚kos van egyszerre a p ly n egy kos rlabda-csapatb¢l?;n‚gy;h‚t;hat;”t;D;SPORT
"Melyik magyar v rost nevezik a ""vizek v ros nak""?";Si¢fok;Tata;Szeged;Debrecen;B;MAGYARORSZµG
Milyen  llat a Fekete Istv n t”rt‚net‚b‹l ismert Lutra?;h¢d;vidra;cick ny;tengerimalac;B;IRODALOM
Az al bbiak k”zl ki a Feh‚rl¢fia c¡mû n‚pmese szerepl‹je?;Bokorugr¢;Fanyûv‹;Fûv g¢;Feny‹d”nt‹;B;IRODALOM
Mivel j tssz k a marokk¢ nevû j t‚kot?;kock kkal;k rty val;p lcik kkal;domin¢val;C;JµTK
Melyik szoros szab lyoz s nak terv‚t k‚sz¡tette V s rhelyi P l?;Bering;Vaskapu;Thermoplai;Gibralt ri;B;TECHNIKA
Melyik konyhakerti n”v‚nyt termesztik ehet‹ vir gzat ‚rt?;retek;zeller;karfiol;fejes k poszta;C;KONYHA
Hol tal lt k fel a h‹m‚rs‚klet-v ltoz sokra ‚rz‚ketlen veget?;Mchenben;Weimarban;J‚n ban;Herenden;C;TECHNIKA
Az al bbiak k”zl melyik mû fûz‹dik Sz‚chenyi Istv n nev‚hez?;A vad szebekrûl;A lovakrul;A szarvasmarh krul;A k‚tfejû sasrul;B;T™RTNELEM
Mire haszn lj k az  zsiai n‚pek a dzsunk t?;rizsp linka f‹z‚s‚re;haj¢z sra;selyemsz”v‚sre;pet rda k‚sz¡t‚s‚re;B;µLTALµNOS
Milyen tavasz szerepel a Kar dy Katalin f‹szerepl‚s‚vel k‚szlt film c¡m‚ben?;z poros;v‚gzetes;hal los;bolondos;C;FILM
Az al bbiak k”zl melyiket nevezik kotlettnek?;a serdl‹ csirk‚t;a k”nnyûv‚rû h”lgyet;a kotnyeles lettet;a sert‚skarajt;D;NYELV
Mit neveztek spanyolcsizm nak?;a torre dorok cip‹j‚t;nemesi l bbelit;bork‚sz¡t‹ eszk”zt;vallat¢eszk”zt;D;NYELV
Melyik  llat v lt Berlin jelk‚p‚v‚?;a bika;a medve;a kenguru;az oroszl n;B;µLTALµNOS
Z”mmel milyen ‚p¡t‚szeti st¡lusban ‚plt J kon a benc‚s ap ts g temploma?;g¢tikus;rom n;renesz nsz;barokk;B;PÖTSZET
Az al bbiak k”zl melyik orsz gban nem a frank a hivatalos p‚nznem?;Franciaorsz g;Luxemburg;Hollandia;Andorra;C;ORSZµGOK
Mi vagy ki a kurkuma?;t”r”k nyal nks g;b‹rbetegs‚g;kurd koma;fûszern”v‚ny;D;NYELV
Melyik magyar t”rt‚nelmi terletr‹l ¡rt M¢ricz Zsigmond tril¢gi t?;a Felvid‚kr‹l;Erd‚lyr‹l;D‚l-B csk r¢l;Burgenlandr¢l;B;IRODALOM
Minek az el‹dje volt a dagerrot¡pia?;g‚pkocsi;f‚nyk‚p;dinam¢;t vcs‹;B;TECHNIKA
Milyen hangszer k‚sz¡t‹jek‚nt v lt h¡ress‚ Stradivari?;zongora;git r;hegedû;nagyb‹g‹;C;OPERA
Ki ¡rt vil gh¡rû reg‚nyt a p rizsi Notre Dame torony‹r‚r‹l?;Honore de Balzac;Victor Hugo;Emile Zola;Gustave Flaubert;B;IRODALOM
Milyen nemzetis‚gû volt a nagy mese¡r¢, Andersen?;sv‚d;d n;n‚met;holland;B;IRODALOM
Kir‹l vagy mir‹l kapta a nev‚t a trappista sajt?;szerzetesrendr‹l;francia bor szr¢l;holland legel‹r‹l;teh‚nfajt r¢l;A;NYELV
Mit neveztek a r‚gi magyarok Hadak £tj nak?;a honfoglal s £tvonal t;a Tejutat;a B‚cs fel‚ vezet‹ f‹utat;a n szutat;B;T™RTNELEM
Melyik fegyverr‹l kapta nev‚t a sz m¡t¢g‚p merev m gneslemezes t rol¢ja?;a torped¢r¢l;a revolverr‹l;a winchesterr‹l;a coltr¢l;C;µLTALµNOS
Az al bbiak k”zl melyik egy egy rb¢cos vitorl s neve?;dingi;din‚;dimer;dzsigg;A;SPORT
"Melyik egyttes sl gere volt a ""The Wall""?";Pink Floyd;Genesis;Rolling Stones;Queen;A;ZENE
Ki tervezte az Orsz gh z ‚plet‚t?;Lotz K roly;Steindl Imre;Schulek Frigyes;Alp r Ign c;B;PÖTSZET
H nyas sz mrendszer a bin ris sz mrendszer?;tizes;hetes;tizenkettes;kettes;D;TUDOMµNY
Melyik sport g nemzetk”zi sz”vets‚ge a FIFA?;b¡rk¢z s;kos rlabda;labdar£g s;ker‚kp roz s;C;SPORT
Hogy bec‚zik a Republic egyttes frontember‚t?;Cip‹;Cip¢;Papucs;Hob¢;A;ZENE
Melyik r‚sz‚t fogyasztj k a kelbimb¢nak?;level‚t;sz r t;rgyeit;vir g t;C;KONYHA
Hova megy, aki a turfra indul?;bankba;kaszin¢ba;t‹zsd‚re;l¢versenyp ly ra;D;µLTALµNOS
Az al bbiak k”zl mit neveznek tandemnek?;n‹i feh‚rnemût;k‚tl‚ses ker‚kp rt;tan ri szeml‚ltet‹eszk”zt;k‚tfedelû repl‹g‚pet;B;NYELV
Milyen nyelv a BASIC?;jav¡tott eszperant¢;k¢dolt titkos¡r s;sz m¡t¢g‚pes programnyelv;mad rnyelv;C;µLTALµNOS
Melyik ¢kori n‚p viselete volt a tunika?;a sum‚rok‚;az egyiptomiak‚;a r¢maiak‚;a k¡naiak‚;C;T™RTNELEM
Mi a porcel ngy rt s f‹ alapanyaga?;kvarc;gyanta;kaolin;polisztirol;C;TECHNIKA
Melyik orsz gban l that¢k a Mete¢ra-kolostorok?;Bulg ri ban;T”r”korsz gban;Oroszorsz gban;G”r”gorsz gban;D;ORSZµGOK
Az al bbi orsz gok k”zl hol k”zlekednek a legt”bben ker‚kp rral?;India;Egyeslt µllamok;K¡na;Franciaorsz g;C;µLTALµNOS
Mi a libretto?;£jfajta szerencsej t‚k; ruhitel;zen‚s mûvek sz”vegk”nyve;rabszolg k felszabad¡t sa;C;NYELV
Melyik szakma dolgoz¢it nnepeljk j£nius els‹ vas rnapj n?;a pedag¢gusokat;az orvosokat;a b ny szokat;a rend‹r”ket;A;µLTALµNOS
Mije van egy ruh nak, ha van sleppje?;usz lya;f tyla;fodra;als¢szokny ja;A;µLTALµNOS
"Milyen ""parcell nak"" nevezik a keskeny sz nt¢f”ldeket?";nadr gsz r;nadr gf‚k;nadr gsz¡j;nadr gtart¢;C;NYELV
Mit tilolnak az al bbiak k”zl?;b£z t;gyapj£t;kendert;sonk t;C;µLTALµNOS
Mire haszn lj k az amerik nert?;l”v‚sre;v‚s‚sre;sportol sra;f£r sra;D;µLTALµNOS
Hol k‚pezt‚k ki a szovjet ûrhaj¢sokat?;Csillagv rosban;Napv rosban;Lunav rosban;ërv rosban;A;µLTALµNOS
Kik haszn lj k munk juk sor n a programnyelveket?;rendezv‚nyszervez‹k;sz m¡t¢g‚pes szakemberek;idegenvezet‹k;mez‹gazdas gi szakemberek;B;µLTALµNOS
Kiknek a vir ga a mirtusz az illem szerint?;v‹leg‚nyek;menyasszonyok;els‹ b loz¢ l nyok;id‹s asszonyok;B;µLTALµNOS
Milyen ruhadarabot neveznek ttnek?;a csaposok k”t‚ny‚t;a kisbab k el‹k‚j‚t;a balett-t ncosok szokny j t;a boriv¢k gall‚rj t;C;µLTALµNOS
Melyik h¡d  tad sa nyom n ¡rta Arany J nos a H¡davat s c¡mû ballad j t?;L nch¡d;Ferenc J¢zsef h¡d;Margit h¡d;Erzs‚bet h¡d;C;IRODALOM
Mi volt a neve a k‚tnyom sos f”ldmûvel‚s sor n vetetlenl hagyott f”ldnek?;parlagt bla;ugar;senki r‚tje;n‚ma bar zda;B;T™RTNELEM
Melyik v rosban  ll a h¡res v r, a Hradzsin?;Isztambul;Pr ga;Koppenh ga;Bagdad;B;ORSZµGOK
Milyen h£sb¢l k‚szl a flekken?;sert‚s;marha;kacsa;csirke;A;KONYHA
Hol im dkoznak a buddhista szerzetesek?;dzs miban;pagonyban;pagod ban;minaretben;C;VALLµS
H ny kerlete van Budapestnek?;22;20;23;25;C;µLTALµNOS
Melyik j t‚kban j tszik nagy szerepet a bl”ff”l‚s?;a p¢kerban;a bili rdban;a rulettben;a huszonegyben;A;JµTK
Melyik felfog s tekintette a F”ldet a vil gegyetem k”z‚ppontj nak?;geocentrikus;heliocentrikus;centrifug lis;univerz lis;A;TUDOMµNY
"Milyen szem‚ly egy orsz gban, aki ""persona non grata""?";igen kedvelt;szigor£an v‚dett;t”rv‚nyek felett  ll¢;nem k¡v natos;D;NYELV
Mi a c¡me Ternovszky B‚la nagy sikerû rajzfilmj‚nek?;Eg‚rfog¢;Legszebb eg‚r a b‹reg‚r;Macskafog¢;Macskakarom;C;FILM
Mit  rult a r‹f”s?;z”lds‚get;h£s rut;m‚ter rut;vas rut;C;µLTALµNOS
Hol tal lhat¢ az angol kir lyok Londonhoz k”zel fekv‹ ny ri rezidenci ja?;Greenwich;Wimbledon;Westminster;Windsor;D;µLTALµNOS
Melyik  llat h¡mje a g cs‚r?;kacsa;gy”ngyty£k;fajd;p va;A;BIOLàGIA
A f‚rfikalapon k¡vl mit neveznek m‚g cilindernek?;a motor hengereit;a repl‹ l‚gcsavarj t;a cimbalom t‹it;az ajt¢ vasal s t;A;NYELV
Kinek a nev‚hez fûz‹dik a sz‚nsz las izz¢l mpa feltal l sa?;Thomas Alva Edison;Sir Thomas Philips;Alexander Bell;John Tungsram;A;TECHNIKA
Milyen kapcsolat van Ybl Mikl¢s ‚s az Operah z ‚plete k”z”tt?;‚nekelt benne;vez‚nyelt benne;a tervez‹je volt;az igazgat¢ja volt;C;T™RTNELEM
Mit neveznek egy sz¡nh zban zs”lly‚nek?;s£g¢lyukat;n‚z‹t‚ri l‹helyet;d¡szp holyt;sz¡n‚szbej r¢t;B;µLTALµNOS
Melyik bolyg¢n v‚ltek mesters‚ges ‚p¡tm‚nyeket felfedezni egykor a csillag szok?;a V‚nuszon;az Ur nuszon;a Marson;a Pl£t¢n;C;TUDOMµNY
Ki volt a h¡res Rig¢ Jancsi, akir‹l egy stem‚nyt is elneveztek?;cukr szmester;mesterszak cs;cig nypr¡m s;na¡v fest‹;C;µLTALµNOS
Melyik  llat nem tartozik a nagymacsk k k”z‚?;tigris;oroszl n;jagu r;hi£z;D;BIOLàGIA
Mi a c¡me Arnold Schwarzenegger kar csonyi t‚m j£ filmj‚nek?;T‚lmin tor II.;Amie angyalai;Hull a pelyhes;A kommand¢s Mikul s;C;FILM
Mi N ndorfeh‚rv r mai neve?;Z gr b;Belgr d;Vajdahunyad;Sz‚kesfeh‚rv r;B;NYELV
Mit nem lehet csin lni a komisz gyerekkel egy jurt ban?;kukoric n t‚rdeltetni;meglegyinteni;sarokba  ll¡tani;leszidni;C;µLTALµNOS
"Mikor haszn lnak a di kok ""szam rvezet‹t""?";sz mol skor;torn z s k”zben;¡r skor;kos rlabd z s k”zben;C;µLTALµNOS
Mit takar a ding¢ elnevez‚s?;szerencsej t‚kot;‚des gym”lcs”t;vadkuty t;lovas sz nt;C;NYELV
Mit vagy kit neveztek a k”z‚pkorban a Fekete Hal lnak?;a h¢h‚rt;a pestist;a szurkot;a f‹inkviz¡tort;B;T™RTNELEM
Mit nyilazott le a fia fej‚r‹l Tell Vilmos?;egy k”rt‚t;egy alm t;egy di¢t;a sapk j t;B;IRODALOM
"A KRESZ szerint melyik j rmû az ""elektromos fels‹vezet‚khez k”t”tt g‚pkocsi""?";villamos;trolibusz;libeg‹;fogaskerekû;B;TECHNIKA
"Melyik operettben szerepel a ""Hajm si P‚ter, Hajm si P l"" kezdetû dal?";Cs rd skir lyn‹;A v¡g ”zvegy;Bob herceg;A denev‚r;A;OPERA
Milyen  llat szerepel Pet‹fi S ndor Arany Lacihoz c¡mû vers‚ben?;fecske;rge;regi ny£l;kutya;B;IRODALOM
Melyik amerikai  llamr¢l nevezt‚k el a krumplibogarat?;Buffalo;Florida;Colorado;Kansas;C;BIOLàGIA
Hogyan nevezzk a feh‚r ‚s indi n szl‹k gyermek‚t?;mesztic;mulatt;eszkim¢;alb¡n¢;A;BIOLàGIA
Hol volt a legend s rockfesztiv l 1969 nyar n?;Sacrament¢ban;Woodstockban;Seattle-ben;Londonban;B;ZENE
Hogy nevezik az angol parlament fels‹h z t?;Windsor H z;El‹kel‹k H za;Lordok H za;Urak H za;C;T™RTNELEM
Melyik halr¢l ¡rt zenedarabot ”t hangszerre Schubert?;a tintahalr¢l;a tonhalr¢l;a lazacr¢l;a pisztr ngr¢l;D;OPERA
Melyik nem volt a nagy francia forradalom h rmas jelszav nak egyik tagja?;testv‚ris‚g;bar ts g;egyenl‹s‚g;szabads g;B;T™RTNELEM
Melyik v rosunkban van a Storno-h z?;Sopronban;K‹szegen;Veszpr‚mben;Tat n;A;MAGYARORSZµG
Hogy nevezik a k”z‚pkori ‚pletek homlokfal b¢l kiny£l¢ v¡zelvezet‹ cs”veket?;v¡z”nt‹;v¡znyel‹;v¡zh ny¢;v¡zk”p‹;D;PÖTSZET
Mi volt a vir g‚nekek  lland¢ t‚m ja?;a kert‚szet;a ny r;a szerelem;a m‚hek;C;IRODALOM
Mit k‚rdezett a feld£lt Othello Desdemon t¢l a v‚gzetes tett el‹tt?;J rt-e n lad Cassio?;Mit f‹zt‚l?;Ört l-e v‚grendeletet?;Im dkozt l-e?;D;IRODALOM
Mire sz m¡t, aki parapl‚t visz mag val?;hogy olvasni fog;hogy meg‚hezik;hogy igazoltatni fogj k;hogy esni fog;D;µLTALµNOS
"Hol l that¢ a ""Tiltott v ros""?";Dzsakart ban;éj-Delhiben;Pekingben;Tibetben;C;T™RTNELEM
Hogyan szok s nevezni Sz‚chenyi Istv nt?;a haza b”lcse;a legnagyobb magyar;a nagycenki remete;a nemzet lelkiismerete;B;T™RTNELEM
Melyik mad r nem rak f‚szket?;kolibri;g¢lya;cs sz rpingvin;k¢csag;C;BIOLàGIA
Melyik f”ldr‚sz lak¢i a zuluk?;Ausztr lia;µzsia ;D‚l-Amerika;Afrika;D;ORSZµGOK
Kik dolgoznak fix¡rs¢val?;fodr szok;f‚nyk‚p‚szek;szak csok;t¡m rok;B;µLTALµNOS
Mit csin l a hajjal a fodr sz, amikor mel¡roz?;fazonra v gja;festi;kontyba f‚sli;besz r¡tja;B;µLTALµNOS
Mit neveznek r‚giesen nad lynak?;a nadr gsz rat;a rozoga visk¢t;a ladikot;a pi¢c t;D;NYELV
Milyen sz rmaz s£ Arnold Schwarzenegger?;osztr k;sv‚d;belga;holland;A;FILM
"Kinek az agymût‚tj‚r‹l sz¢l az ""Utaz s a kopony m k”rl"" c¡mû reg‚ny?";Babits Mih ly;Karinthy Frigyes;Jules Verne;Victor Hugo;B;IRODALOM
Melyik k‚miai elem alkotja a leveg‹ nagyobb r‚sz‚t?;oxig‚n;n trium;hidrog‚n;nitrog‚n;D;TUDOMµNY
H ny tejfogunk van?;22;20;24;26;B;BIOLàGIA
Ki hozott h¡rt a magyar kir lynak a tat r veszedelemr‹l?;Anonymus bar t;Julianus bar t;L‹rinc bar t;Tuck bar t;B;T™RTNELEM
Hol lakik Micimack¢?;a kerekerd‹ben;az àperenci s-tengern‚l;a Sz zholdas Pagonyban;az šveghegyen t£l;C;IRODALOM
Ki volt az utols¢ µrp d-h zi kir lyunk?;IV. L szl¢;III. B‚la;II. Istv n;III. Andr s;D;T™RTNELEM
Ki a Rolling Stones egyttes sz¢l¢‚nekese?;Mick Jagger;David Bowie;Elton John;Freddy Mercury;A;ZENE
Melyik a legr‚gibb budapesti h¡d?;az Erzs‚bet h¡d;a Margit h¡d;a L nch¡d;a Szabads g h¡d;C;µLTALµNOS
Mi Kanada f‹v rosa?;Toronto;Ottawa;Montreal;Qu‚bec;B;ORSZµGOK
Milyen b£torfajta a subl¢t?;asztal;szekr‚ny;polc; gy;B;µLTALµNOS
Kivel ¡rta k”z”sen Marx a Kommunista Ki ltv nyt?;Leninnel;Engelsszel;Frankel Le¢val;Rosa Luxemburggal;B;T™RTNELEM
Mit alap¡tott P zm ny P‚ter Nagyszombatban?;csillagvizsg l¢t;szerzetesrendet;£js got;egyetemet;D;T™RTNELEM
Mi a jegesmedv‚k f‹ t pl l‚ka?;plankton;f¢ka;alga;pingvin;B;BIOLàGIA
Mi Bajororsz g f‹v rosa?;Mnchen;Dsseldorf;Hamburg;Nrnberg;A;ORSZµGOK
Az al bbiak k”zl melyik nem amerikai aut¢m rka?;Ford;Cadillac;Buick;Renault;D;TECHNIKA
Mi az okt ns?;iskolai feny¡t‹ eszk”z;rossz min‹s‚gû benzin;afrikai vadtulok;csillag szati sz”gm‚r‹ mûszer;D;NYELV
Hol l‚pett el‹sz‹r ember a Holdra?;az Unalom Tenger‚n;a Portengeren;a Nyugalom Tenger‚n;a Zabhegyen;C;TUDOMµNY
Hogy h¡vt k a r di¢ el‹dj‚nek sz m¡t¢ telefonos szolg ltat st?;teleh¡rn”k;telefonh¡rmond¢;r di¢telefon;telefonh¡rad¢;B;TUDOMµNY
Melyik orsz ghoz tartozik ma Trieszt?;Jugoszl via;Olaszorsz g;Horv torsz g;Bosznia-Hercegovina;B;ORSZµGOK
Melyik sz¢kapcsolat nem hib s nyelvhelyess‚gi szempontb¢l?;”nmûk”d‹ automata;harmonikus kapcsolat;besti lis fenevad;h‚tv‚gi v¡kendh z;B;NYELV
Mikor lesz egy f‚nyk‚p alulexpon lt?;ha sok a f‚ny;ha kev‚s a f‚ny;ha nagy a t vols g;ha alacsony a f‚nyk‚p‚sz;B;TUDOMµNY
Mire haszn lt k a portug lok a karavell t?;lik‹rk‚sz¡t‚sre;haj¢z sra;‚kszerk‚sz¡t‚sre;‚p¡tkez‚sre;B;T™RTNELEM
Milyen tal lm nyt k”sz”nhet Eur¢pa Gutenberg J nosnak?;a villany‚g‹t;a ker‚kp rt;a k”nyvnyomtat st;a g‹zg‚pet;C;TECHNIKA
Mir‹l nevezetes a spanyolorsz gi Altamira-barlang?;cseppk”veir‹l;foly¢rendszer‚r‹l;medv‚ir‹l;falrajzair¢l;D;NYELV
Melyik sport gban szok s h ttal c‚lba ‚rni?;kenuz sban;kajakoz sban;d¡jlovagl sban;evez‚sben;D;SPORT
Mit csin lnak egym s vez‚r‚vel a sakkj t‚kosok, amikor vez‚rcsere t”rt‚nik?;kir lyra cser‚lik;k”lcs”n”sen kitik;sz¡nt cser‚lnek;fut¢ra cser‚lik;B;JµTK
Hol van a NATO k”zpontja?;New York;Genf ;Brsszel;Strasbourg;C;µLTALµNOS
Melyik f”ldr‚szen nem rendeztek m‚g olimpiai j t‚kokat?;szak-Amerik ban;Ausztr li ban;µzsi ban;Afrik ban;D;SPORT
Hol j tsz¢dik Bohumil Hrabal capricci¢ja?;Capri-sziget‚n;egy vonaton;egy s”rgy rban;Bansk  Bystric n;C;IRODALOM
Milyen orvos volt a V‚szhelyzetb‹l ismert Ross doktor?;seb‚szorvos;altat¢orvos;fogorvos;gyermekorvos;D;µLTALµNOS
Mi a c¡me Radv nyi G‚za klasszikus filmj‚nek?;Eur¢pa sz¡v‚ben;Valahol Eur¢p ban;Eur¢pa expressz;A karmester;B;FILM
Ki ¡rt balettet egy di¢t”r‹r‹l?;Schubert;Csajkovszkij;Rimszkij-Korszakov;Delibes;B;MëVSZET
Milyen munk t v‚gzett a pr¢k tor?;orvosi;keresked‹i;gyv‚di;fuvaroz¢i;C;NYELV
Mi volt a neve a XIX. sz zad '70-es ‚veiben sikert sikerre halmoz¢ csodakanc nak?;Fecske;Sz‚lv‚sz;Kincsem;R r¢;C;SPORT
Az al bbiak k”zl melyiket fedezte fel Charles Goodyear?;a kaucsuk vulkaniz l s t;a h‹ ll¢ veget;a parafint;a nitroglicerint;A;TECHNIKA
Melyik orsz gban ‚plt a h¡res T dzs Mahal?;K¡na;India;Egyiptom;Pakiszt n;B;ORSZµGOK
Mi az eb‚dem ‚s a vacsor m az Elindultam sz‚p haz mb¢l c¡mû n‚pk”lt‚s szerint?;keny‚r;b£;fû;sz‚l;B;IRODALOM
Milyen ad¢t tartalmaz az  f s sz mla?; llami forgalmi; ltal nos forgalmi; tlagos fix; ltal nos forr s;B;µLTALµNOS
Melyik  llattal kerestetik meg a szarvasgomb t?;macsk val;diszn¢val;meny‚ttel;szarvassal;B;BIOLàGIA
Az al bbiak k”zl melyik egy csavaranyat¡pus?;p rizsi;frankfurti;hollandi;k”lni;C;NYELV
"Mi a c¡me Bujtor Istv n nagy sikerû filmj‚nek: ""Csak semmi ...""";v‚sz;piknik;p nik;duma;C;FILM
Mire haszn lj k a printert?; ramfejleszt‚sre;nyomtat sra;keny‚rst‚sre;monitortiszt¡t sra;B;µLTALµNOS
Melyik n‚p v rosa volt az ¢korban Karth g¢?;pun;egyiptomi;assz¡r;sum‚r;A;T™RTNELEM
Melyik egyttes sz¢l¢‚nekese Bal zs Ferenc?;Gener l;Apostol;Kor l;Edda;C;ZENE
Kir‹l nevezt‚k el a szendvicset?;egy ¡r tenger‚szr‹l;egy francia ‚nekesn‹r‹l;egy sk¢t szak csr¢l;egy angol gr¢fr¢l;D;KONYHA
Melyik telepl‚snket nevezik a Hûs‚g v ros nak?;K‹szeg;Sopron;Sz‚kesfeh‚rv r;Esztergom;B;MAGYARORSZµG
Mit vesz¡t el Jumurdzs k az Egri csillagokban?;az amulettj‚t;a jatag nj t;a hit‚t;a kaft nj t;A;IRODALOM
Melyik konyhai mûvelet r‚sze a dunsztol s?;st‚s;bef‹z‚s;mosogat s;fûszerez‚s;B;KONYHA
Ki ¡rt ballad t Vastag Margot-r¢l?;Vlagyimir Viszockij;Arany J nos;Francois Villon;John Milton;C;IRODALOM
Melyik v rosba vezet a h¡res Golden Gate h¡d?;San Francisco;Los Angeles;Boston;New York;A;ORSZµGOK
Mit ¡t‚lnek a j t‚kvezet‹k a v¡zilabd ban, ha a j t‚kos l bbal tov bb¡tja a h l¢ba a labd t?;kidob st;g¢lt;k‚tperces ki ll¡t st;4 m‚terest;B;SPORT
Hogy nevezik azokat a fiatal fi£szerepeket, amelyeket  ltal ban sz¡n‚szn‹k j tszanak?;nyakkend‹szerep;szoknyaszerep;sapkaszerep;nadr gszerep;D;SZÖNHµZ
"""Mondottam, ember: kzdj ‚s b¡zva b¡zz l!"" Ki mondja ezt Az ember trag‚di j ban?";µd m;va;Lucifer;az ér;D;IRODALOM
Melyik h bor£ idej‚n j tsz¢dik a Hair c¡mû musical?;™b”l-h bor£;II. vil gh bor£;vietnami h bor£;koreai h bor£;C;ZENE
Mi a foglalkoz sa des Ann nak Kosztol nyi reg‚ny‚ben?;sz¡n‚szn‹;csel‚d;tan¡t¢n‹;cukorka rus;B;IRODALOM
"Mi a c¡me Gerard Philipe kalandfilmj‚nek? ""... a feles‚gem""";boszork ny;kir lyl ny;komorna;cig nyl ny;B;FILM
Melyik magyar v rosb¢l indult a 70-es ‚vek v‚g‚n az Edda egyttes?;àzd;Debrecen;Miskolc;Szolnok;C;ZENE
Kinek a mes‚i szerepelnek Offenbach oper j nak c¡m‚ben?;Andersen;La Fontaine;Hoffmann;Grimm;C;OPERA
Ki alap¡totta haz nkban az els‹ ¢vod t?;Kratochwill Georgina;M ria Ter‚zia;Brunszvik Ter‚z;Brandenburgi Borb la;C;T™RTNELEM
Milyen c¡mmel k‚sz¡tett v mp¡rfilm-par¢di t Roman Polanski?;Az ifj£ Frankenstein;Interj£ a v mp¡rral;V mp¡rok b lja;A v mp¡rok atyja;C;FILM
A felsoroltak k”zl melyik a legnagyobb magyarorsz gi sziget?;Szentendrei-sziget;Margit-sziget;àbudai-sziget;Csepel-sziget;D;F™LDRAJZ
Az al bbiak k”zl melyik egy Plautus-sz¡nmû c¡me?;A szabads gos katona;A hetvenked‹ katona;Az ¢lomkatona;A k r¢katona;B;IRODALOM
Kit kellett volna dics‹itenik a walesi b rdokban Arany vers‚ben?;Henriket;Rich rdot;Edw rdot;Gy”rgy”t;C;IRODALOM
Melyik egyttes ¡rt dalt a r di¢ h‹skor r¢l Sz¢l a r di¢ refr‚nnel?;Fonogr f;Locomotiv GT;Metro;V' Moto-Rock;B;ZENE
Milyen anyagb¢l k‚szltek a f”ldb‹l el‹kerlt h¡res k¡nai katonaszobrok?;agyagb¢l;m‚szk‹b‹l;bronzb¢l;gipszb‹l;A;µLTALµNOS
Hogy h¡vj k a f‹h‹s szolg l¢j t V”r”smarty Mih ly Csongor ‚s Tnd‚j‚ben?;Balga;Bamba;Sete;Suta;A;IRODALOM
Melyik v ros nev‚nek kezd‹betûje szerepel a FIAT aut¢gy r nev‚ben?;Torino;Alessandria;Iesolo;Firenze;A;ORSZµGOK
Hol keresztelt‚k meg J‚zust?;a N¡lusban;a Jord n foly¢ viz‚ben;a Genez reti-t¢ban;a Holt-tengerben;B;VALLµS
Mi a neve a hordozhat¢, hajl‚kony sz m¡t¢g‚pes m gneses adatt rol¢-lemeznek?;CD-ROM;szkenner;floppy disc;DVD;C;TECHNIKA
Melyik n‚met v ros jelk‚pe a Brandenburgi kapu?;Mnchen;Berlin;Drezda;Hamburg;B;ORSZµGOK
Ki volt K‹szeg v rv‚d‹inek a kapit nya?;Jurisics Mikl¢s;Bornemissza Gergely;Kinizsi P l;Klapka Gy”rgy;A;T™RTNELEM
"Kinek a z szl¢in szerepelt a ""pro libertate"" felirat?";Zr¡nyi Mikl¢s;II. R¢k¢czi Ferenc;Kossuth Lajos;Budai Nagy Antal;B;T™RTNELEM
Hogy nevezik az Egyeslt µllamok hadgyminiszt‚rium nak ‚plet‚t?;Capitolium;Pentagon;Metropolitan;Feh‚r H z;B;µLTALµNOS
Mi a paszom ny?;ruh t ”sszefog¢ kapocs;r‚gi £tlev‚l;ruh t d¡sz¡t‹ zsin¢r;magas sz r£ csizma;C;NYELV
Melyik sport gban kzdenek egym ssal a versenyz‹k fog- ‚s fejv‚d‹ben?;b¡rk¢z s;v¡v s;cselg ncs;”k”lv¡v s;D;SPORT
Ki az az ”tsz”r”s olimpiai bajnok £sz¢, aki Tarzank‚nt is ismert lett?;Mark Spitz;Matt Biondi;Mike Burton;Johnny Weissmller;D;SPORT
"Kinek tulajdon¡tjuk a mond st? ""Az  llam ‚n vagyok.""";Ferenc J¢zsef;XIV. Lajos;Nap¢leon;Cromwell;B;T™RTNELEM
Mi a gersli?;fagy”ngy;h ntolt  rpagy”ngy;diszn¢sajtf‚le;pal¢c f‹k”t‹;B;NYELV
Minek az ‚des madar r¢l ¡rt dr m t Tennesse Williams?;a v gy;az gyn”k;a boldogs g;az ifj£s g;D;IRODALOM
Mivel mutatta az utat Toldi Mikl¢s Buda fel‚ Laczfi n dornak?;vasvill val;neh‚z r£ddal;karddal;ir nytûvel;B;IRODALOM
Melyik ¢kori v rost vettek be a g”r”g”k egy fal¢ seg¡ts‚g‚vel?;Babil¢nt;Tr¢j t;R¢m t;Pergamont;B;T™RTNELEM
Melyik orsz g koronagyarmata Gibralt r?;Spanyolorsz g;Hollandia;Nagy-Britannia;Marokk¢;C;ORSZµGOK
Ki nyitott kutya-t rat a Harap utca h rom alatt a vers szerint?;Kutyaorr£ Atan z;Kutyafl Alad r;Kutyasz¡vû Balamb‚r;Kutyafejû Kelemen;B;IRODALOM
Az al bbiak k”zl melyik egy sz m¡t¢g‚pes oper ci¢s rendszer?;COS;ROM;DOS;RAM;C;µLTALµNOS
Hol van az USA els‹ sz m£ ûrrepl‚s-ir ny¡t¢ k”zpontja?;Washingtonban;Houstonban;Bostonban;Dallasban;B;ORSZµGOK
Melyik v rosban  ll az Empire State Building ‚plete?;Washington;New York;Los Angeles;Boston;B;ORSZµGOK
Melyik haj¢ matr¢zainak felkel‚s‚r‹l k‚sz¡tette klasszikus filmj‚t Szergej Eizenstein?;Aur¢ra cirk l¢;Nimitz cirk l¢;Patyomkin p nc‚los;Leningr d p nc‚los;C;FILM
Kit alak¡tott Romy Schneider a Sissi c¡mû filmben?;M ria Lujz t;Erzs‚bet kir lyn‚t;M ria Ter‚zi t;Nagy Katalin c rn‹t;B;FILM
"Mi a c¡me a Tolnay Kl ri f‹szerepl‚s‚vel k‚szlt filmv¡gj t‚knak: ""Egy cs¢k ?""";‚s egy pofon;a mennyorsz g;de csendben;‚s m s semmi;D;FILM
Az irodalom mely terlet‚n szerzett mag nak h¡rnevet Stephen King?;gyermekversek;horrork”nyvek;kir lydr m k;£tle¡r sok;B;IRODALOM
Hol van, aki l togat st tesz az alma mater‚ben?;el‹z‹ lak s ban;egykori iskol j ban;gym”lcs”skertben;a szl‹i h zban;B;NYELV
Melyik egykori gyarmatr¢l kapta nev‚t egy k rtyaj t‚k?;Szingap£r;Maka¢;Tajvan;Hongkong;B;JµTK
Hogyan fizetett, aki kont¢ra v s rolt?;k‚szp‚nzben;hitelt kapott;valut ban; rucser‚vel;B;µLTALµNOS
Melyik angol v rosb¢l indult a Beatles egyttes p lyafut sa?;Liverpool;London;Birmingham;Manchester;A;ZENE
Melyik orsz g nem tagja a Benelux  llamoknak?;Belgium;Hollandia;Luxemburg;D nia;D;ORSZµGOK
Az al bbiak k”zl melyik egy l‚tez‹ v¡zi llat neve?;batyuhal;tarisznyar k;t sk s k¡gy¢;szty‹s sir ly;B;BIOLàGIA
"H ny ""fodor van szokny mon"" a n‚pdal szerint?";7;13;20;33;B;IRODALOM
Kinek a fgg‹kertje az ¢kori h‚t csoda egyike?;Artemisz;Szemiramisz;Sziszphosz;T‚lemakhosz;B;T™RTNELEM
"Eg‚sz¡tse ki az ismert Repin-festm‚ny c¡m‚t! ""? a Volg n""";kal¢zhaj¢k;haj¢vontat¢k;haj¢vont k tal lkoz sa;modern duzzaszt¢g tak;B;KPZŠMëVSZET
Melyik majomfajta nem emberszab s£?;gorilla;or ngut n;csimp nz;mak k¢;D;BIOLàGIA
Kir‹l ¡rt sz¡nmûvet Anton Csehov?;Soiness ‚p¡t‹mesterr‹l;V nya b csir¢l;šb kir lyr¢l;Lear kir lyr¢l;B;IRODALOM
Milyen  llat a gz?;¡zeltl b£;tengeri gy¡k;mezei r gcs l¢;m‚h;C;BIOLàGIA
Hol tal lhat¢ a Sirat¢fal?;Jeruzs lemben;Betlehemben;N z retben;Tel Avivban;A;VALLµS
Ki az a magyar kir ly, aki V”r”smarty Sz‚p Ilonka c¡mû vers‚ben megjelenik?;M ty s;Zsigmond;Ferenc J¢zsef;Nagy Lajos;A;IRODALOM
Ki volt a legeredm‚nyesebb magyar amat‹r ”k”lv¡v¢?;Ged¢ Gy”rgy;Cs¡k Tibor;Kov cs Istv n;Papp L szl¢;D;SPORT
Mit neveztek r‚gen ind¢h znak?;telefonk”zpont;k‚kfest‹mûhelyt;vas£t llom st;az automobil motorj t;C;NYELV
Melyik v¡zi j rmû j tszott szerepet 1917-ben a p‚terv ri bolsevik felkel‚s kit”r‚sekor?;a Patyomkin p nc‚los;az Aur¢ra cirk l¢;a Lenin g‹zhaj¢;a Pravda torped¢rombol¢;B;T™RTNELEM
Mi a neve a lengyel parlamentnek?;szejm;knesszet;szkupstina;przemysl;A;NYELV
Hol l‹tt‚k le 1914-ben Ferenc Ferdin ndot?;Marseille-ben;Szarajev¢ban;B‚csben;Mnchenben;B;T™RTNELEM
Hogyan g£nyolt k a k”z‚pkori t”r”k”k a nem iszl m vall s£akat?;guzla;gyuvecs;gyaur;grtli;C;NYELV
A felsorolt v rosok k”zl melyikben tal lhat¢ a Fellegv r?;Esztergomban;Sz‚kesfeh‚rv rott;Gy‹r”tt;Visegr don;D;MAGYARORSZµG
Ki fedezte fel az X-sugarakat?;Henri Becquerel;Marie Curie-Sklodowska;Guglielmo Marconi;Conrad R”ntgen;D;TUDOMµNY
Mivel t pl lkozik a selyemlepke herny¢ja?;a k¡nafa k‚rg‚vel;a tamariszkusz level‚vel;v¡zigeszteny‚vel;a feh‚r eperfa level‚vel;D;BIOLàGIA
A Heti hetes melyik k”zremûk”d‹je volt m r sz¡nh zigazgat¢?;Bajor Imre;Verebes Istv n;G lv”lgyi J nos;Farkash zy Tivadar;B;SZÖNHµZ
Melyik bagolyfajta latin nev‚t kapta a rajzfilmh‹s dr. Bubo?;sarki bagoly;kuvik;uhu;b£bos bagoly;C;BIOLàGIA
Kihez ment k‚tszer is f‚rjhez Elizabeth Taylor?;Eddie Fischer;Richard Burton;Laurence Olivier;Clark Gable;B;FILM
Melyik k rtyalap szerepel egy Puskin-mû c¡m‚ben?;treff  sz;k‹r kir ly;pikk d ma;k r¢ bubi;C;IRODALOM
Az al bbi v rosok k”zl melyik nem megyesz‚khely?;Szeksz rd;Tatab nya;Esztergom;Salg¢tarj n;C;F™LDRAJZ
Ki volt n‚metalf”ldi az al bbi fest‹k k”zl?;Turner;Goya;Gauguin;Rembrandt;D;KPZŠMëVSZET
Ki volt a magyar-szovjet ûrrepl‚s tartal‚k ûrhaj¢sa?;Grandpierre Attila;Magyari B‚la;Veres Ferenc;T¢th Imre;B;µLTALµNOS
Melyik gym”lcs terem p lmaf n az al bbiak k”zl?;ban n;citrom;datolya;fge;C;BIOLàGIA
Mi a nemzetk”zi m‚rt‚kegys‚grendszer k”zismert r”vid¡t‚se?;SI;NM;IS;INS;A;TUDOMµNY
Minek az istene volt Poszeid¢n a g”r”g mitol¢gi ban?;a kov csmûvess‚g;a tenger;a bor;a b”lcsess‚g;B;VALLµS
Mivel t pl lkozik a folyton r gcs l¢ koala?;bambusszal;eukaliptuszlev‚llel;cukorr‚p val;k¢kusszal;B;BIOLàGIA
Minek az ostrom r¢l ¡rt reg‚nyt Miksz th K lm n?;Dr‚gely;Eger;Beszterce;Szigetv r;C;IRODALOM
Melyik kir lyunk feles‚ge volt Beatrix?;II. Lajos;M ty s;Szent Istv n;K roly R¢bert;B;T™RTNELEM
Mi a gy szmise k”zismert elnevez‚se?;kyrie;tedeum;missa solemnis;rekviem;D;VALLµS
Melyik fa term‚se a magyar k rtya egyik sz¡ne?;feny‹fa;di¢fa;mandula;t”lgyfa;D;JµTK
Kit akart felk”ttetni Edward kir ly Arany J nos ballad j ban?;a walesi b rdokat;Montgomeryt;a lord-majort;a vis majort;C;IRODALOM
Melyik orsz g nem balti  llam?;sztorsz g;Lettorsz g;Litv nia;Gr£zia;D;ORSZµGOK
Milyen sz¡n nincs Az ember trag‚di j ban?;egyiptomi;r¢mai;ath‚ni;perzsa;D;IRODALOM
Az al bbiak k”zl melyik nem borfajta?;bikav‚r;Kocsis Ir‚n;szrkebar t;szamorodni;B;KONYHA
Melyik vadon ‚l‹  llat n‹st‚ny‚t nevezzk sut nak?;m¢kus;‹z;strucc;zerge;B;BIOLàGIA
Mely orsz g nemzeti h‹se Tell Vilmos?;Franciaorsz g;Sk¢cia;Sv jc;Hollandia;C;ORSZµGOK
Hogyan nevezik Hitler 1923-as puccsk¡s‚rlet‚t?;borpuccs;s”rpuccs;rumpuccs;snapszpuccs;B;T™RTNELEM
Hogyan sz¢l Chaucer f‹ mûv‚nek a c¡me?;Varj£dombi mes‚k;Canterbury mes‚k;Hoffmann mes‚i;R‚musz b csi mes‚i;B;IRODALOM
Milyen sz rmaz s£ volt Bem J¢zsef?;lengyel;horv t;osztr k;sz sz;A;T™RTNELEM
Milyen napszak van, ha odakinn pitymallik?;d‚lut n;d‚lel‹tt;hajnal;‚jf‚l;C;µLTALµNOS
"Mi a c¡me Lloyd Webber musicalj‚nek: ""J¢zsef ‚s a sz¡nes, sz‚lesv szn£ ?""";filmkocka;telev¡zi¢; lomkab t;csodasaru;C;ZENE
"Minek az ""orsz ga"" szerepel Leh r Ferenc operettj‚nek c¡m‚ben?";a mosoly;a szerelem;az amazonok;a k”nnyek;A;OPERA
Hogyan d”ntik el a sakkj t‚kosok, hogy ki l‚pi a nyit¢l‚p‚st?;mindig a s”t‚t;megegyez‚s szerint;mindig a vil gos;p‚nzfeldob ssal;C;JµTK
Melyik v ros kor bbi neve volt éj Amszterdam?;Canberra;Buenos Aires;Los Angeles;New York;D;ORSZµGOK
"Melyik magyar ‚nekesn‹ ¡rta ‚s dalolta, hogy ""Nem vagyok ‚n ap ca""?";Zalatnay Sarolta;Szûcs Judit;Kov cs Kati;Cserh ti Zsuzsa;A;ZENE
Melyik szervnk termeli az ep‚t?;vese;m j;l‚p;td‹;B;BIOLàGIA
Az al bbiak k”zl melyik orsz g v lt¢p‚nze a centime?;Belgium;Egyiptom;Finnorsz g;Bulg ria;A;ORSZµGOK
A Biblia szerint ki mosta kezeit J‚zus el¡t‚l‚sekor?;Pontius Pil tus;Kajaf s;J£d s;Her¢des;A;VALLµS
"""Van neki, na mije van neki?"" F‚nyes Szabolcs dala szerint?";pisze orra;cs¢kos ajka;sz”szi haja;arany sz¡ve;C;ZENE
Melyik orsz g San Marino egyetlen szomsz‚dja?;Franciaorsz g;Spanyolorsz g;Olaszorsz g;Sv jc;C;F™LDRAJZ
Melyik egyttes ‚nekelt Lady Madonn r¢l 1968-ban?;Bee Gees;Beatles;Rolling Stones;Who;B;ZENE
Melyik ‚tel v laszt‚kos elnevez‚se a serpeny‹s burgonya?;krumplif‹zel‚k;rakott krumpli;paprik s krumpli;krumplis l ngos;C;KONYHA
Kinek a tervei szerint k‚szlt az els‹ hazai villamos¡tott vas£tvonal?;Kand¢ K lm n;Ganz µbrah m;B nki Don t;Jedlik µnyos;A;MAGYARORSZµG
Melyik h¡res detekt¡v nyomoz a Gyilkoss g az Orient expresszen c¡mû klasszikus filmben?;Sherlock Holmes;Philip Marlowe;Hercule Poirot;Sam Spade;C;FILM
Mi a neve a Pinokki¢t k‚sz¡t‹ ”reg mesternek?;Dzsuzeppe;Dzsepetto;Dzsov nni;Dzs nk rl¢;B;IRODALOM
Az al bbiak k”zl melyik egy Fekete Istv n-mû c¡me?;Rig¢j rta berek;Napf‚nyes berek;T‚li berek;Illa berek;C;IRODALOM
Kit neveznek kalapos kir lynak?;Ferenc J¢zsefet;IV. K rolyt;II. J¢zsefet;I. Lip¢tot;C;T™RTNELEM
Hol ‚lt a hiedelem szerint Drakula gr¢f?;Olaszorsz gban;Havasalf”ld”n;Szerbi ban;Sk¢ci ban;B;µLTALµNOS
Mivel foglalkozik az az ember, akit r‚giesen fr¡z‹rnek h¡vnak?;dombormûvek ‹rz‚s‚vel;hajv g ssal;m‚lyhût‚ssel;z”lds‚g rus¡t ssal;B;NYELV
Milyen n‚ven v lt h¡ress‚ Karol Wojtyla?;Fr‚d‚ric Chopin;Nikolausz Kopernikusz;II. J nos P l p pa;Henryk Sienkiewicz;C;µLTALµNOS
Mib‹l k‚szl az ‚leszt‹?;gomb kb¢l;alg kb¢l;bakt‚riumokb¢l;moh kb¢l;A;BIOLàGIA
"Hupik‚k szavunk a ""hup l"" sz¢b¢l sz rmazik. Mit jelentett vajon?";hull mzik;szilv t szed;t-ver;husz rnak  ll;C;NYELV
Milyen foglalkoz st ûz a Sose halunk meg c¡mû magyar v¡gj t‚k f‹h‹se?;£ri szab¢;v llfa rus;zsok‚;disc-jockey;B;FILM
"Minek az ""¡ze"" szerepel Szab¢ Istv n filmj‚nek c¡m‚ben?";a napf‚ny;a holdsug r;a sziv rv ny;az ambr¢zia;A;FILM
Melyik sport g szakkifejez‚se a bodicsek?;kos rlabda;j‚gkorong;gyeplabda;”k”lv¡v s;B;SPORT
Tolvajnyelven mit csin l a rend‹rs‚gen az, aki vallom st tesz a t rsai ellen?;kr kog;prszk”l;tsszent;k”h”g;D;NYELV
Milyen c¡mmel indult Komj thy Gy”rgy r di¢mûsora 1965-ben?;™t¢rai tea;™t”dik sebess‚g;Csak fiataloknak;Bel‚p‚s csak tornacip‹ben;C;µLTALµNOS
Mely macskaf‚le p‚ld nyai ‚lnek szabadon is Eur¢p ban?;tigris;oroszl n;hi£z;mong£z;C;BIOLàGIA
Milyen nemzetis‚gû, akit a n‚pnyelv poly knak nevez?;szlov k;lengyel;osztr k;orosz;B;NYELV
Melyik v ros Somogy megye sz‚khelye?;Szeksz rd;Somogyv r;Marcali;Kaposv r;D;F™LDRAJZ
"Eg‚sz¡tse ki az ismert ifj£s gi reg‚ny c¡m‚t! ""? ‚s csapata""";Nyilas Misi;µts Feri;Timur;Timur Lenk;C;IRODALOM
"Hogyan folytat¢dik a dal? ""K”sz”n”m, hogy im dott, hogy ?""";sohasem hib zott;az ablakon bem szott;tegezett, nem mag zott;re m ¡gy vigy zott;D;ZENE
Melyikre haszn lt k a biga kifejez‚st az ¢kori r¢maiak az al bbiak k”zl?;evez‹s haj¢;k‚tkerekû kocsi;fiatal szolg l¢l ny;t”bbnejû g”r”g;B;NYELV
Melyik ruhadarab neve jel”li a gomb k egyik csal dj t?;k”dm”n;kucsma;kapca;cs k¢;B;BIOLàGIA
A magyar k rtya melyik  sz n l that¢ a ny r szimb¢luma?;piros;makk;z”ld;t”k;D;JµTK
Melyik irodalmi h‹s k”t szerz‹d‚st Mephist¢val?;Phaedra;Faust;Rastignac;Raszkolnyikov;B;IRODALOM
Mire haszn lt k el‹deink a cvikkert?;f‹z‚sre;vil g¡t sra;l t sjav¡t sra;gy¢gyszerk‚nt;C;µLTALµNOS
"""Az angol, aki dombra ment fel, ?"" Hogy folytat¢dik Hugh Grant filmj‚nek c¡me?";‚s ott ragadt;de l b t t”rte;de hegyr‹l j”tt le;‚s megn‹slt;C;FILM
Mit csin l a szak cs a h£ssal, amikor irdalja?;p colja;ledar lja;bevagdalja;bund zza;C;KONYHA
Ki volt Csokonai vers‚nek a p‚nzt mindenn‚l jobban szeret‹ h‹se?;Pat¢ P l;F”sv‚ny b tya;Zsugori uram;Kapzsi Jan¢;C;IRODALOM
Milyen sz¡nû a legt”bb taxi New Yorkban?;fekete;piros;feh‚r;s rga;D;µLTALµNOS
Kit tiszteltek a tûzolt¢k v‚d‹szentjkk‚nt?;Szent R¢kust;Szent Bal zst;Szent Fl¢ri nt;Szent Gy”rgy”t;C;VALLµS
Melyik az a m‚rtani test, amelynek minden pontja egyenl‹ t vols gra van a k”z‚ppontt¢l?;kocka;g”mb;t‚glatest;henger;B;TUDOMµNY
A h¢nap melyik r‚sze a h¢nap idusa?;az eleje;a v‚ge;a k”zepe;a holdsarl¢ els‹ napja;C;µLTALµNOS
Melyik nem Sz‚chenyi Istv n mûve?;Hitel;Vil g;St dium;Kamat;D;T™RTNELEM
Melyik betegs‚g r‚gies elnevez‚se a s pk¢r?;himl‹;gyomorfek‚ly;v‚rszeg‚nys‚g;epilepszia;C;BIOLàGIA
Melyik az Amerikai Egyeslt µllamok fizet‹eszk”ze?;cent;pfennig;piaszter;centime;A;ORSZµGOK
Melyik foly¢ partj n fekszik Baja v rosa?;Dr va;Tisza;Maros;Duna;D;F™LDRAJZ
Kinek a s¡reml‚ke tal lhat¢ az egri v rban?;T”m”rk‚ny Istv n;G rdonyi G‚za;Br¢dy S ndor;M¢ra Ferenc;B;IRODALOM
Melyik szervnk mûk”d‚s‚r‹l t j‚koztat az elektrokardiogram?;td‹;agy;gyomor;sz¡v;D;BIOLàGIA
Hogy nevezik az indiai eredetû medit ci¢s ‚s testgyakorlatokat?;karate;j¢ga;dzsud¢;tekvando;B;µLTALµNOS
Mely ‚gitestek  llnak izz¢ g zokb¢l?;a holdak;a kisbolyg¢k;a csillagok;a fekete lyukak;C;TUDOMµNY
Kinek ¡rta Tatjana h¡res level‚t?;Anyeginnek;Puskinnak;Lenszkijnek;II. Mikl¢s c rnak;A;IRODALOM
"A h‚t melyik napj r¢l ¡rt ""szomor£"" dalt Seress Rezs‹ a 30-as ‚vekben?";a szombatr¢l;a vas rnapr¢l;a h‚tf‹r‹l;a szerd r¢l;B;ZENE
Mivel j tssz k a tarokk nevû j t‚kot?;k rty val;kock val;domin¢val;sakkb b£val;A;JµTK
Az al bbiak k”zl mi kapcsol¢dik Louis Braille nev‚hez?;az elektrokardiogr f;a vak¡r s;a nagy francia forradalom;az internet;B;µLTALµNOS
Milyen r‚gi magyar m‚rt‚kegys‚g volt a r‹f?;t‚rfogategys‚g;hosszm‚rt‚k;terletm‚rt‚k;t”megegys‚g;B;µLTALµNOS
Mely romv r b£s dled‚keir‹l ¡rt halhatatlan sorokat K”lcsey Ferenc?;Dr‚gely;Szendr‹;Huszt;Sikl¢s;C;IRODALOM
Ki nyerte meg 2000-ben a Forma 1-es aut¢verseny vil gbajnoki c¡m‚t?;David Coulthard;Mika Hakkinen;Ralf Schumacher;Michael Schumacher;D;SPORT
Mi a sz¢noklattan k”zismert neve?;grammatika;retorika;ezoterika;gimnasztika;B;NYELV
Kinek a mûv‚b‹l k‚szlt Dargay Attila L£das Matyi c¡mû rajzfilmje?;Pet‹fi S ndor;Arany J nos;Csokonai Vit‚z Mih ly;Fazekas Mih ly;D;IRODALOM
Melyik nagy k”lt‹nk szerelme volt Brll Ad‚l?;J¢zsef Attila;Babits Mih ly;Kosztol nyi Dezs‹;Ady Endre;D;IRODALOM
Ki az a gerilla?;t”rzsi var zsl¢; llatidom r;fegyveres felkel‹;p‚nzsz ll¡t¢;C;µLTALµNOS
"Melyik egyttes ‚nekelte, hogy : ""Az ‚sz a fontos, nem a haj""?";Bergendy;Ill‚s;Omega;Hung ria;B;ZENE
"Mi a c¡me Louis de Funes v¡gj t‚k nak: ""Horg sz a ?""";s sban;p cban;zs kban;sz kban;B;FILM
Mit csin l a h£ssal a szak cs, amikor sp‚keli?;megtûzdeli;bund zza;felszeleteli;ledar lja;A;KONYHA
Melyik sport gban szerzett ezst‚rmet M rkus Erzs‚bet a sydneyi olimpi n?;sportl”v‚szetben;cselg ncsban;s£lyemel‚sben;v¡v sban;C;SPORT
Az al bbiak k”zl melyik egy ‚tel elnevez‚se?;r ntott libatoll;t”lt”tt libanyak;slt libacs‹r;megh£zott libafl;B;KONYHA
Melyik orsz g nyerte a legt”bb arany‚rmet a sydneyi olimpi n?;Ausztr lia;Oroszorsz g;Amerikai Egyeslt µllamok;K¡na;C;SPORT
Milyen madarak a l¢rik?;kolibrik;papag jok;galambok;sir lyok;B;BIOLàGIA
Melyik  llatot nevezi a n‚pnyelv g”b”lynek?;‹szi legyet;hizlalt ”kr”t;h¡m g¢ly t;kis kecsk‚t;B;NYELV
Milyen  llatokkal utazott Nils Holgersson?;fecsk‚kkel;sir lyokkal;keselyûkkel;ludakkal;D;IRODALOM
Mi a kvaz r?;kvarck‹zet;csillagszerû r di¢forr s;alb n piac;kihalt vadl¢;B;NYELV
Melyik csapatsportot j tssz k toj s alak£ labd val?;kos rlabda;lovasp¢l¢;r”gbi;gyeplabda;C;SPORT
Melyik kik”t‹v ros nem a F”ldk”zi-tenger partj n fekszik?;Marseille;Calais;Haifa;Tripoli;B;F™LDRAJZ
Mi a c¡me Szab¢ Magda le nyiskol ban j tsz¢d¢ ismert mûv‚nek?;Alexandra;Anna;Abig‚l;Abis g;C;IRODALOM
Ki Balga szerelme a Csongor ‚s Tnd‚ben?;Vilma;Irma;Ilma;Hilda;C;IRODALOM
Mi a r¢mai neve a kecskebak form j£, emberhez hasonl¢ f‚listennek?;f tum;f rosz;faun;faust;C;VALLµS
Az al bbi helysz¡nek k”zl hol tal lkozhatunk egy jakkal?;a pr‚rin;Tibetben;az Amazonasban;a d‚li sarkvid‚ken;B;BIOLàGIA
Ki volt az 1968-as Ki mit tud? vet‚lked‹j‚nek parodista gy‹ztese?;Maksa Zolt n;G lv”lgyi J nos;Markos Gy”rgy;Kern Andr s;B;µLTALµNOS
Milyen asszonyr¢l ‚nekelt a Lokomot¡v GT?;hûtlen;sz‚p;k‚k;”zvegy;C;ZENE
"Mi a neve a B nk b n intrik l¢ ""l‚zeng‹ ritter‚nek""?";Solom;Pet£r;Biberach;Tiborc;C;IRODALOM
Melyik mai  llam terlet‚n l that¢ Munk cs v ra?;Ukrajna;Szlov kia;Horv torsz g;Rom nia;A;MAGYARORSZµG
Minek az olt s hoz haszn lj k az olt¢vessz‹t?; llatok;m‚sz;tûz;n”v‚nyek;D;µLTALµNOS
Kinek a nyak‚k‚r‹l sz¢l id. Alexandre Dumas ismert mûve?;a kir lyn‚;a szat¢csfeles‚g;a toszk n ‚kszer‚sz;a n‚gy musk‚t s;A;IRODALOM
A felsoroltak k”zl melyik nem Beatles-nagylemez?;Flowers;Help;Let It Be;A Hard Day's Night;A;ZENE
J‚zus melyik tan¡tv ny ra illik a hitetlen jelz‹?;Andr sra;Tam sra;P‚terre;M t‚ra;B;VALLµS
Melyik szigeten mûk”dik az Etna vulk nja?;Korzika;Szic¡lia;Szard¡nia;Ciprus;B;F™LDRAJZ
Hogy nevezik a feh‚r ‚s fekete szl‹k h zass g b¢l szletett ut¢dot?;mulatt;mesztic;zamb¢;kreol;A;µLTALµNOS
Mi a bronchitis magyar elnevez‚se?;b r nyhiml‹;vakb‚lgyullad s;farkasvaks g;h”rghurut;D;BIOLàGIA
Kinek a l togat sa szerepel Drrenmatt ismert dr m j nak c¡m‚ben?;a fiatal le ny;az ifj£ leg‚ny;az ”reg h”lgy;az ‚ltes £r;C;IRODALOM
Mi t madott f”l az ismert Pet‹fi-vers szerint?;a forradalom szele;a nemzet lelkiismerete;a n‚pek tengere;a szabads g eml‚ke;C;IRODALOM
Melyik orsz gban alakult meg a Szolidarit s nevû szakszervezeti mozgalom?;Lengyelorsz g;N‚metorsz g;Franciaorsz g;Jugoszl via;A;T™RTNELEM
Milyen az ”szt”v‚r ember?;alacsony, k”pc”s;makacs, ”nfejû;hirtelen harag£;magas, v‚kony;D;NYELV
"Melyik ‚nekes nyerte meg a t ncdalfesztiv lt ""Sz¢ljon hangosan az ‚nek"" c¡mû dal val?";M t‚ P‚ter;Sz‚csi P l;Solt‚sz Rezs‹;Delhusa Gjon;C;ZENE
Honnan kapta a c¡m‚t Picasso Guernica c¡mû k‚pe?;egy sz¡n rnyalatr¢l;egy v rosr¢l;egy balett-t ncosn‹r‹l;egy mec‚n s l ny r¢l;B;KPZŠMëVSZET
Melyik orsz g parlamentje a Hur l?;Tadzsikiszt n;Mong¢lia;Malajzia;szak-Korea;B;ORSZµGOK
Milyen vir g szerepel Alain Delon 1963-as kalandfilmj‚nek c¡m‚ben?;s rga r¢zsa;arany liliom;fekete tulip n;k‚k ibolya;C;FILM
Milyen tan r £r szerepel a M¢ra Ferenc reg‚ny‚b‹l k‚szlt film c¡m‚ben?;Nagy S ndor;Bonaparte;Hannib l;Spartacus;C;FILM
Milyen ‚tel a gofri?;t”r”k rabl¢h£s;amerikai palacsinta;francia hagymaleves;angol b‚lsz¡n;B;KONYHA
Milyen  llat volt az iguanodon?;kutya;dinoszaurusz;nagymacska;cet;B;BIOLàGIA
Kit neveztek r‚gen fisk lisnak?;tan¡t¢t;gyv‚det;jegyz‹t;sekresty‚st;B;NYELV
"Melyik uralkod¢i csal dba tartozott a ""Dobzse"" mell‚kn‚vvel illetett kir lyunk?";µrp d-h z;Jagell¢-h z;Anjou-h z;Habsburg-h z;B;T™RTNELEM
Milyen  llatfajta a mamba?;majom;antilop;k¡gy¢;delfin;C;BIOLàGIA
Melyik orsz g polg rjogi mozgalm nak volt vezet‹je Martin Luther King?;D‚l-afrikai K”zt rsas g;Egyeslt µllamok;Belga-Kong¢;Kuba;B;T™RTNELEM
Melyik h¡res fest‹nek volt k‚k ‚s r¢zsasz¡n korszaka?;Chagallnak;Dalinak;Picass¢nak;Braque-nak;C;KPZŠMëVSZET
Mi a nevk a g”r”g mitol¢gia egyszemû ¢ri sainak?;p rk k;kklopszok;phai kok;argonaut k;B;VALLµS
Kik t madt k meg Pearl Harbor v ros t 1941 december‚ben?;jap nok;n‚metek;oroszok;olaszok;A;T™RTNELEM
Mi n‚lkl nem ‚lhetett M¢ricz a reg‚nyc¡m alapj n?;asszony;h‚t krajc r;muzsikasz¢;£ri muri;C;IRODALOM
"Mi a neve Pet‹fi ""Az apostol"" c¡mû mûv‚ben szerepl‹ ifj£ forradalm rnak?";Maximilien;Oliver;Saul;Szilveszter;D;IRODALOM
Ki a v‚res k”lt‹ Kosztol nyi reg‚ny‚ben?;D' Annunzio;Nero;Danton;Dante;B;IRODALOM
"Milyen ""n tha"" szedett  ldozatokat a vil gon az 1910-es ‚vek v‚g‚n?";olasz;francia;magyar;spanyol;D;µLTALµNOS
Milyen sportol¢ ‚let‚r‹l sz¢l a Dh”ng‹ bika c¡mû film?;torre dor;aut¢versenyz‹;birk¢z¢;bokszol¢;D;FILM
Ki volt Enrico Caruso?;aut¢versenyz‹;opera‚nekes;szobr sz;filmrendez‹;B;µLTALµNOS
Az Aranycsapat melyik tagj t bec‚zt‚k Cucunak?;Zakari s J¢zsefet;Budai II L szl¢t;Kocsis S ndort;Bozsik J¢zsefet;D;SPORT
Mi Shakespeare R¢me¢j nak csal di neve?;Escalus;Benvolio;Capulet;Montague;D;IRODALOM
Melyik hangszer k‚szlhet cser‚pfaz‚k sz j ra fesz¡tett diszn¢h¢lyagb¢l?;t rogat¢;k”cs”gduda;nyenyere;cimbalom;B;µLTALµNOS
Mit csin lnak a jap nok a szak‚val?;olvass k;megissz k;sz molnak vele;utaznak rajta;B;NYELV
Milyen szelek szerepelnek Emily Bronte reg‚ny‚nek c¡m‚ben?;f‚nyes;tombol¢;v”lt‹;suttog¢;C;IRODALOM
Milyen v r szerepel J¢kai M¢r reg‚ny‚nek c¡m‚ben?;k¡s‚rtetlakta;n‚vtelen;tske;homok;B;IRODALOM
Ki volt a rendszerv lt st k”zvetlenl megel‹z‹ korm ny minisztereln”k?;Szûr”s M ty s;Gr¢sz K roly;N‚meth Mikl¢s;Pozsgay Imre;C;T™RTNELEM
Ki irgalmas a bibliai p‚ld zat szerint?;a farizeus;a szamarit nus;a l‚vita;a szaddoceus;B;VALLµS
Kinek a meg ll¡t s ra sz¢l¡t fel minket Bertolt Brecht darabj nak c¡me?;Godot;Arturo Ui;a kopasz ‚nekesn‹;a szecsu ni j¢l‚lek;B;IRODALOM
Kir‹l neveztek el haz nkban egy szak llt¡pust?;Arany J nos;De k Ferenc;Kossuth Lajos;Mad ch Imre;C;µLTALµNOS
Mi a mûfaja Offenbach Sz‚p Hel‚na c¡mû sz¡npadi mûv‚nek?;opera;operett;balett;trag‚dia;B;MëVSZET
Melyik orsz g kir lyn‹je volt a 16. sz zadban Stuart M ria?;Anglia;Sk¢cia;Franciaorsz g;Örorsz g;B;T™RTNELEM
Az al bbi mûv‚szeti  gak k”zl melyiket gyakorolta Josephine Baker?;k”lt‚szet;t nc;szobr szat;fest‚szet;B;MëVSZET
Mely n‚p vagy n‚pcsoport nacionalista, fegyveres szervezete az ETA?;¡r;baszk;palesztin;tamil;B;µLTALµNOS
Mi a neve a Gorcsev Iv nt helyettes¡t‹ botcsin lta l‚gi¢snak a Rejt‹-reg‚nyben?;Senki Alfonz;Tusk¢ Hopkins;Vanek £r;Troppauer Hm‚r;C;IRODALOM
Milyen tulajdons g£ vagy k‚pess‚gû embert neveztek r‚gen bûb josnak?;k‚tsz¡nût;nagy k‚pzel‹erejût;var zserejût;csinosat;C;NYELV
Melyik megy‚nkben tal lhat¢ Lakitelek?;J sz-Nagykun-Szolnok;B cs-Kiskun;Csongr d;B‚k‚s;B;F™LDRAJZ
Ki nem volt soha tagja a legend s Aranycsapatnak az al bbiak k”zl?;Kocsis S ndor;L¢r nt Gyula;Nov k Dezs‹;Zakari s J¢zsef;C;SPORT
"Mi a c¡me Andrzej Wajda h¡res filmj‚nek: ""? ‚s gy‚m nt""";S r;Por;Hamu;Vas;C;FILM
Milyen Shakespeare-r‹l sz¢l az Oscar-d¡jas v¡gj t‚k a film c¡me szerint?;szellemes;fllent‹;szerelmes;William;C;FILM
Milyen j t‚k gy rt s val foglalkozott Ferdinand Piatnik?;sakk;porcel nbaba;k rtya;¢lomkatona;C;JµTK
Az al bbiak k”zl melyik volt Pallasz Ath‚n‚ szent  llata?;bagoly;ny£l;sas;macska;A;VALLµS
A talpraesett ember ‚rti a cs¡zi¢t. Mit jelentett eredetileg a cs¡zi¢ sz¢?;‚nekesmadarat;verses napt rt;ragaszt¢kever‚st;mulatoz st;B;NYELV
Melyik orsz g nem szomsz‚dja Csehorsz gnak?;Ausztria;Lengyelorsz g;Ukrajna;Szlov kia;C;F™LDRAJZ
Kit tiszteltek az ¢kori g”r”g”k Th lia szem‚ly‚ben?;m£zs t;het‚r t;szir‚nt;h rpi t;A;VALLµS
Mi a triangulum?;t‹hangszer;h roml b£ sz‚k;h rmaskereszt;t”rv‚nygyûjtem‚ny;A;NYELV
Melyik k‚miai elem vegyjele az Ag?;argon;arany;vas;ezst;D;TUDOMµNY
Melyiket nevezt‚k masam¢dnak az al bbiak k”zl?;pr‚mvad szt;mos¢medv‚t;kalaposl nyt;h¢dot;C;NYELV
Hol szletett Bonaparte Nap¢leon?;Alepp¢ban;Ajacci¢ban;Assisiben;Arezz¢ban;B;T™RTNELEM
Milyen ‚plet a londoni Big Ben?;v s rcsarnok;v¡ztorony;b”rt”n;harangtorony;D;ORSZµGOK
Melyik v ros nevezetess‚ge a Tretyakov K‚pt r?;Szentp‚terv r ;Moszkva;Vars¢;Krakk¢;B;KPZŠMëVSZET
Az al bbiak k”zl melyik egy Jack London-reg‚ny c¡me?;A csend hangja;A dzsungel k”nyve;A vadon szava;Az erd‹ kapit nya;C;IRODALOM
Melyik orsz g z szlaj ban l that¢ feh‚r alapon v”r”s korong?;K¡na;Kanada;Jap n;Braz¡lia;C;ORSZµGOK
Melyik mad r ‚geti el mag t, majd szletik £jj  ”tsz z ‚venk‚nt a hiedelem szerint?;griff;f‹nix;turul;falkon;B;VALLµS
Melyik egy k”nnyû ny ri kalap neve?;palmyra;pam¡r;panama;pandzs b;C;µLTALµNOS
Minek az istene volt H‚liosz a g”r”g mitol¢gi ban?;a Holdnak;a Napnak;a szeleknek;a tengereknek;B;VALLµS
Hogy nevezt‚k az ‹si term‚szeti vall sokban a tilalmat?;tabu;totem;mana;m gia;A;µLTALµNOS
Hogyan szok s Shakespeare-t nevezni?;a stratfordi trubad£r;a veronai szerelmes;az avoni hatty£;a londoni oroszl n;C;IRODALOM
Az al bbiak k”zl melyik mesters‚ges nyelv?;gael;kopt;ido;csukcs;C;NYELV
Mi a neve B nk b n feles‚g‚nek a dr m ban?;Gertr£d;Melinda;Gizella;Izabella;B;IRODALOM
Mit csin l az, aki lobbizik?;ritka sportot ûz;szenved‚lyesen gyûjt valamit;l¢versenyre j r;‚rdekeket k‚pvisel;D;NYELV
Mi a vecsernye?;h£s‚tel;esti ima;gyomn”v‚ny;f‚mszersz m;B;NYELV
Kinek az udvar t sz ntom fel a n‚pk”lt‚s szerint?;a b¡r¢‚t;a bab m‚t;a cs sz r‚t;az isp n‚t;C;IRODALOM
Ki volt Jugoszl via k”zt rsas gi eln”ke 1953 ‚s 1980 k”z”tt?;Todor Zsivkov;Josip Broz Tito;Szlobodan Milosevics;Franjo Tudjman;B;T™RTNELEM
Hogyan szok s nevezni a boszork nyok ‚jszakai tivorny j t?;boszork nyh‚tf‹;boszork nyszerda;boszork nycst”rt”k;boszork nyszombat;D;µLTALµNOS
Melyik megy‚nkben tal lhat¢ Moh cs?;Somogy;Baranya;Csongr d;Fej‚r;B;F™LDRAJZ
Melyik f”ldr‚szen tal lhat¢ a Kilimandzs r¢ nevû hegys‚g?;Afrika;D‚l-Amerika;µzsia;Ausztr lia;A;F™LDRAJZ
Mib‹l k‚szl a hecsedlilekv r?;szilv b¢l;csipkebogy¢b¢l;eperb‹l;m ln b¢l;B;KONYHA
Ki keveredik kalandokba Arthur kir ly udvar ban Mark Twain reg‚ny‚ben?;egy talj n;egy jenki;egy burkus;egy hisp n;B;IRODALOM
Mi a c¡me V mos Mikl¢s k”zelm£ltban megjelent k”nyv‚nek?;Ap ink reg‚nye;Ap k k”nyve;Apa csak egy van;Ap k ‚s fi£k;B;IRODALOM
Mi a hidrog‚n-klorid vizes oldat nak k”znapi neve?;konyhas¢;sal‚tromsav;s¢sav;hangyasav;C;TUDOMµNY
Milyen ruhadarab szerepel Gogol 1842-es, ismert novell j nak c¡m‚ben?;kalap;k”nt”s;k”p”nyeg;kam sni;C;IRODALOM
Kinek a feles‚ge volt Boncza Berta?;Arany J nos;Babits Mih ly;J¢kai M¢r;Ady Endre;D;IRODALOM
Mit eszik, aki s¢dart falatozik?;£jhagym t;rozskenyeret;fst”lt h£st;p colt halat;C;KONYHA
Melyik szervnknek van k‚t pitvara ‚s k‚t kamr ja?;td‹;sz¡v;vese;agy;B;BIOLàGIA
Milyen ‚p¡tm‚ny a trbe?;arab iskola;s¡reml‚k;frd‹;¢ratorony;B;PÖTSZET
Milyen ‚p¡tm‚ny volt az ¢kori R¢m ban a Cloaca Maxima?;cirkusz;szennyv¡zcsatorna;k”nyvt r;padl¢fût‚s-rendszer;B;T™RTNELEM
Hol tette le a fegyvert 1711-ben a kuruc sereg?;B‚cs£jhelyn‚l;a majt‚nyi s¡kon;Kolozsv rn l;V radn l;B;T™RTNELEM
"Melyik a h‚t ""szent napja"" a zsid¢ vall sban?";a vas rnap;a szombat;a szerda;a kedd;B;VALLµS
Kik a Pom d‚ c¡mû zen‚s film f‹h‹sei?;katon k;gimnazist k;egyetemist k;fodr szok;B;FILM
Ki j tszotta az nek az es‹ben c¡mû zen‚s film f‹szerep‚t?;Fred Astaire;Gene Kelly;Tony Curtis;John Travolta;B;FILM
Melyik j t‚kban haszn lj k a karamb¢l kifejez‚st?;sakk;p¢ker;bili rd;domin¢;C;JµTK
Melyik orsz ghoz tartozik Capri szigete?;Franciaorsz g;Olaszorsz g;G”r”gorsz g;Spanyolorsz g;B;F™LDRAJZ
H ny ajt¢t nyit ki Judit Bart¢k B‚la A k‚kszak ll£ herceg v ra c¡mû oper j ban?;h rmat;hetet;tizet;tizenh rmat;B;OPERA
Melyik volt egy gyakori k”z‚pkori ad¢fajta az al bbiak k”zl?;p raad¢;k”dad¢;fstad¢;harmatad¢;C;T™RTNELEM
H ny h£rja van a hegedûnek?;4;5;6;8;A;OPERA
Milyen c¡mmel ¡rt reg‚nyt Karinthy Ferenc?;R¢mai ny r;P rizsi ‹sz;P‚terv ri t‚l;Budapesti tavasz;D;IRODALOM
Melyik mûv‚szeti terleten tev‚kenykedett Borsos Mikl¢s?;komolyzene;szobr szat;n‚pt nc;klasszikus balett;B;MëVSZET
Mi az id‹ jele a fizik ban?;s;t;r;i;B;TUDOMµNY
Hogyan ¡rjuk helyesen a k”vetkez‹ sz¢t a magyar helyes¡r s szab lyai szerint?;milenium;millenium;milennium;millennium;D;NYELV
Melyik bibliai szerepl‹r‹l ‚s testv‚reir‹l ¡rt reg‚nyt Thomas Mann?;No‚r¢l;J¢zsefr‹l;D vidr¢l;Ill‚sr‹l;B;IRODALOM
Minek a r”vid¡t‚se volt a Monarchia idej‚n haszn lt k. u. k. kifejez‚s?;osztr k ‚s magyar;konzervat¡v ‚s polg ri;szabad ‚s egyenl‹;cs sz ri ‚s kir lyi;D;T™RTNELEM
Mi Horv torsz g f‹v rosa?;Split;Z gr b;Ljubljana;Belgr d;B;ORSZµGOK
Kit tekintenek a k”zmeg llapod s szerint az Ili sz ‚s az Odsszeia szerz‹j‚nek?;Anakre¢nt;Hom‚roszt;Xenoph¢nt;Aiszkhloszt;B;IRODALOM
Melyik magyar eredetû az al bbi n‹i nevek k”zl?;Katalin;Ilona;M ria;Emese;D;NYELV
Mi a c¡me S nta Ferenc ismert mûv‚nek?;T¡z nap;M‚g ”t perc;H£sz ¢ra;Csak n‚h ny ‚v;C;IRODALOM
Mi N¢gr d megye sz‚khelye?;Balassagyarmat;Eger;Salg¢tarj n;N¢gr d;C;F™LDRAJZ
Milyen krtnek nevezik az oboa egyik rokon t?;angol;n‚met;francia;orosz;A;OPERA
Milyen z szl¢val jelzik a futam v‚g‚t a Forma-1-es versenyeken?;p”tty”s;cs¡kos;feh‚r;kock s;D;SPORT
Melyik afrikai orsz g nem a F”ldk”zi-tenger partj n fekszik?;Alg‚ria;Tun‚zia;L¡bia;Kenya;D;F™LDRAJZ
"Mi a c¡me Munk csi Mikl¢s sz¡npadi mûv‚nek: ""Mindhal lig ?""";Ill‚s;Beatles;Rolling Stones;Metro;B;ZENE
Melyik sport gban lehet tripla Lutzot ugrani?;atl‚tika;mûugr s;d¡jlovagl s;mûkorcsolya;D;SPORT
Melyik ‚lelmiszer a habcs¢k egyik alapanyaga?;liszt;toj sfeh‚rje;tej;‚leszt‹;B;KONYHA
Kit szem‚lyes¡tett meg Gerard Depardieu az 1492 - A paradicsom megh¢d¡t sa c¡mû filmben?;James Cookot;Magell nt;Kolumbuszt;Amerigo Vespuccit;C;FILM
Milyen b£tordarabot volt szok s k‚sz¡teni a Luca napj val kezd‹d‹ id‹szakban?;kom¢dot;sifon‚rt; gyat;sz‚ket;D;µLTALµNOS
Mi a neve az Alfonz¢ j tszotta fagylaltosnak a Kem‚nykalap ‚s krumpliorr c¡mû fillmben?;Balu;Bagira;Bagam‚ri;Bagaria;C;FILM
Mit‹l f‚l az, akinek agoraf¢bi ja van?;magass gt¢l;p¢kokt¢l;v¡zt‹l;ny¡lt terekt‹l;D;NYELV
"Melyik foly¢t ""zen‚s¡tette meg"" Smetana Haz m c¡mû szimfonikus sorozat ban?";Elba;Moldva;Duna;Volga;B;OPERA
Melyik megy‚vel nem hat ros B‚k‚s megye?;Csongr d;Baranya;J sz-Nagykun-Szolnok;Hajd£-Bihar;B;F™LDRAJZ
"Melyik v rosban tart¢zkodik az ""olasz n‹"" Rossini v¡goper j ban?";Alg¡rban;R¢m ban;Bagdadban;P rizsban;A;OPERA
Kiknek a halhatatlans got ad¢ eledele volt az ambr¢zia?;olmposzi istenek;egyiptomi f ra¢k;gall druid k;viking h‹s”k;A;T™RTNELEM
Melyik tudom ny g atyj nak tekintik Hippokrat‚szt?;t”rt‚net¡r s;orvostudom ny; br zol¢ geometria;csillag szat;B;TUDOMµNY
Ki tal lta fel a fonogr fot?;Thomas Edison;Benjamin Franklin;Pusk s Tivadar;Robert Fulton;A;TECHNIKA
Az Egyeslt Kir lys g tagjai k”zl melyik nem ugyanazon a szigeten tal lhat¢?;Anglia;Sk¢cia;Wales;szak-Örorsz g;D;F™LDRAJZ
Melyik foglalkoz s k‚pvisel‹i haszn lj k a Davy-l mp t?;tûzolt¢k;b ny szok;sz¡n‚szek;haj¢sok;B;µLTALµNOS
Kinek a feles‚ge J£n¢ a r¢mai mitol¢gi ban?;Zeusz;Mercurius;Jupiter;Mars;C;VALLµS
Hogyan nevezik az er‹s ig‚nybev‚telt‹l fell‚p‹ csonth rtyagyullad st, az epikondilitiszt?;atl‚tak”ny”k;buny¢sk”ny”k;teniszk”ny”k;szkanderk”ny”k;C;BIOLàGIA
Melyik filmrendez‹nk k‚sz¡t rajzfilmeket?;Szab¢ Istv n;Bacs¢ P‚ter;Dargay Attila;S ndor P l;C;FILM
Melyik hegys‚gnkben tal lhat¢ Galyatet‹?;B”rzs”ny;M tra;Pilis;Bkk;B;F™LDRAJZ
Mit kerget az, aki hi£  br ndok ut n fut a mond s szerint?;sziv rv nyt;vill mf‚nyt;holdsugarat;d‚lib bot;D;NYELV
Mi a neve a h¡res ifj£s gi reg‚nyben a szleiket £jra ”sszeboron l¢ ikerp rnak?;Luisa ‚s Britta;Lotte ‚s Luise;Brigitte ‚s Lotte;Odett ‚s Gitte;B;IRODALOM
"Melyik ‚nekesn‹ megzen‚s¡tett verseket tartalmaz¢ albuma a ""Kert‚sz leszek""?";Katona Kl ri;Cserh ti Zsuzsa;Konc Zsuzsa;Kov cs Kati;C;ZENE
Melyik ‚nekes j tszotta az egyik f‹szerepet Szomjas Gy”rgy Kopaszkutya c¡mû filmj‚ben?;Charlie;µkos;De k Bill Gyula;Kiki;C;FILM
Milyen rokona valakinek a n szura?;keresztapja;ap¢sa;gyermeke ap¢sa;s¢gora;C;NYELV
Hogy h¡vj k Tutajos ”reg bar tj t Fekete Istv n Tskev r c¡mû reg‚ny‚ben?;Goriot ap¢;Dzsepett¢ mester;Csoszogi, az ”reg suszter;Matula b csi;D;IRODALOM
Milyen di kr¢l ¡rt operettet Karl Mill”cker?;v ndor;garabonci s;koldus;”reg;C;OPERA
Melyik mese alapj n k‚szlt Steven Spielberg Hook c¡mû filmje?;Peter Pan;A k‚k mad r;Robin Hood;Pinocchio;A;FILM
Melyik mûv‚szeti terleten v lt h¡ress‚ Csortos Gyula?;zeneszerz‹k‚nt;fest‹k‚nt;szobr szk‚nt;sz¡n‚szk‚nt;D;MëVSZET
Ki rendezte a Kisvilma - Az utols¢ napl¢ c¡mû filmet?;Makk K roly;Bacs¢ P‚ter;De k Krisztina;M‚sz ros M rta;D;FILM
A Naprendszer melyik bolyg¢ja van legt volabb a Napt¢l?;Neptunusz;Jupiter;Pl£t¢;Szaturnusz;C;TUDOMµNY
Mi az eredeti foglalkoz sa Pelik n J¢zsefnek, A tan£ c¡mû film f‹h‹s‚nek?;kalauz;mozdonyvezet‹;g t‹r;koh sz;C;FILM
Mit vesz, aki bourbont v s rol?;pezsg‹t;whiskey-t;csokol d‚t;liliomot;B;NYELV
Melyik orsz gb¢l ered a cselg ncs?;Thaif”ld;Jap n;K¡na;Korea;B;SPORT
Melyik Balaton-parti telepl‚sen l togathat¢ meg a J¢zsef Attila Eml‚km£zeum?;Si¢fok;Balatonsz rsz¢;Balatonfred;Balatonszemes;B;MAGYARORSZµG
Melyik mai orsz g terlet‚n tal lhat¢ Segesv r?;Szlov kia;Rom nia;Horv torsz g;Ukrajna;B;F™LDRAJZ
Melyik v rosban tal lhat¢ a Bibli ban is szerepl‹ Getszem ni kert?;Jeruzs lemben;Betlehemben;Jerik¢ban;N z retben;A;VALLµS
Milyen eredetû fegyver a katyusa?;n‚met;szovjet;angol;amerikai;B;T™RTNELEM
Hol j tsz¢dik a Sz ll a kakukk f‚szk‚re c¡mû film?;mad rh zban;elmegy¢gyint‚zetben;erd‹ben;b”rt”nben;B;FILM
Mi a rangja Maric nak K lm n Imre operettj‚ben?;gr¢fn‹;hercegn‹;b r¢n‹;kir lyn‹;A;OPERA
"Eg‚sz¡tse ki Umberto Eco vil gh¡rû krimij‚nek a c¡m‚t! ""A r¢zsa ?""";illata;t”vise;sz¡ne;neve;D;IRODALOM
Mi a c¡me a Dustin Hoffman f‹szerepl‚s‚vel k‚szlt filmv¡gj t‚knak?;K‚kharisnya;Cicam¢kus;Cukorbaba;Aranyosk m;D;FILM
Minek a fantomja a h¡res filmh‹s Belph‚gor?;Big Ben;Tower;Bastille;Louvre;D;FILM
Kinek a le nya volt Pallasz Ath‚n‚ a mitol¢gi ban?;Odsszeusz;Zeusz;Herkules;Prom‚theusz;B;VALLµS
H ny Nobel-d¡j  tad son vett r‚szt az alap¡t¢, Alfred Nobel?;csak az els‹n;”t”n;tizen;egyen sem;D;TUDOMµNY
Melyik a stukk¢k‚sz¡t‚s egyik alapanyaga az al bbiak k”zl?;feny‹fa;vas;gipsz;r‚z;C;PÖTSZET
Ki alak¡tja Obelixet az Asterix ‚s Obelix c¡mû filmben?;Jean-Paul Belmondo;Gerard Depardieu;Claude Brasseur;Philippe Noiret;B;FILM
Ki a f‹szerepl‹je a Nicsak, ki besz‚l! c¡mû filmv¡gj t‚knak?;Danny DeVito;Jim Carrey;John Travolta;Tony Curtis;C;FILM
Mit vezetnek be, amikor kihirdetik a stat riumot?;£j nemzeti nnepet;r”gt”n¡t‚l‹ b¡r skod st;‚lelmez‚si jegyrendszert; llamos¡t st;B;T™RTNELEM
Melyik egy vil gh¡rû Offenbach-eperett c¡me?;Sz‚p Hel‚na;Teh‚nszemû H‚ra;Hatalmas Aphrodit‚;V‚n Eur¢pa;A;OPERA
Melyik konyhakerti n”v‚nyt termesztik ehet‹ vir gzat ‚rt?;retek;zeller;karfiol;fejes k‚poszta;C;BIOLàGIA
Az al bbiak k”zl melyiket nevezi a jog corpus delictinek?;a v dlottat;az gyv‚det;a bûnjelet;az ¡t‚letet;C;µLTALµNOS
Melyik £sz snemben szerzett arany‚rmet Egerszegi Krisztina az 1996-os atlantai olimpi n?;h t£sz sban;vegyes£sz sban;mell£sz sban;gyors£sz sban;A;SPORT
Melyik vall s temploma a zsinag¢ga?;katolikus;iszl m;zsid¢;buddhista;C;VALLµS
Melyik kedves  llatot nevezik bambuszmedv‚nek is?;mal j medve;mos¢medve;koala;panda;D;BIOLàGIA
Kit sz¢l¡t fel L z r Ervin mesek”nyv‚nek c¡m‚ben arra, hogy j”jj”n haza?;Bruckner Szigfridet;D”md”d”m”t;Mikkamakk t;L¢ Szerafint;C;IRODALOM
Kit  br zol Fadrusz J nos Kolozsv rott  ll¢ lovas szobra?;Budai Nagy Antalt;D¢zsa Gy”rgy”t;M ty s kir lyt;Szapolyai J nost;C;T™RTNELEM
Melyik v rosunkban tekinthet‹ meg a G rdonyi G‚za Eml‚km£zeum?;K‹szeg;Eger;Szigetv r;Kom rom;B;MAGYARORSZµG
Kit h¡vtak r‚gen handl‚nak?;a gyepmestert;a h zmestert;az ¢szerest;a tisztiszolg t;C;NYELV
Melyik nnepet el‹zi meg k”zvetlenl a vir gvas rnap?;gyertyaszentel‹t;h£sv‚tot;pnk”sd”t;kar csonyt;B;VALLµS
"Ki a szerz‹je az al bbi soroknak? ""Ki g‚pen sz ll f”l‚be, annak t‚rk‚p e t j ?""";V”r”smarty Mih ly;Ady Endre;J¢zsef Attila;Radn¢ti Mikl¢s;D;IRODALOM
"Hogyan folytat¢dik az ismert V”r”smarty-id‚zet? ""Ez j¢ mulats g, ?!""";der‚k dolog volt;r”pke j t‚k volt; ldott ‚let volt;f‚rfi munka volt;D;IRODALOM
Melyik sz¢ ¡r sm¢dja helytelen?;rev;der;k ty£;tan£;B;NYELV
"Milyen ""j‚g"" szerepel Steven Seagal akci¢filmj‚nek c¡m‚ben?";l ngol¢;karat‚z¢;£sz¢;olvad¢;A;FILM
Melyik n‚vp r tartozik az egykori szovjet politikushoz, Hruscsovhoz?;Vlagyimir Iljics;Joszif Viszarionovics;Nyikita Szergejevics;Leonyid Iljics;C;T™RTNELEM
Melyik sz¢ ¡r sm¢dja helytelen a magyar szab lyok szerint?;differencia;pudding;akvarell;intelligens;B;NYELV
Mi a cotangens matematikai kifejez‚s hivatalos, sz¢t r szerinti r”vid¡t‚se?;c;cg;ctg;ctng;C;TUDOMµNY
Ki az alvil g g”r”g isten‚nek, H d‚sznak a r¢mai megfelel‹je?;Pollux;Pygmalion;Pluto;Pallasz;C;VALLµS
Kik tal lkoztak eredetileg a dzsemborikon?;diplomat k;cserk‚szek;ûrkutat¢k;filmmûv‚szek;B;µLTALµNOS
Milyen ‚tel a baklava?;b r nyslt;stem‚ny;leves;kecskesajt;B;KONYHA
Ki rendezte a Foglalkoz sa: riporter c¡mû filmet?;Roman Polanski;Francois Truffaut;Francis Ford Coppola;Michelangelo Antonioni;D;FILM
Milyen s¡pnak nevezt‚k a t rogat¢t?;cs ng¢;pol k;sz‚kely;t”r”k;D;OPERA
Melyik  llat p rosujj£ pat s az al bbiak k”zl?;orrszarv£;l¢;szam r;sert‚s;D;BIOLàGIA
"Mi a c¡me Bacs¢ P‚ter filmj‚nek: ""Te rongyos ?""";p‚nz;‚let;kapca;l‚lek;B;FILM
Melyik v ros nevezetess‚ge volt a XVII. sz zad elej‚n a Globe Sz¡nh z?;Berlin;Lisszabon;P rizs;London;D;SZÖNHµZ
"Mi a c¡me a Sophia Loren f‹szerepl‚s‚vel k‚szlt h¡res filmnek: ""Egy asszony ?""";meg a f‚rje;meg a l nya;‚s egy ember;illata;B;FILM
Honnan kapta elnevez‚s‚t az ‚benfekete sz¡n?;egy ‚desv¡zi halr¢l;egy tr¢pusi f r¢l;egy mitikus h‹sr‹l;egy k v‚cserj‚r‹l;B;NYELV
Mi az aszkorbinsav k”zismert neve?;aminosav;s¢sav;C-vitamin;met n;C;TUDOMµNY
"Mi a c¡me Steven Spielberg filmj‚nek: ""Indiana Jones ‚s a v‚gzet ?""";asszonya;temploma;hatalma;ostora;B;FILM
Melyik f”ldr‚szen tal lhat¢ Szv zif”ld?;Afrika;Ausztr lia ‚s àce nia;µzsia;D‚l-Amerika;A;F™LDRAJZ
Kivel k‚szl interj£ Tom Cruise ‚s Brad Pitt k”z”s filmj‚ben?;m£mi val;v mp¡rral;farkasemberrel;g¢lemmel;B;FILM
Ki volt Delila kedvese a Bibli ban?;D vid;S mson;M¢zes;J¢zsef;B;VALLµS
Mely  llam orsz ggyûl‚se a duma?;Bulg ria;Lengyelorsz g;Oroszorsz g;Rom nia;C;µLTALµNOS
Mire haszn lt k a n‹k a XIX. sz zadban a vigan¢t?;ruhak‚nt hordt k;f‹ztek benne;”sszej”vetelek tart s ra;zen‚l‚sre;A;NYELV
Ki volt az Antall-korm ny honv‚delmi minisztere?;Jeszenszky G‚za;Fr Lajos;Keleti Gy”rgy;Szabad Gy”rgy;B;T™RTNELEM
Milyen nemzetis‚gû volt Ayrton Senna,a tragikus k”rlm‚nyek k”z”tt elhunyt Forma 1-es pil¢ta?;spanyol;argentin;olasz;brazil;D;SPORT
Mivel k‚pesek mozogni egyes egysejtûek?;kaccsal;ind val;csill¢val;cs ppal;C;BIOLàGIA
Melyik egy k tyaj t‚k sor n haszn lt kifejez‚s?;banz j;bugi;buli;muri;C;JµTK
Melyik orsz g terlet‚n tal lhat¢ Fokf”ld?;Argent¡na;Ausztr lia;D‚l-afrikai K”zt rsas g;India;C;F™LDRAJZ
Melyik megy‚nkben tal lhat¢ a hagym j r¢l h¡res Mak¢ v rosa?;Heves;B cs-Kiskun;Csongr d;Hajd£-Bihar;C;MAGYARORSZµG
Melyik nem f‚lsziget az al bbiak k”zl?;Kr¡m;Balk n;Labrador;Gr”nland;D;F™LDRAJZ
Kiket l tunk a putt¢kat  br zol¢ k‚pz‹mûv‚szeti alkot sokon?;szretel‹ munk sokat;mitol¢giai sz”rnyeket;puf¢k angyalokat;¢kereszt‚ny v‚rtan£kat;C;KPZŠMëVSZET
Kiknek a gylekez‹- ‚s temetkez‹helyei voltak a katakomb k?;egyiptomi rabszolg k;els‹ kereszt‚nyek;r¢mai arisztokrat k;k”z‚pkori szerzetesek;B;T™RTNELEM
Melyik  llat nem k‚r‹dz‹?;kecske;zsir f;tap¡r;szarvasmarha;C;BIOLàGIA
Melyik egy fûr‚szt¡pus?;r¢kafark£;vizslasz‹rû;macskabajsz£;eg‚rfog£;A;µLTALµNOS
Mit neveznek Oroszorsz gban d cs nak?;von¢s hangszert;nyaral¢t;k‚tlovas sz nt;szib‚riai r¢k t;B;NYELV
Melyik p ly n rendezik meg a Forma 1-es versenyaut¢k Olasz Nagyd¡j t?;Interlagos;Monza;Imola;Monte Carlo;B;SPORT
Mely telepl‚s nevezetess‚ge a R k¢czi-v r?;Eperjes;S rospatak;K‚sm rk;B rtfa;B;MAGYARORSZµG
Hogyan halt meg Danton?;utcai harcokban elesett;balesetet szenvedett;kiv‚gezt‚k;megm‚rgezt‚k;C;T™RTNELEM
Melyik v ros kapta meg a 2008. ‚vi ny ri olimpiai j t‚kok rendez‚si jog t?;Toronto;P rizs;Ath‚n;Peking;D;SPORT
Hogyan nevezik az ‹skort¢l haszn lt, haz nkbon is  tvezet‹ kereskedelmi £tvonalat?;kender£t;borosty n£t;selyem£t;‚rc£t;B;T™RTNELEM
Melyik nem Tisza-parti v ros az al bbiak k”zl?;Tokaj;Z hony;Kisk”re;J szber‚ny;D;F™LDRAJZ
Melyik tengerben vagy ¢ce nban tal lhat¢ Mallorca szigete?;F”ldk”zi-tenger;Csendes-¢ce n;Adriai-tenger;Atlanti-¢ce n;A;F™LDRAJZ
Kinek a h¡v s ra t‚r haza B nk b n a dr ma elej‚n?;Gertr£d;Melinda;Pet£r b n;Tiborc;C;IRODALOM
Mi a klubsz¡ne az éjpesti TE sportegyesletnek?;k‚k-feh‚r;piros-k‚k;z”ld-feh‚r;lila-feh‚r;D;SPORT
"Melyik egyttes ‚nekelt a ""R‚gi csib‚szek""-r‹l?";Ill‚s;Gener l;Omega;Hung ria;C;ZENE
Melyik mai  llam terlet‚n tal lhat¢ a h¡res romv ros, Machu Picchu?;Kolumbia;Peru;Chile;Braz¡lia;B;T™RTNELEM
Melyik szervnk fert‹z‹ betegs‚ge a hepatitis?;sz¡v;vese;td‹;m j;D;BIOLàGIA
"Melyik egyttes nagy sl gere volt a ""Yesterday"" c¡mû dal?";Beatles;Rolling Stones;Bee Gees;Beach Boys;A;ZENE
"A Naprendszer melyik ‚gitest‚t nevezik ""v”r”s bolyg¢nak""?";Jupiter;V‚nusz;Mars;Merk£r;C;TUDOMµNY
Hol t rolja a sz m¡t¢g‚p a programokat?;a memoriterben;a mem¢ri ban;a memo rban;a memorandumban;B;TECHNIKA
Melyik k‚miai elem latin elnevez‚se a karbon?;k lcium;sz‚n;k‚n;r‚z;B;TUDOMµNY
Melyik h‹s szerep‚t j tszotta el filmen George Clooney?;Robin Hood;Batman;Dick Tracy;Superman;B;FILM
Melyik orsz ghoz tartozik Korfu szigete?;Olaszorsz g;T”r”korsz g;Spanyolorsz g;G”r”gorsz g;D;F™LDRAJZ
Mit neveztek eleink  rend nak?;papi ruh t;v‚kony gerend t;haszonb‚rletet;csend‹rs‚get;C;NYELV
Melyik f‚m latin neve az aurum?;arany;alum¡nium;ezst;r‚z;A;TUDOMµNY
Melyik egyttes tartotta b£cs£koncertj‚t a Nyugati p lyaudvaron?;Piramis;Fonogr f;Lokomotiv GT;V' Moto-Rock;C;ZENE
Hogy nevezik a kukorica porz¢s vir gzat t?;c¡mer;csuh‚;gub¢;bajusz;A;BIOLàGIA
Hogyan akar t rsaival kapcsolatot l‚tes¡teni E.T. a filmben?;e-mailt kld;hazatelefon l;SMS-ezik;ûrpalackpost val;B;FILM
Milyen fegyvert neveztek flint nak?;vad szt‹rt;revolvert;pusk t; gy£t;C;TECHNIKA
"Melyik mai orsz g terlet‚n tal lhat¢ a ""feh‚r asszony r¢l"" is nevezetes L‹cse v rosa?";Horv torsz g;Rom nia;Szlov‚nia;Szlov kia;D;F™LDRAJZ
Melyik budapesti sz¡nh z‚plet nem ugyanabban az utc ban  ll?;Budapesti Operettsz¡nh z;Mikroszk¢p Sz¡npad;Radn¢ti Sz¡nh z;V¡gsz¡nh z;D;SZÖNHµZ
Minek az ‚p¡t‚s‚hez kapcsol¢dik egy vil grasz¢l¢ francia botr ny?;Szuezi-csatorna;Panama-csatorna;Eiffel-torony;Pompidou-k”zpont;B;µLTALµNOS
"Minek a ""rom nca"" szerepel Michael Douglas kalandfilmj‚nek c¡m‚ben?";smaragd;rubint;gy‚m nt;gy”ngy;A;FILM
Melyik velnk szomsz‚dos  llamba vezet‹ vas£ti hat r llom s Szob?;Horv torsz g;Szlov kia;Rom nia;Szlov‚nia;B;F™LDRAJZ
Mi a c¡me Rodolf¢ egyik k”nyv‚nek?;Vigy zat, csalok!;Az ill£zi¢ a szerelmem;Vigy zat, k pr zat!;Csak a kezemet figyelj‚k!;A;µLTALµNOS
Melyik s¡kidom az al bbiak k”zl?;henger;g£la;trap‚z;has b;C;TUDOMµNY
Milyen k‹ szerepel az ismert Ady-vers c¡m‚ben?;f”l-f”ldobott;kisz radt k£tba hull¢;foly¢v¡z csiszolta;tûzcsihol¢;A;IRODALOM
Melyik egy h¡res londoni sz¡nh z‚plet neve?;Uncle Sam;Old Vic;Old Black Joe;Old McDonnald;B;SZÖNHµZ
Mib‹l k‚sz¡tik a kasm¡rt?;szarvasb‹rb‹l;gyapj£b¢l;selyemb‹l;k¡gy¢b‹rb‹l;B;BIOLàGIA
Melyik sz¡n‚szn‹vel k‚sz¡tett k”z”s lemezt Kern Andr s?;Udvaros Dorottya;Hern di Judittal;Eszenyi Enik‹vel;B sti Julival;B;µLTALµNOS
Melyik orsz ghoz k”thet‹ a Ku-Klux-Klan tev‚kenys‚ge?;Amerikai Egyeslt µllamok;Olaszorsz g;D‚l-afrikai K”zt rsas g;Jap n;A;µLTALµNOS
Melyik mai orsz g terlet‚n tal lhat¢ Beszterceb nya?;Szlov kia;Ukrajna;Csehorsz g;Szlov‚nia;A;ORSZµGOK
Melyik Eur¢pa leghosszabb foly¢ja?;Volga;Rajna;Elba;Duna;A;F™LDRAJZ
A Heti Hetes melyik szt rja j tssza A kutya, akit Bozzi £rnak h¡vtak c¡mû darab f‹szerep‚t?;Havas Henrik;J ks¢ L szl¢;Verebes Istv n;Bajor Imre;C;SZÖNHµZ
Melyik v ros ismert sz¢rakoz¢negyede a Soho?;Toki¢;P rizs;London;Berlin;C;ORSZµGOK
Milyen csal di k”tel‚k fûzte Lisztet Wagnerhez?;ap¢sa;s¢gora;unokatestv‚re;nagyb tyja;A;OPERA
Mit csin l a fodr sz a hajjal, amikor stuccolja?;festi;balzsamozza;v gja;besz r¡tja;C;µLTALµNOS
Milyen c¡mmel nem k‚sz¡tett filmet Jancs¢ Mikl¢s?;Csend ‚s ki lt s;Old s ‚s k”t‚s;Suttog sok ‚s sikolyok;Csillagosok, katon k;C;FILM
Melyik megy‚nkben tal lhat¢ G”csej nevû t jegys‚g?;B cs-Kiskun;Somogy;Zala;B‚k‚s;C;MAGYARORSZµG
H ny j t‚kos kzd egy csapatb¢l egyszerre a v¡zilabd ban?;5;6;7;8;C;SPORT
Melyik sz zadban uralkodott III. B‚la?;10.;12.;14.;16.;B;T™RTNELEM
Melyik orsz gban ‚lnek a flamandok ‚s a vallonok?;Franciaorsz g;Belgium;N‚metorsz g;D nia;B;ORSZµGOK
Mit eszik, aki smarnit falatozik?;rizsfelf£jtat;slt burgony t;cs sz rmorzs t;fst”lt halat;C;KONYHA
Kinek a feles‚ge volt Jos‚phine de Beauharnais?;XIV. Lajos;XVI. Lajos;I. Nap¢leon;III. Nap¢leon;C;T™RTNELEM
Kit form lt meg Bordogi Gyula Mller P‚ter Szomor£ vas rnap c¡mû darabj nak f‹szerepl‹jek‚nt?;Dank¢ Pist t;Rig¢ Jancsit;Seress Rezs‹t;K lm n Imr‚t;C;SZÖNHµZ
Mi a gr‚pfr£t magyar elnevez‚se?;citrancs;citr t;citranella;citron t;A;BIOLàGIA
Mi l that¢ az ”tforintos ‚rm‚n az al bbiak k”zl?;mad r;c¡mer;vir g;z szl¢;A;µLTALµNOS
Milyen  llatokkal kzd meg Bambi a Disney-rajzfilmben?;farkasokkal;kuty kkal;medv‚kkel;pum kkal;B;FILM
Milyen mester n‚ven ismerk egy fest‹t, akinek csak a monogramja maradt fenn?;M. E.;S. K.;M. S.;S. M. S;C;KPZŠMëVSZET
